chrom,start,end,peak_count,files,ENCFF001XDC.bed.gz,ENCFF001XDB.bed.gz,ENCFF001SWO.bed.gz,TF_TSS_10kb_named.bed
chr7,148953,149151,4,"1,2,3,4",1,1,1,1
chr7,191623,195837,4,"1,2,3,4",1,1,1,1
chr7,197009,197191,4,"1,2,3,4",1,1,1,1
chr7,219377,219386,4,"1,2,3,4",1,1,1,1
chr7,219587,219905,4,"1,2,3,4",1,1,1,1
chr7,372832,373216,4,"1,2,3,4",1,1,1,1
chr7,373374,373547,4,"1,2,3,4",1,1,1,1
chr7,381778,381859,4,"1,2,3,4",1,1,1,1
chr7,382354,382508,4,"1,2,3,4",1,1,1,1
chr7,382841,383210,4,"1,2,3,4",1,1,1,1
chr7,388081,388638,4,"1,2,3,4",1,1,1,1
chr7,474784,476205,4,"1,2,3,4",1,1,1,1
chr7,495429,495572,4,"1,2,3,4",1,1,1,1
chr7,500080,500956,4,"1,2,3,4",1,1,1,1
chr7,501128,501384,4,"1,2,3,4",1,1,1,1
chr7,512014,512097,4,"1,2,3,4",1,1,1,1
chr7,520579,520661,4,"1,2,3,4",1,1,1,1
chr7,524089,524265,4,"1,2,3,4",1,1,1,1
chr7,524613,525045,4,"1,2,3,4",1,1,1,1
chr7,525333,525534,4,"1,2,3,4",1,1,1,1
chr7,543510,543799,4,"1,2,3,4",1,1,1,1
chr7,556711,559060,4,"1,2,3,4",1,1,1,1
chr7,559627,559943,4,"1,2,3,4",1,1,1,1
chr7,561799,561805,4,"1,2,3,4",1,1,1,1
chr7,561989,562289,4,"1,2,3,4",1,1,1,1
chr7,593185,593542,4,"1,2,3,4",1,1,1,1
chr7,985721,986018,4,"1,2,3,4",1,1,1,1
chr7,992653,994307,4,"1,2,3,4",1,1,1,1
chr7,996730,997940,4,"1,2,3,4",1,1,1,1
chr7,1002757,1004283,4,"1,2,3,4",1,1,1,1
chr7,1012935,1017339,4,"1,2,3,4",1,1,1,1
chr7,1017722,1018333,4,"1,2,3,4",1,1,1,1
chr7,1021832,1024516,4,"1,2,3,4",1,1,1,1
chr7,1030513,1032833,4,"1,2,3,4",1,1,1,1
chr7,1033060,1033206,4,"1,2,3,4",1,1,1,1
chr7,1055355,1055460,4,"1,2,3,4",1,1,1,1
chr7,1055546,1055612,4,"1,2,3,4",1,1,1,1
chr7,1066796,1069102,4,"1,2,3,4",1,1,1,1
chr7,1083346,1084008,4,"1,2,3,4",1,1,1,1
chr7,1084242,1085592,4,"1,2,3,4",1,1,1,1
chr7,1275759,1276036,4,"1,2,3,4",1,1,1,1
chr7,1465374,1465813,4,"1,2,3,4",1,1,1,1
chr7,1468406,1469319,4,"1,2,3,4",1,1,1,1
chr7,1498655,1499065,4,"1,2,3,4",1,1,1,1
chr7,1499477,1501716,4,"1,2,3,4",1,1,1,1
chr7,1501890,1502045,4,"1,2,3,4",1,1,1,1
chr7,1505942,1506914,4,"1,2,3,4",1,1,1,1
chr7,1541963,1541974,4,"1,2,3,4",1,1,1,1
chr7,1542344,1544572,4,"1,2,3,4",1,1,1,1
chr7,1545991,1546080,4,"1,2,3,4",1,1,1,1
chr7,1546402,1546791,4,"1,2,3,4",1,1,1,1
chr7,1547122,1547237,4,"1,2,3,4",1,1,1,1
chr7,1559793,1560808,4,"1,2,3,4",1,1,1,1
chr7,1563014,1563689,4,"1,2,3,4",1,1,1,1
chr7,1570069,1570237,4,"1,2,3,4",1,1,1,1
chr7,1570392,1573508,4,"1,2,3,4",1,1,1,1
chr7,1576067,1577656,4,"1,2,3,4",1,1,1,1
chr7,1608616,1611029,4,"1,2,3,4",1,1,1,1
chr7,1690693,1690738,4,"1,2,3,4",1,1,1,1
chr7,1781394,1782387,4,"1,2,3,4",1,1,1,1
chr7,1782772,1782866,4,"1,2,3,4",1,1,1,1
chr7,1843087,1843241,4,"1,2,3,4",1,1,1,1
chr7,1851538,1851584,4,"1,2,3,4",1,1,1,1
chr7,1851740,1851965,4,"1,2,3,4",1,1,1,1
chr7,2280302,2280406,4,"1,2,3,4",1,1,1,1
chr7,2280824,2283035,4,"1,2,3,4",1,1,1,1
chr7,2351918,2351949,4,"1,2,3,4",1,1,1,1
chr7,2352373,2352451,4,"1,2,3,4",1,1,1,1
chr7,2353122,2354625,4,"1,2,3,4",1,1,1,1
chr7,2392665,2392798,4,"1,2,3,4",1,1,1,1
chr7,2392955,2396857,4,"1,2,3,4",1,1,1,1
chr7,2439670,2440184,4,"1,2,3,4",1,1,1,1
chr7,2440997,2441150,4,"1,2,3,4",1,1,1,1
chr7,2442521,2443060,4,"1,2,3,4",1,1,1,1
chr7,2443283,2444785,4,"1,2,3,4",1,1,1,1
chr7,2511180,2511322,4,"1,2,3,4",1,1,1,1
chr7,2518597,2518739,4,"1,2,3,4",1,1,1,1
chr7,2550404,2551447,4,"1,2,3,4",1,1,1,1
chr7,2555898,2555975,4,"1,2,3,4",1,1,1,1
chr7,2558712,2559084,4,"1,2,3,4",1,1,1,1
chr7,2559687,2561463,4,"1,2,3,4",1,1,1,1
chr7,2561695,2563795,4,"1,2,3,4",1,1,1,1
chr7,2669522,2670519,4,"1,2,3,4",1,1,1,1
chr7,2670869,2671343,4,"1,2,3,4",1,1,1,1
chr7,2671646,2674393,4,"1,2,3,4",1,1,1,1
chr7,2674978,2675544,4,"1,2,3,4",1,1,1,1
chr7,2675695,2676004,4,"1,2,3,4",1,1,1,1
chr7,2676162,2676472,4,"1,2,3,4",1,1,1,1
chr7,2677105,2677348,4,"1,2,3,4",1,1,1,1
chr7,2677520,2677522,4,"1,2,3,4",1,1,1,1
chr7,2677825,2678126,4,"1,2,3,4",1,1,1,1
chr7,2718903,2719071,4,"1,2,3,4",1,1,1,1
chr7,2733069,2733158,4,"1,2,3,4",1,1,1,1
chr7,2733363,2733708,4,"1,2,3,4",1,1,1,1
chr7,2733910,2734100,4,"1,2,3,4",1,1,1,1
chr7,2841135,2841197,4,"1,2,3,4",1,1,1,1
chr7,2842397,2843605,4,"1,2,3,4",1,1,1,1
chr7,2845412,2845530,4,"1,2,3,4",1,1,1,1
chr7,2897303,2897372,4,"1,2,3,4",1,1,1,1
chr7,2900136,2900431,4,"1,2,3,4",1,1,1,1
chr7,2902480,2904368,4,"1,2,3,4",1,1,1,1
chr7,2910338,2910664,4,"1,2,3,4",1,1,1,1
chr7,2943341,2944271,4,"1,2,3,4",1,1,1,1
chr7,3082640,3082903,4,"1,2,3,4",1,1,1,1
chr7,3300078,3300183,4,"1,2,3,4",1,1,1,1
chr7,3339926,3340584,4,"1,2,3,4",1,1,1,1
chr7,3340852,3341216,4,"1,2,3,4",1,1,1,1
chr7,3341384,3342752,4,"1,2,3,4",1,1,1,1
chr7,3416970,3417262,4,"1,2,3,4",1,1,1,1
chr7,3418223,3418603,4,"1,2,3,4",1,1,1,1
chr7,4680952,4682341,4,"1,2,3,4",1,1,1,1
chr7,4690329,4690883,4,"1,2,3,4",1,1,1,1
chr7,4778565,4779524,4,"1,2,3,4",1,1,1,1
chr7,4784074,4784104,4,"1,2,3,4",1,1,1,1
chr7,4784291,4784784,4,"1,2,3,4",1,1,1,1
chr7,4784971,4785275,4,"1,2,3,4",1,1,1,1
chr7,5013494,5015176,4,"1,2,3,4",1,1,1,1
chr7,5184047,5184113,4,"1,2,3,4",1,1,1,1
chr7,5278306,5278517,4,"1,2,3,4",1,1,1,1
chr7,5279777,5280829,4,"1,2,3,4",1,1,1,1
chr7,5281009,5281049,4,"1,2,3,4",1,1,1,1
chr7,5465804,5470503,4,"1,2,3,4",1,1,1,1
chr7,5479298,5479522,4,"1,2,3,4",1,1,1,1
chr7,5485687,5485804,4,"1,2,3,4",1,1,1,1
chr7,5485819,5486564,4,"1,2,3,4",1,1,1,1
chr7,5526270,5526723,4,"1,2,3,4",1,1,1,1
chr7,5552265,5554647,4,"1,2,3,4",1,1,1,1
chr7,5567367,5570743,4,"1,2,3,4",1,1,1,1
chr7,5592447,5592666,4,"1,2,3,4",1,1,1,1
chr7,5594397,5596825,4,"1,2,3,4",1,1,1,1
chr7,5597295,5597979,4,"1,2,3,4",1,1,1,1
chr7,5598257,5598601,4,"1,2,3,4",1,1,1,1
chr7,5601677,5602823,4,"1,2,3,4",1,1,1,1
chr7,5610047,5610464,4,"1,2,3,4",1,1,1,1
chr7,5614069,5615090,4,"1,2,3,4",1,1,1,1
chr7,5628223,5628465,4,"1,2,3,4",1,1,1,1
chr7,5819490,5819865,4,"1,2,3,4",1,1,1,1
chr7,5820091,5821493,4,"1,2,3,4",1,1,1,1
chr7,6047073,6047238,4,"1,2,3,4",1,1,1,1
chr7,6047532,6049981,4,"1,2,3,4",1,1,1,1
chr7,6096551,6099249,4,"1,2,3,4",1,1,1,1
chr7,6330189,6330241,4,"1,2,3,4",1,1,1,1
chr7,6357587,6358033,4,"1,2,3,4",1,1,1,1
chr7,6413449,6414154,4,"1,2,3,4",1,1,1,1
chr7,6414388,6416670,4,"1,2,3,4",1,1,1,1
chr7,6416907,6417178,4,"1,2,3,4",1,1,1,1
chr7,6486530,6488161,4,"1,2,3,4",1,1,1,1
chr7,6488923,6489036,4,"1,2,3,4",1,1,1,1
chr7,6570268,6571105,4,"1,2,3,4",1,1,1,1
chr7,6576209,6576332,4,"1,2,3,4",1,1,1,1
chr7,6615172,6615174,4,"1,2,3,4",1,1,1,1
chr7,6615368,6618457,4,"1,2,3,4",1,1,1,1
chr7,6628899,6629450,4,"1,2,3,4",1,1,1,1
chr7,6629699,6630868,4,"1,2,3,4",1,1,1,1
chr7,6654378,6656241,4,"1,2,3,4",1,1,1,1
chr7,6669724,6670206,4,"1,2,3,4",1,1,1,1
chr7,6675966,6678201,4,"1,2,3,4",1,1,1,1
chr7,6698695,6699259,4,"1,2,3,4",1,1,1,1
chr7,6744401,6745142,4,"1,2,3,4",1,1,1,1
chr7,6745305,6747315,4,"1,2,3,4",1,1,1,1
chr7,6865264,6865325,4,"1,2,3,4",1,1,1,1
chr7,6865823,6866232,4,"1,2,3,4",1,1,1,1
chr7,6870680,6870685,4,"1,2,3,4",1,1,1,1
chr7,6885571,6885988,4,"1,2,3,4",1,1,1,1
chr7,8301290,8302052,4,"1,2,3,4",1,1,1,1
chr7,10978064,10981060,4,"1,2,3,4",1,1,1,1
chr7,11012297,11014765,4,"1,2,3,4",1,1,1,1
chr7,11015013,11015138,4,"1,2,3,4",1,1,1,1
chr7,12443077,12443592,4,"1,2,3,4",1,1,1,1
chr7,12677854,12678031,4,"1,2,3,4",1,1,1,1
chr7,15601315,15601527,4,"1,2,3,4",1,1,1,1
chr7,16459754,16461778,4,"1,2,3,4",1,1,1,1
chr7,16685871,16687451,4,"1,2,3,4",1,1,1,1
chr7,16687638,16688683,4,"1,2,3,4",1,1,1,1
chr7,16792916,16794665,4,"1,2,3,4",1,1,1,1
chr7,16844244,16844309,4,"1,2,3,4",1,1,1,1
chr7,16844468,16844529,4,"1,2,3,4",1,1,1,1
chr7,17029944,17030776,4,"1,2,3,4",1,1,1,1
chr7,18126157,18126513,4,"1,2,3,4",1,1,1,1
chr7,20777808,20778219,4,"1,2,3,4",1,1,1,1
chr7,20817329,20817730,4,"1,2,3,4",1,1,1,1
chr7,20824652,20827135,4,"1,2,3,4",1,1,1,1
chr7,20837101,20838206,4,"1,2,3,4",1,1,1,1
chr7,21466076,21466854,4,"1,2,3,4",1,1,1,1
chr7,21467053,21468598,4,"1,2,3,4",1,1,1,1
chr7,22122367,22123473,4,"1,2,3,4",1,1,1,1
chr7,22417582,22417985,4,"1,2,3,4",1,1,1,1
chr7,22418302,22418466,4,"1,2,3,4",1,1,1,1
chr7,22861130,22863312,4,"1,2,3,4",1,1,1,1
chr7,22893710,22895281,4,"1,2,3,4",1,1,1,1
chr7,22895670,22895700,4,"1,2,3,4",1,1,1,1
chr7,23312642,23313194,4,"1,2,3,4",1,1,1,1
chr7,23504856,23505425,4,"1,2,3,4",1,1,1,1
chr7,23506060,23514780,4,"1,2,3,4",1,1,1,1
chr7,23567693,23567885,4,"1,2,3,4",1,1,1,1
chr7,23568475,23568964,4,"1,2,3,4",1,1,1,1
chr7,23569125,23572187,4,"1,2,3,4",1,1,1,1
chr7,23572382,23572398,4,"1,2,3,4",1,1,1,1
chr7,23636717,23638306,4,"1,2,3,4",1,1,1,1
chr7,24795867,24797919,4,"1,2,3,4",1,1,1,1
chr7,25133949,25134010,4,"1,2,3,4",1,1,1,1
chr7,25135834,25136101,4,"1,2,3,4",1,1,1,1
chr7,25218972,25220542,4,"1,2,3,4",1,1,1,1
chr7,26191288,26193329,4,"1,2,3,4",1,1,1,1
chr7,26193706,26193991,4,"1,2,3,4",1,1,1,1
chr7,27135606,27137030,4,"1,2,3,4",1,1,1,1
chr7,27159227,27163578,4,"1,2,3,4",1,1,1,1
chr7,27169214,27171174,4,"1,2,3,4",1,1,1,1
chr7,27173399,27173866,4,"1,2,3,4",1,1,1,1
chr7,27175685,27176086,4,"1,2,3,4",1,1,1,1
chr7,27181284,27183421,4,"1,2,3,4",1,1,1,1
chr7,27188019,27188546,4,"1,2,3,4",1,1,1,1
chr7,27188724,27191289,4,"1,2,3,4",1,1,1,1
chr7,27191863,27192458,4,"1,2,3,4",1,1,1,1
chr7,27194661,27194796,4,"1,2,3,4",1,1,1,1
chr7,27195785,27196404,4,"1,2,3,4",1,1,1,1
chr7,27200318,27201063,4,"1,2,3,4",1,1,1,1
chr7,27203997,27204315,4,"1,2,3,4",1,1,1,1
chr7,27211339,27211550,4,"1,2,3,4",1,1,1,1
chr7,27212591,27212786,4,"1,2,3,4",1,1,1,1
chr7,27212945,27213069,4,"1,2,3,4",1,1,1,1
chr7,27231967,27232155,4,"1,2,3,4",1,1,1,1
chr7,27238561,27241306,4,"1,2,3,4",1,1,1,1
chr7,27250149,27250474,4,"1,2,3,4",1,1,1,1
chr7,27275037,27275540,4,"1,2,3,4",1,1,1,1
chr7,28962230,28962863,4,"1,2,3,4",1,1,1,1
chr7,28966373,28966885,4,"1,2,3,4",1,1,1,1
chr7,28972891,28973374,4,"1,2,3,4",1,1,1,1
chr7,28989370,28989407,4,"1,2,3,4",1,1,1,1
chr7,28995444,28996488,4,"1,2,3,4",1,1,1,1
chr7,29522874,29522922,4,"1,2,3,4",1,1,1,1
chr7,29523303,29523459,4,"1,2,3,4",1,1,1,1
chr7,29602195,29605572,4,"1,2,3,4",1,1,1,1
chr7,29606728,29606912,4,"1,2,3,4",1,1,1,1
chr7,29628481,29628932,4,"1,2,3,4",1,1,1,1
chr7,30026666,30030853,4,"1,2,3,4",1,1,1,1
chr7,30063660,30063802,4,"1,2,3,4",1,1,1,1
chr7,30064597,30069980,4,"1,2,3,4",1,1,1,1
chr7,30070284,30070482,4,"1,2,3,4",1,1,1,1
chr7,30173870,30176118,4,"1,2,3,4",1,1,1,1
chr7,30176271,30176284,4,"1,2,3,4",1,1,1,1
chr7,30294151,30294805,4,"1,2,3,4",1,1,1,1
chr7,30499299,30499344,4,"1,2,3,4",1,1,1,1
chr7,30508825,30508860,4,"1,2,3,4",1,1,1,1
chr7,30517411,30519404,4,"1,2,3,4",1,1,1,1
chr7,30519794,30519930,4,"1,2,3,4",1,1,1,1
chr7,30543031,30545324,4,"1,2,3,4",1,1,1,1
chr7,32766829,32768752,4,"1,2,3,4",1,1,1,1
chr7,32996538,32998456,4,"1,2,3,4",1,1,1,1
chr7,33100196,33100366,4,"1,2,3,4",1,1,1,1
chr7,33100663,33103555,4,"1,2,3,4",1,1,1,1
chr7,33168152,33170159,4,"1,2,3,4",1,1,1,1
chr7,35075155,35077116,4,"1,2,3,4",1,1,1,1
chr7,35077399,35078283,4,"1,2,3,4",1,1,1,1
chr7,35764733,35765105,4,"1,2,3,4",1,1,1,1
chr7,35773347,35774078,4,"1,2,3,4",1,1,1,1
chr7,35838727,35842539,4,"1,2,3,4",1,1,1,1
chr7,35842859,35843178,4,"1,2,3,4",1,1,1,1
chr7,36312693,36312869,4,"1,2,3,4",1,1,1,1
chr7,36327378,36327546,4,"1,2,3,4",1,1,1,1
chr7,36331386,36331548,4,"1,2,3,4",1,1,1,1
chr7,36331798,36332088,4,"1,2,3,4",1,1,1,1
chr7,36834653,36835184,4,"1,2,3,4",1,1,1,1
chr7,36835558,36835603,4,"1,2,3,4",1,1,1,1
chr7,37114477,37114510,4,"1,2,3,4",1,1,1,1
chr7,39605070,39607060,4,"1,2,3,4",1,1,1,1
chr7,39619980,39620056,4,"1,2,3,4",1,1,1,1
chr7,39760308,39760391,4,"1,2,3,4",1,1,1,1
chr7,39772551,39773934,4,"1,2,3,4",1,1,1,1
chr7,39949462,39949687,4,"1,2,3,4",1,1,1,1
chr7,42927152,42929131,4,"1,2,3,4",1,1,1,1
chr7,42950472,42952087,4,"1,2,3,4",1,1,1,1
chr7,43508686,43508742,4,"1,2,3,4",1,1,1,1
chr7,43766854,43766864,4,"1,2,3,4",1,1,1,1
chr7,43767209,43767462,4,"1,2,3,4",1,1,1,1
chr7,43767932,43769909,4,"1,2,3,4",1,1,1,1
chr7,43776873,43777070,4,"1,2,3,4",1,1,1,1
chr7,43874087,43874257,4,"1,2,3,4",1,1,1,1
chr7,43877978,43878353,4,"1,2,3,4",1,1,1,1
chr7,43878532,43878693,4,"1,2,3,4",1,1,1,1
chr7,43908697,43909713,4,"1,2,3,4",1,1,1,1
chr7,43944560,43944848,4,"1,2,3,4",1,1,1,1
chr7,43945014,43946848,4,"1,2,3,4",1,1,1,1
chr7,43965215,43966762,4,"1,2,3,4",1,1,1,1
chr7,44058159,44058888,4,"1,2,3,4",1,1,1,1
chr7,44059189,44059242,4,"1,2,3,4",1,1,1,1
chr7,44078849,44079003,4,"1,2,3,4",1,1,1,1
chr7,44083190,44083378,4,"1,2,3,4",1,1,1,1
chr7,44111754,44111854,4,"1,2,3,4",1,1,1,1
chr7,44121033,44121205,4,"1,2,3,4",1,1,1,1
chr7,44121630,44122186,4,"1,2,3,4",1,1,1,1
chr7,44122379,44122810,4,"1,2,3,4",1,1,1,1
chr7,44127273,44128317,4,"1,2,3,4",1,1,1,1
chr7,44140007,44141203,4,"1,2,3,4",1,1,1,1
chr7,44510103,44510258,4,"1,2,3,4",1,1,1,1
chr7,44576753,44577129,4,"1,2,3,4",1,1,1,1
chr7,44577769,44578127,4,"1,2,3,4",1,1,1,1
chr7,44578289,44578539,4,"1,2,3,4",1,1,1,1
chr7,44579181,44579207,4,"1,2,3,4",1,1,1,1
chr7,44579908,44583048,4,"1,2,3,4",1,1,1,1
chr7,44587507,44587599,4,"1,2,3,4",1,1,1,1
chr7,44612127,44614604,4,"1,2,3,4",1,1,1,1
chr7,44787330,44789773,4,"1,2,3,4",1,1,1,1
chr7,44835290,44836791,4,"1,2,3,4",1,1,1,1
chr7,44838416,44838774,4,"1,2,3,4",1,1,1,1
chr7,44885593,44887690,4,"1,2,3,4",1,1,1,1
chr7,44887939,44888773,4,"1,2,3,4",1,1,1,1
chr7,44921102,44921147,4,"1,2,3,4",1,1,1,1
chr7,44921512,44922103,4,"1,2,3,4",1,1,1,1
chr7,44922550,44922681,4,"1,2,3,4",1,1,1,1
chr7,44923222,44923244,4,"1,2,3,4",1,1,1,1
chr7,44923600,44926106,4,"1,2,3,4",1,1,1,1
chr7,44952486,44952653,4,"1,2,3,4",1,1,1,1
chr7,44952915,44952935,4,"1,2,3,4",1,1,1,1
chr7,45007355,45007668,4,"1,2,3,4",1,1,1,1
chr7,45075780,45075855,4,"1,2,3,4",1,1,1,1
chr7,45147791,45148327,4,"1,2,3,4",1,1,1,1
chr7,45149657,45149959,4,"1,2,3,4",1,1,1,1
chr7,45150176,45152326,4,"1,2,3,4",1,1,1,1
chr7,45807138,45809461,4,"1,2,3,4",1,1,1,1
chr7,45903552,45903690,4,"1,2,3,4",1,1,1,1
chr7,45904000,45904204,4,"1,2,3,4",1,1,1,1
chr7,45905395,45905761,4,"1,2,3,4",1,1,1,1
chr7,45912064,45912135,4,"1,2,3,4",1,1,1,1
chr7,45921075,45921388,4,"1,2,3,4",1,1,1,1
chr7,45959835,45960965,4,"1,2,3,4",1,1,1,1
chr7,47611939,47612119,4,"1,2,3,4",1,1,1,1
chr7,47613401,47613755,4,"1,2,3,4",1,1,1,1
chr7,47613978,47614030,4,"1,2,3,4",1,1,1,1
chr7,47615967,47616113,4,"1,2,3,4",1,1,1,1
chr7,47619519,47622271,4,"1,2,3,4",1,1,1,1
chr7,47631250,47631362,4,"1,2,3,4",1,1,1,1
chr7,47649658,47650978,4,"1,2,3,4",1,1,1,1
chr7,47662770,47662987,4,"1,2,3,4",1,1,1,1
chr7,47686984,47687558,4,"1,2,3,4",1,1,1,1
chr7,47774402,47774532,4,"1,2,3,4",1,1,1,1
chr7,47802323,47802826,4,"1,2,3,4",1,1,1,1
chr7,48031391,48031993,4,"1,2,3,4",1,1,1,1
chr7,48178424,48179622,4,"1,2,3,4",1,1,1,1
chr7,48179939,48180777,4,"1,2,3,4",1,1,1,1
chr7,50596156,50596841,4,"1,2,3,4",1,1,1,1
chr7,50850377,50850402,4,"1,2,3,4",1,1,1,1
chr7,50859197,50859302,4,"1,2,3,4",1,1,1,1
chr7,50859463,50861234,4,"1,2,3,4",1,1,1,1
chr7,50861460,50861805,4,"1,2,3,4",1,1,1,1
chr7,51382888,51385539,4,"1,2,3,4",1,1,1,1
chr7,51385786,51385831,4,"1,2,3,4",1,1,1,1
chr7,51386722,51387041,4,"1,2,3,4",1,1,1,1
chr7,55244739,55248477,4,"1,2,3,4",1,1,1,1
chr7,55248742,55248942,4,"1,2,3,4",1,1,1,1
chr7,55253539,55253713,4,"1,2,3,4",1,1,1,1
chr7,55253940,55253999,4,"1,2,3,4",1,1,1,1
chr7,55254517,55257092,4,"1,2,3,4",1,1,1,1
chr7,55346866,55347320,4,"1,2,3,4",1,1,1,1
chr7,55432332,55435540,4,"1,2,3,4",1,1,1,1
chr7,55435857,55435978,4,"1,2,3,4",1,1,1,1
chr7,55638584,55639991,4,"1,2,3,4",1,1,1,1
chr7,55640198,55641158,4,"1,2,3,4",1,1,1,1
chr7,55641388,55641466,4,"1,2,3,4",1,1,1,1
chr7,55641951,55641996,4,"1,2,3,4",1,1,1,1
chr7,55954633,55955366,4,"1,2,3,4",1,1,1,1
chr7,55955583,55956367,4,"1,2,3,4",1,1,1,1
chr7,56018459,56018820,4,"1,2,3,4",1,1,1,1
chr7,56019335,56020410,4,"1,2,3,4",1,1,1,1
chr7,56020749,56020983,4,"1,2,3,4",1,1,1,1
chr7,56064983,56065043,4,"1,2,3,4",1,1,1,1
chr7,56095859,56096113,4,"1,2,3,4",1,1,1,1
chr7,56096949,56097530,4,"1,2,3,4",1,1,1,1
chr7,56097733,56098338,4,"1,2,3,4",1,1,1,1
chr7,56098990,56102733,4,"1,2,3,4",1,1,1,1
chr7,56114488,56114849,4,"1,2,3,4",1,1,1,1
chr7,56115107,56115302,4,"1,2,3,4",1,1,1,1
chr7,56117726,56119207,4,"1,2,3,4",1,1,1,1
chr7,56119361,56121314,4,"1,2,3,4",1,1,1,1
chr7,56172621,56174473,4,"1,2,3,4",1,1,1,1
chr7,56174645,56174817,4,"1,2,3,4",1,1,1,1
chr7,64021505,64021684,4,"1,2,3,4",1,1,1,1
chr7,64022628,64024174,4,"1,2,3,4",1,1,1,1
chr7,64030111,64030741,4,"1,2,3,4",1,1,1,1
chr7,64348503,64350435,4,"1,2,3,4",1,1,1,1
chr7,64362788,64364522,4,"1,2,3,4",1,1,1,1
chr7,64419708,64419825,4,"1,2,3,4",1,1,1,1
chr7,64461895,64462115,4,"1,2,3,4",1,1,1,1
chr7,64462589,64462911,4,"1,2,3,4",1,1,1,1
chr7,64463289,64467686,4,"1,2,3,4",1,1,1,1
chr7,64498213,64498402,4,"1,2,3,4",1,1,1,1
chr7,64498680,64500769,4,"1,2,3,4",1,1,1,1
chr7,64541498,64542206,4,"1,2,3,4",1,1,1,1
chr7,64730873,64731552,4,"1,2,3,4",1,1,1,1
chr7,64733955,64735298,4,"1,2,3,4",1,1,1,1
chr7,64735473,64735532,4,"1,2,3,4",1,1,1,1
chr7,64838581,64840965,4,"1,2,3,4",1,1,1,1
chr7,64886319,64886576,4,"1,2,3,4",1,1,1,1
chr7,64940748,64940804,4,"1,2,3,4",1,1,1,1
chr7,64973959,64975280,4,"1,2,3,4",1,1,1,1
chr7,65235253,65236489,4,"1,2,3,4",1,1,1,1
chr7,65337673,65337812,4,"1,2,3,4",1,1,1,1
chr7,65338212,65339528,4,"1,2,3,4",1,1,1,1
chr7,65470746,65470817,4,"1,2,3,4",1,1,1,1
chr7,65508750,65509329,4,"1,2,3,4",1,1,1,1
chr7,65515302,65515747,4,"1,2,3,4",1,1,1,1
chr7,65516039,65516190,4,"1,2,3,4",1,1,1,1
chr7,65647534,65647620,4,"1,2,3,4",1,1,1,1
chr7,65647868,65648108,4,"1,2,3,4",1,1,1,1
chr7,65957487,65959693,4,"1,2,3,4",1,1,1,1
chr7,66000442,66001328,4,"1,2,3,4",1,1,1,1
chr7,66054915,66055104,4,"1,2,3,4",1,1,1,1
chr7,66055444,66057897,4,"1,2,3,4",1,1,1,1
chr7,66063923,66064032,4,"1,2,3,4",1,1,1,1
chr7,66064274,66064429,4,"1,2,3,4",1,1,1,1
chr7,66091986,66093717,4,"1,2,3,4",1,1,1,1
chr7,66093870,66094822,4,"1,2,3,4",1,1,1,1
chr7,66118529,66121409,4,"1,2,3,4",1,1,1,1
chr7,66204561,66207715,4,"1,2,3,4",1,1,1,1
chr7,66385339,66387686,4,"1,2,3,4",1,1,1,1
chr7,66435175,66435349,4,"1,2,3,4",1,1,1,1
chr7,66437551,66437632,4,"1,2,3,4",1,1,1,1
chr7,72721525,72723095,4,"1,2,3,4",1,1,1,1
chr7,72759646,72760015,4,"1,2,3,4",1,1,1,1
chr7,72771955,72772619,4,"1,2,3,4",1,1,1,1
chr7,72778103,72778367,4,"1,2,3,4",1,1,1,1
chr7,72824317,72824408,4,"1,2,3,4",1,1,1,1
chr7,72824614,72825523,4,"1,2,3,4",1,1,1,1
chr7,72837944,72839137,4,"1,2,3,4",1,1,1,1
chr7,72932934,72932949,4,"1,2,3,4",1,1,1,1
chr7,72933253,72933444,4,"1,2,3,4",1,1,1,1
chr7,72933913,72934276,4,"1,2,3,4",1,1,1,1
chr7,72970400,72972574,4,"1,2,3,4",1,1,1,1
chr7,73002271,73002468,4,"1,2,3,4",1,1,1,1
chr7,73027377,73027467,4,"1,2,3,4",1,1,1,1
chr7,73036666,73036693,4,"1,2,3,4",1,1,1,1
chr7,73036879,73038867,4,"1,2,3,4",1,1,1,1
chr7,73062199,73062828,4,"1,2,3,4",1,1,1,1
chr7,73083657,73083900,4,"1,2,3,4",1,1,1,1
chr7,73095318,73096083,4,"1,2,3,4",1,1,1,1
chr7,73096288,73098960,4,"1,2,3,4",1,1,1,1
chr7,73152243,73154072,4,"1,2,3,4",1,1,1,1
chr7,73156762,73157471,4,"1,2,3,4",1,1,1,1
chr7,73184007,73184242,4,"1,2,3,4",1,1,1,1
chr7,73184436,73185204,4,"1,2,3,4",1,1,1,1
chr7,73243772,73248262,4,"1,2,3,4",1,1,1,1
chr7,73284596,73284746,4,"1,2,3,4",1,1,1,1
chr7,73285961,73286319,4,"1,2,3,4",1,1,1,1
chr7,73294287,73294411,4,"1,2,3,4",1,1,1,1
chr7,73294619,73294751,4,"1,2,3,4",1,1,1,1
chr7,73497390,73499342,4,"1,2,3,4",1,1,1,1
chr7,73586893,73590345,4,"1,2,3,4",1,1,1,1
chr7,73590822,73591076,4,"1,2,3,4",1,1,1,1
chr7,73591261,73591370,4,"1,2,3,4",1,1,1,1
chr7,73667206,73667207,4,"1,2,3,4",1,1,1,1
chr7,73667603,73669764,4,"1,2,3,4",1,1,1,1
chr7,73669917,73670040,4,"1,2,3,4",1,1,1,1
chr7,73677098,73678212,4,"1,2,3,4",1,1,1,1
chr7,73682830,73683036,4,"1,2,3,4",1,1,1,1
chr7,73684093,73684536,4,"1,2,3,4",1,1,1,1
chr7,73686768,73687124,4,"1,2,3,4",1,1,1,1
chr7,73693799,73694108,4,"1,2,3,4",1,1,1,1
chr7,73702785,73703633,4,"1,2,3,4",1,1,1,1
chr7,73703806,73706242,4,"1,2,3,4",1,1,1,1
chr7,73707110,73708218,4,"1,2,3,4",1,1,1,1
chr7,73708521,73709509,4,"1,2,3,4",1,1,1,1
chr7,73866753,73870449,4,"1,2,3,4",1,1,1,1
chr7,73994350,73995312,4,"1,2,3,4",1,1,1,1
chr7,74024889,74024954,4,"1,2,3,4",1,1,1,1
chr7,74025334,74025616,4,"1,2,3,4",1,1,1,1
chr7,74057937,74058045,4,"1,2,3,4",1,1,1,1
chr7,74064426,74064656,4,"1,2,3,4",1,1,1,1
chr7,74072933,74075449,4,"1,2,3,4",1,1,1,1
chr7,74075600,74075890,4,"1,2,3,4",1,1,1,1
chr7,74488404,74490028,4,"1,2,3,4",1,1,1,1
chr7,75155568,75157925,4,"1,2,3,4",1,1,1,1
chr7,75158077,75158236,4,"1,2,3,4",1,1,1,1
chr7,75240810,75241560,4,"1,2,3,4",1,1,1,1
chr7,75317236,75318347,4,"1,2,3,4",1,1,1,1
chr7,75321289,75321303,4,"1,2,3,4",1,1,1,1
chr7,75357383,75357548,4,"1,2,3,4",1,1,1,1
chr7,75367397,75369194,4,"1,2,3,4",1,1,1,1
chr7,75496045,75496156,4,"1,2,3,4",1,1,1,1
chr7,75496363,75496424,4,"1,2,3,4",1,1,1,1
chr7,75501378,75501589,4,"1,2,3,4",1,1,1,1
chr7,75507905,75509437,4,"1,2,3,4",1,1,1,1
chr7,75509697,75509741,4,"1,2,3,4",1,1,1,1
chr7,75535090,75536021,4,"1,2,3,4",1,1,1,1
chr7,75622496,75624629,4,"1,2,3,4",1,1,1,1
chr7,75807473,75807564,4,"1,2,3,4",1,1,1,1
chr7,75807745,75807996,4,"1,2,3,4",1,1,1,1
chr7,75830812,75831028,4,"1,2,3,4",1,1,1,1
chr7,75889200,75889786,4,"1,2,3,4",1,1,1,1
chr7,75889955,75890016,4,"1,2,3,4",1,1,1,1
chr7,75891289,75891473,4,"1,2,3,4",1,1,1,1
chr7,75911119,75911258,4,"1,2,3,4",1,1,1,1
chr7,75919657,75919689,4,"1,2,3,4",1,1,1,1
chr7,75920727,75920924,4,"1,2,3,4",1,1,1,1
chr7,75921094,75921988,4,"1,2,3,4",1,1,1,1
chr7,75923728,75924053,4,"1,2,3,4",1,1,1,1
chr7,75931491,75932755,4,"1,2,3,4",1,1,1,1
chr7,75936114,75936886,4,"1,2,3,4",1,1,1,1
chr7,75946723,75948808,4,"1,2,3,4",1,1,1,1
chr7,75985969,75989441,4,"1,2,3,4",1,1,1,1
chr7,75994023,75994186,4,"1,2,3,4",1,1,1,1
chr7,76037340,76039372,4,"1,2,3,4",1,1,1,1
chr7,76091183,76091194,4,"1,2,3,4",1,1,1,1
chr7,76178504,76179509,4,"1,2,3,4",1,1,1,1
chr7,76179761,76179893,4,"1,2,3,4",1,1,1,1
chr7,77038967,77039922,4,"1,2,3,4",1,1,1,1
chr7,77043589,77046674,4,"1,2,3,4",1,1,1,1
chr7,77054843,77055160,4,"1,2,3,4",1,1,1,1
chr7,77055336,77055730,4,"1,2,3,4",1,1,1,1
chr7,77089105,77089357,4,"1,2,3,4",1,1,1,1
chr7,77089595,77089661,4,"1,2,3,4",1,1,1,1
chr7,77108970,77109165,4,"1,2,3,4",1,1,1,1
chr7,77425824,77425955,4,"1,2,3,4",1,1,1,1
chr7,77426191,77426247,4,"1,2,3,4",1,1,1,1
chr7,77426398,77426673,4,"1,2,3,4",1,1,1,1
chr7,77648474,77648735,4,"1,2,3,4",1,1,1,1
chr7,77648978,77649524,4,"1,2,3,4",1,1,1,1
chr7,79649092,79649158,4,"1,2,3,4",1,1,1,1
chr7,79649354,79649766,4,"1,2,3,4",1,1,1,1
chr7,80240961,80241048,4,"1,2,3,4",1,1,1,1
chr7,80253274,80253287,4,"1,2,3,4",1,1,1,1
chr7,80253445,80253686,4,"1,2,3,4",1,1,1,1
chr7,80254327,80254397,4,"1,2,3,4",1,1,1,1
chr7,86780755,86784451,4,"1,2,3,4",1,1,1,1
chr7,87103415,87105768,4,"1,2,3,4",1,1,1,1
chr7,87503716,87503988,4,"1,2,3,4",1,1,1,1
chr7,87504304,87508027,4,"1,2,3,4",1,1,1,1
chr7,89873551,89873729,4,"1,2,3,4",1,1,1,1
chr7,89873931,89875939,4,"1,2,3,4",1,1,1,1
chr7,90396130,90396181,4,"1,2,3,4",1,1,1,1
chr7,91388596,91389125,4,"1,2,3,4",1,1,1,1
chr7,92458635,92460209,4,"1,2,3,4",1,1,1,1
chr7,92460419,92467101,4,"1,2,3,4",1,1,1,1
chr7,92555375,92555609,4,"1,2,3,4",1,1,1,1
chr7,92555948,92556014,4,"1,2,3,4",1,1,1,1
chr7,94069776,94070322,4,"1,2,3,4",1,1,1,1
chr7,94074960,94075090,4,"1,2,3,4",1,1,1,1
chr7,95024798,95027968,4,"1,2,3,4",1,1,1,1
chr7,95107385,95108227,4,"1,2,3,4",1,1,1,1
chr7,95401595,95402389,4,"1,2,3,4",1,1,1,1
chr7,95546086,95546488,4,"1,2,3,4",1,1,1,1
chr7,96337049,96337353,4,"1,2,3,4",1,1,1,1
chr7,96337735,96339739,4,"1,2,3,4",1,1,1,1
chr7,97600107,97602247,4,"1,2,3,4",1,1,1,1
chr7,97734887,97735824,4,"1,2,3,4",1,1,1,1
chr7,97736039,97738170,4,"1,2,3,4",1,1,1,1
chr7,97738646,97738989,4,"1,2,3,4",1,1,1,1
chr7,97739217,97740680,4,"1,2,3,4",1,1,1,1
chr7,97880004,97880120,4,"1,2,3,4",1,1,1,1
chr7,97880290,97883060,4,"1,2,3,4",1,1,1,1
chr7,97908633,97908741,4,"1,2,3,4",1,1,1,1
chr7,97909837,97910860,4,"1,2,3,4",1,1,1,1
chr7,97911039,97914337,4,"1,2,3,4",1,1,1,1
chr7,97914643,97914927,4,"1,2,3,4",1,1,1,1
chr7,98100135,98100286,4,"1,2,3,4",1,1,1,1
chr7,98249063,98249394,4,"1,2,3,4",1,1,1,1
chr7,98462651,98462692,4,"1,2,3,4",1,1,1,1
chr7,98468740,98468957,4,"1,2,3,4",1,1,1,1
chr7,98475291,98477812,4,"1,2,3,4",1,1,1,1
chr7,98872019,98872195,4,"1,2,3,4",1,1,1,1
chr7,99004215,99007948,4,"1,2,3,4",1,1,1,1
chr7,99008412,99008576,4,"1,2,3,4",1,1,1,1
chr7,99035476,99037438,4,"1,2,3,4",1,1,1,1
chr7,99177685,99178559,4,"1,2,3,4",1,1,1,1
chr7,99392615,99392753,4,"1,2,3,4",1,1,1,1
chr7,99425651,99425660,4,"1,2,3,4",1,1,1,1
chr7,99425843,99426013,4,"1,2,3,4",1,1,1,1
chr7,99426461,99426642,4,"1,2,3,4",1,1,1,1
chr7,99426660,99426996,4,"1,2,3,4",1,1,1,1
chr7,99427164,99427212,4,"1,2,3,4",1,1,1,1
chr7,99457600,99457740,4,"1,2,3,4",1,1,1,1
chr7,99458010,99458194,4,"1,2,3,4",1,1,1,1
chr7,99577132,99577494,4,"1,2,3,4",1,1,1,1
chr7,99577751,99577972,4,"1,2,3,4",1,1,1,1
chr7,99578351,99579021,4,"1,2,3,4",1,1,1,1
chr7,99591507,99591582,4,"1,2,3,4",1,1,1,1
chr7,99591757,99591884,4,"1,2,3,4",1,1,1,1
chr7,99594843,99595909,4,"1,2,3,4",1,1,1,1
chr7,99602085,99602121,4,"1,2,3,4",1,1,1,1
chr7,99612794,99615679,4,"1,2,3,4",1,1,1,1
chr7,99646802,99648470,4,"1,2,3,4",1,1,1,1
chr7,99676250,99680319,4,"1,2,3,4",1,1,1,1
chr7,99686121,99687644,4,"1,2,3,4",1,1,1,1
chr7,99715874,99718539,4,"1,2,3,4",1,1,1,1
chr7,99719708,99719802,4,"1,2,3,4",1,1,1,1
chr7,99719848,99720080,4,"1,2,3,4",1,1,1,1
chr7,99746960,99747570,4,"1,2,3,4",1,1,1,1
chr7,99747801,99747934,4,"1,2,3,4",1,1,1,1
chr7,99754973,99756917,4,"1,2,3,4",1,1,1,1
chr7,99765506,99766593,4,"1,2,3,4",1,1,1,1
chr7,99768695,99769214,4,"1,2,3,4",1,1,1,1
chr7,99774601,99775115,4,"1,2,3,4",1,1,1,1
chr7,99867019,99867985,4,"1,2,3,4",1,1,1,1
chr7,99868281,99870345,4,"1,2,3,4",1,1,1,1
chr7,99932786,99934310,4,"1,2,3,4",1,1,1,1
chr7,99934510,99934564,4,"1,2,3,4",1,1,1,1
chr7,99980245,99980973,4,"1,2,3,4",1,1,1,1
chr7,100041906,100042746,4,"1,2,3,4",1,1,1,1
chr7,100047857,100048688,4,"1,2,3,4",1,1,1,1
chr7,100053574,100053754,4,"1,2,3,4",1,1,1,1
chr7,100080434,100083272,4,"1,2,3,4",1,1,1,1
chr7,100091006,100092282,4,"1,2,3,4",1,1,1,1
chr7,100100436,100100818,4,"1,2,3,4",1,1,1,1
chr7,100132569,100132679,4,"1,2,3,4",1,1,1,1
chr7,100135922,100136436,4,"1,2,3,4",1,1,1,1
chr7,100136746,100139788,4,"1,2,3,4",1,1,1,1
chr7,100139973,100143288,4,"1,2,3,4",1,1,1,1
chr7,100143463,100143466,4,"1,2,3,4",1,1,1,1
chr7,100143866,100144987,4,"1,2,3,4",1,1,1,1
chr7,100166672,100168225,4,"1,2,3,4",1,1,1,1
chr7,100168505,100169670,4,"1,2,3,4",1,1,1,1
chr7,100169944,100170148,4,"1,2,3,4",1,1,1,1
chr7,100182131,100183927,4,"1,2,3,4",1,1,1,1
chr7,100184105,100184930,4,"1,2,3,4",1,1,1,1
chr7,100197947,100198060,4,"1,2,3,4",1,1,1,1
chr7,100199295,100199347,4,"1,2,3,4",1,1,1,1
chr7,100199643,100200593,4,"1,2,3,4",1,1,1,1
chr7,100208228,100208624,4,"1,2,3,4",1,1,1,1
chr7,100208955,100211169,4,"1,2,3,4",1,1,1,1
chr7,100302659,100305177,4,"1,2,3,4",1,1,1,1
chr7,100317541,100319886,4,"1,2,3,4",1,1,1,1
chr7,100320122,100321324,4,"1,2,3,4",1,1,1,1
chr7,100321507,100321757,4,"1,2,3,4",1,1,1,1
chr7,100334584,100335004,4,"1,2,3,4",1,1,1,1
chr7,100399519,100399631,4,"1,2,3,4",1,1,1,1
chr7,100422248,100422314,4,"1,2,3,4",1,1,1,1
chr7,100422481,100425940,4,"1,2,3,4",1,1,1,1
chr7,100426103,100426634,4,"1,2,3,4",1,1,1,1
chr7,100429192,100429412,4,"1,2,3,4",1,1,1,1
chr7,100429587,100429690,4,"1,2,3,4",1,1,1,1
chr7,100433529,100434331,4,"1,2,3,4",1,1,1,1
chr7,100449502,100451186,4,"1,2,3,4",1,1,1,1
chr7,100471657,100473359,4,"1,2,3,4",1,1,1,1
chr7,100473927,100474852,4,"1,2,3,4",1,1,1,1
chr7,100485552,100488636,4,"1,2,3,4",1,1,1,1
chr7,100491784,100493927,4,"1,2,3,4",1,1,1,1
chr7,100547049,100547277,4,"1,2,3,4",1,1,1,1
chr7,100609327,100609505,4,"1,2,3,4",1,1,1,1
chr7,100728245,100729692,4,"1,2,3,4",1,1,1,1
chr7,100730066,100730244,4,"1,2,3,4",1,1,1,1
chr7,100797662,100799253,4,"1,2,3,4",1,1,1,1
chr7,100806388,100807158,4,"1,2,3,4",1,1,1,1
chr7,100808470,100808775,4,"1,2,3,4",1,1,1,1
chr7,100808997,100809271,4,"1,2,3,4",1,1,1,1
chr7,100816600,100817014,4,"1,2,3,4",1,1,1,1
chr7,100822610,100822739,4,"1,2,3,4",1,1,1,1
chr7,100823159,100823838,4,"1,2,3,4",1,1,1,1
chr7,100825928,100826254,4,"1,2,3,4",1,1,1,1
chr7,100843275,100846135,4,"1,2,3,4",1,1,1,1
chr7,100858900,100862713,4,"1,2,3,4",1,1,1,1
chr7,100862978,100863084,4,"1,2,3,4",1,1,1,1
chr7,100863682,100863741,4,"1,2,3,4",1,1,1,1
chr7,100886972,100888761,4,"1,2,3,4",1,1,1,1
chr7,100894505,100896412,4,"1,2,3,4",1,1,1,1
chr7,100932742,100932926,4,"1,2,3,4",1,1,1,1
chr7,100933402,100933461,4,"1,2,3,4",1,1,1,1
chr7,100933654,100933734,4,"1,2,3,4",1,1,1,1
chr7,100942919,100943731,4,"1,2,3,4",1,1,1,1
chr7,100951269,100953157,4,"1,2,3,4",1,1,1,1
chr7,100964139,100965904,4,"1,2,3,4",1,1,1,1
chr7,100966923,100967176,4,"1,2,3,4",1,1,1,1
chr7,101005790,101007485,4,"1,2,3,4",1,1,1,1
chr7,101029698,101030072,4,"1,2,3,4",1,1,1,1
chr7,101241746,101242721,4,"1,2,3,4",1,1,1,1
chr7,101288391,101288541,4,"1,2,3,4",1,1,1,1
chr7,101360805,101361819,4,"1,2,3,4",1,1,1,1
chr7,101372755,101372820,4,"1,2,3,4",1,1,1,1
chr7,101386484,101387179,4,"1,2,3,4",1,1,1,1
chr7,101397981,101398117,4,"1,2,3,4",1,1,1,1
chr7,101950116,101950994,4,"1,2,3,4",1,1,1,1
chr7,102388941,102389130,4,"1,2,3,4",1,1,1,1
chr7,102389309,102389910,4,"1,2,3,4",1,1,1,1
chr7,102390147,102390465,4,"1,2,3,4",1,1,1,1
chr7,102499865,102499981,4,"1,2,3,4",1,1,1,1
chr7,102678476,102678796,4,"1,2,3,4",1,1,1,1
chr7,102746808,102746840,4,"1,2,3,4",1,1,1,1
chr7,102747407,102747535,4,"1,2,3,4",1,1,1,1
chr7,102920210,102921424,4,"1,2,3,4",1,1,1,1
chr7,103086193,103086494,4,"1,2,3,4",1,1,1,1
chr7,103103078,103103260,4,"1,2,3,4",1,1,1,1
chr7,103450371,103450500,4,"1,2,3,4",1,1,1,1
chr7,103450874,103451115,4,"1,2,3,4",1,1,1,1
chr7,103452559,103452808,4,"1,2,3,4",1,1,1,1
chr7,104657749,104658766,4,"1,2,3,4",1,1,1,1
chr7,104909169,104909329,4,"1,2,3,4",1,1,1,1
chr7,104944688,104945121,4,"1,2,3,4",1,1,1,1
chr7,107202838,107203052,4,"1,2,3,4",1,1,1,1
chr7,107203251,107205781,4,"1,2,3,4",1,1,1,1
chr7,107301062,107302582,4,"1,2,3,4",1,1,1,1
chr7,107641548,107645549,4,"1,2,3,4",1,1,1,1
chr7,107650833,107650920,4,"1,2,3,4",1,1,1,1
chr7,107651127,107651711,4,"1,2,3,4",1,1,1,1
chr7,107735746,107736004,4,"1,2,3,4",1,1,1,1
chr7,111800596,111800989,4,"1,2,3,4",1,1,1,1
chr7,111802897,111803134,4,"1,2,3,4",1,1,1,1
chr7,112428661,112432968,4,"1,2,3,4",1,1,1,1
chr7,112726659,112726794,4,"1,2,3,4",1,1,1,1
chr7,112757706,112759247,4,"1,2,3,4",1,1,1,1
chr7,116231822,116231960,4,"1,2,3,4",1,1,1,1
chr7,121081009,121081148,4,"1,2,3,4",1,1,1,1
chr7,121878276,121878867,4,"1,2,3,4",1,1,1,1
chr7,122318749,122318973,4,"1,2,3,4",1,1,1,1
chr7,122319668,122320219,4,"1,2,3,4",1,1,1,1
chr7,126987637,126987871,4,"1,2,3,4",1,1,1,1
chr7,126988032,126988336,4,"1,2,3,4",1,1,1,1
chr7,127222506,127222870,4,"1,2,3,4",1,1,1,1
chr7,127223673,127225127,4,"1,2,3,4",1,1,1,1
chr7,127291447,127295260,4,"1,2,3,4",1,1,1,1
chr7,128000799,128000920,4,"1,2,3,4",1,1,1,1
chr7,128001112,128002186,4,"1,2,3,4",1,1,1,1
chr7,128337686,128337811,4,"1,2,3,4",1,1,1,1
chr7,128423422,128423470,4,"1,2,3,4",1,1,1,1
chr7,128423697,128423702,4,"1,2,3,4",1,1,1,1
chr7,128430886,128432222,4,"1,2,3,4",1,1,1,1
chr7,128467718,128468431,4,"1,2,3,4",1,1,1,1
chr7,128514382,128514898,4,"1,2,3,4",1,1,1,1
chr7,128519747,128519879,4,"1,2,3,4",1,1,1,1
chr7,128523747,128524456,4,"1,2,3,4",1,1,1,1
chr7,128526279,128526536,4,"1,2,3,4",1,1,1,1
chr7,128577452,128580241,4,"1,2,3,4",1,1,1,1
chr7,128692053,128692131,4,"1,2,3,4",1,1,1,1
chr7,128692952,128693133,4,"1,2,3,4",1,1,1,1
chr7,128693303,128693431,4,"1,2,3,4",1,1,1,1
chr7,128693633,128695847,4,"1,2,3,4",1,1,1,1
chr7,128712982,128713050,4,"1,2,3,4",1,1,1,1
chr7,128731507,128731646,4,"1,2,3,4",1,1,1,1
chr7,128740586,128740859,4,"1,2,3,4",1,1,1,1
chr7,128741037,128741103,4,"1,2,3,4",1,1,1,1
chr7,128742615,128743395,4,"1,2,3,4",1,1,1,1
chr7,128784088,128785201,4,"1,2,3,4",1,1,1,1
chr7,128785478,128785593,4,"1,2,3,4",1,1,1,1
chr7,128827370,128830399,4,"1,2,3,4",1,1,1,1
chr7,128864052,128866640,4,"1,2,3,4",1,1,1,1
chr7,129073240,129075289,4,"1,2,3,4",1,1,1,1
chr7,129141637,129143269,4,"1,2,3,4",1,1,1,1
chr7,129418724,129420113,4,"1,2,3,4",1,1,1,1
chr7,129425639,129425830,4,"1,2,3,4",1,1,1,1
chr7,129470067,129470137,4,"1,2,3,4",1,1,1,1
chr7,129598582,129599631,4,"1,2,3,4",1,1,1,1
chr7,129784056,129784271,4,"1,2,3,4",1,1,1,1
chr7,129784457,129784602,4,"1,2,3,4",1,1,1,1
chr7,129793164,129793370,4,"1,2,3,4",1,1,1,1
chr7,130008943,130009556,4,"1,2,3,4",1,1,1,1
chr7,130013218,130014317,4,"1,2,3,4",1,1,1,1
chr7,130019063,130019197,4,"1,2,3,4",1,1,1,1
chr7,130019543,130020548,4,"1,2,3,4",1,1,1,1
chr7,130080207,130080510,4,"1,2,3,4",1,1,1,1
chr7,130352582,130354376,4,"1,2,3,4",1,1,1,1
chr7,130479297,130479765,4,"1,2,3,4",1,1,1,1
chr7,130592795,130592798,4,"1,2,3,4",1,1,1,1
chr7,130593612,130593851,4,"1,2,3,4",1,1,1,1
chr7,130594007,130599252,4,"1,2,3,4",1,1,1,1
chr7,130600185,130604104,4,"1,2,3,4",1,1,1,1
chr7,130604256,130604513,4,"1,2,3,4",1,1,1,1
chr7,130607301,130607549,4,"1,2,3,4",1,1,1,1
chr7,130789296,130789549,4,"1,2,3,4",1,1,1,1
chr7,130789786,130796309,4,"1,2,3,4",1,1,1,1
chr7,131240677,131241308,4,"1,2,3,4",1,1,1,1
chr7,131241578,131241977,4,"1,2,3,4",1,1,1,1
chr7,132765651,132767576,4,"1,2,3,4",1,1,1,1
chr7,134117299,134117990,4,"1,2,3,4",1,1,1,1
chr7,134287511,134288332,4,"1,2,3,4",1,1,1,1
chr7,134451527,134451586,4,"1,2,3,4",1,1,1,1
chr7,134451769,134452118,4,"1,2,3,4",1,1,1,1
chr7,134674611,134675048,4,"1,2,3,4",1,1,1,1
chr7,134675473,134675928,4,"1,2,3,4",1,1,1,1
chr7,134676118,134676267,4,"1,2,3,4",1,1,1,1
chr7,134676843,134676961,4,"1,2,3,4",1,1,1,1
chr7,134682123,134682334,4,"1,2,3,4",1,1,1,1
chr7,135191990,135195975,4,"1,2,3,4",1,1,1,1
chr7,135660104,135660587,4,"1,2,3,4",1,1,1,1
chr7,135660752,135662673,4,"1,2,3,4",1,1,1,1
chr7,138000991,138001220,4,"1,2,3,4",1,1,1,1
chr7,138037592,138038272,4,"1,2,3,4",1,1,1,1
chr7,138153455,138153743,4,"1,2,3,4",1,1,1,1
chr7,138154617,138154857,4,"1,2,3,4",1,1,1,1
chr7,138791572,138791588,4,"1,2,3,4",1,1,1,1
chr7,138791804,138792288,4,"1,2,3,4",1,1,1,1
chr7,138792488,138795182,4,"1,2,3,4",1,1,1,1
chr7,138802070,138802358,4,"1,2,3,4",1,1,1,1
chr7,138803194,138803282,4,"1,2,3,4",1,1,1,1
chr7,139017759,139017821,4,"1,2,3,4",1,1,1,1
chr7,139024428,139027370,4,"1,2,3,4",1,1,1,1
chr7,139043109,139046673,4,"1,2,3,4",1,1,1,1
chr7,139138514,139138551,4,"1,2,3,4",1,1,1,1
chr7,139138726,139138939,4,"1,2,3,4",1,1,1,1
chr7,139343589,139344413,4,"1,2,3,4",1,1,1,1
chr7,139360370,139360463,4,"1,2,3,4",1,1,1,1
chr7,139364942,139365285,4,"1,2,3,4",1,1,1,1
chr7,139440273,139440375,4,"1,2,3,4",1,1,1,1
chr7,139441166,139441379,4,"1,2,3,4",1,1,1,1
chr7,139529021,139529702,4,"1,2,3,4",1,1,1,1
chr7,140014188,140015394,4,"1,2,3,4",1,1,1,1
chr7,140015951,140016028,4,"1,2,3,4",1,1,1,1
chr7,140025771,140026595,4,"1,2,3,4",1,1,1,1
chr7,140176598,140176678,4,"1,2,3,4",1,1,1,1
chr7,140177073,140177279,4,"1,2,3,4",1,1,1,1
chr7,140177436,140179876,4,"1,2,3,4",1,1,1,1
chr7,140233346,140233545,4,"1,2,3,4",1,1,1,1
chr7,140241332,140242340,4,"1,2,3,4",1,1,1,1
chr7,140372105,140372360,4,"1,2,3,4",1,1,1,1
chr7,140372493,140373587,4,"1,2,3,4",1,1,1,1
chr7,140395949,140396039,4,"1,2,3,4",1,1,1,1
chr7,140396200,140398134,4,"1,2,3,4",1,1,1,1
chr7,140672209,140673551,4,"1,2,3,4",1,1,1,1
chr7,140675611,140676410,4,"1,2,3,4",1,1,1,1
chr7,140702857,140703619,4,"1,2,3,4",1,1,1,1
chr7,140712943,140713040,4,"1,2,3,4",1,1,1,1
chr7,140713331,140715516,4,"1,2,3,4",1,1,1,1
chr7,141437028,141439598,4,"1,2,3,4",1,1,1,1
chr7,142551606,142552993,4,"1,2,3,4",1,1,1,1
chr7,143020725,143020802,4,"1,2,3,4",1,1,1,1
chr7,143059467,143059629,4,"1,2,3,4",1,1,1,1
chr7,143578626,143580573,4,"1,2,3,4",1,1,1,1
chr7,143589918,143590176,4,"1,2,3,4",1,1,1,1
chr7,143596770,143599345,4,"1,2,3,4",1,1,1,1
chr7,143602027,143602391,4,"1,2,3,4",1,1,1,1
chr7,143602574,143602638,4,"1,2,3,4",1,1,1,1
chr7,143604323,143604386,4,"1,2,3,4",1,1,1,1
chr7,146894341,146894738,4,"1,2,3,4",1,1,1,1
chr7,148579432,148579455,4,"1,2,3,4",1,1,1,1
chr7,148579694,148582565,4,"1,2,3,4",1,1,1,1
chr7,148637473,148639932,4,"1,2,3,4",1,1,1,1
chr7,148640250,148640407,4,"1,2,3,4",1,1,1,1
chr7,148644531,148644641,4,"1,2,3,4",1,1,1,1
chr7,148655819,148656820,4,"1,2,3,4",1,1,1,1
chr7,148658303,148658386,4,"1,2,3,4",1,1,1,1
chr7,148658757,148659004,4,"1,2,3,4",1,1,1,1
chr7,148691692,148691828,4,"1,2,3,4",1,1,1,1
chr7,148723661,148725733,4,"1,2,3,4",1,1,1,1
chr7,148725981,148726528,4,"1,2,3,4",1,1,1,1
chr7,148821967,148825356,4,"1,2,3,4",1,1,1,1
chr7,148887249,148888393,4,"1,2,3,4",1,1,1,1
chr7,148888715,148889041,4,"1,2,3,4",1,1,1,1
chr7,148892060,148894465,4,"1,2,3,4",1,1,1,1
chr7,148895006,148895120,4,"1,2,3,4",1,1,1,1
chr7,148958584,148960007,4,"1,2,3,4",1,1,1,1
chr7,149052870,149052925,4,"1,2,3,4",1,1,1,1
chr7,149119124,149119497,4,"1,2,3,4",1,1,1,1
chr7,149193067,149194816,4,"1,2,3,4",1,1,1,1
chr7,149195011,149195429,4,"1,2,3,4",1,1,1,1
chr7,149320120,149322802,4,"1,2,3,4",1,1,1,1
chr7,149388204,149388647,4,"1,2,3,4",1,1,1,1
chr7,149389178,149390093,4,"1,2,3,4",1,1,1,1
chr7,149403762,149403884,4,"1,2,3,4",1,1,1,1
chr7,149404240,149404480,4,"1,2,3,4",1,1,1,1
chr7,149412675,149413246,4,"1,2,3,4",1,1,1,1
chr7,149417538,149417591,4,"1,2,3,4",1,1,1,1
chr7,149438838,149439704,4,"1,2,3,4",1,1,1,1
chr7,149468424,149471049,4,"1,2,3,4",1,1,1,1
chr7,150037115,150039559,4,"1,2,3,4",1,1,1,1
chr7,150052562,150052938,4,"1,2,3,4",1,1,1,1
chr7,150054915,150055006,4,"1,2,3,4",1,1,1,1
chr7,150382677,150383409,4,"1,2,3,4",1,1,1,1
chr7,150481488,150481673,4,"1,2,3,4",1,1,1,1
chr7,150505147,150505477,4,"1,2,3,4",1,1,1,1
chr7,150671817,150672620,4,"1,2,3,4",1,1,1,1
chr7,150675491,150676478,4,"1,2,3,4",1,1,1,1
chr7,150691600,150691779,4,"1,2,3,4",1,1,1,1
chr7,150706557,150708374,4,"1,2,3,4",1,1,1,1
chr7,150709488,150710027,4,"1,2,3,4",1,1,1,1
chr7,150714878,150715558,4,"1,2,3,4",1,1,1,1
chr7,150716115,150716321,4,"1,2,3,4",1,1,1,1
chr7,150724700,150726450,4,"1,2,3,4",1,1,1,1
chr7,150753568,150755046,4,"1,2,3,4",1,1,1,1
chr7,150755215,150759372,4,"1,2,3,4",1,1,1,1
chr7,150759608,150759736,4,"1,2,3,4",1,1,1,1
chr7,150782579,150787040,4,"1,2,3,4",1,1,1,1
chr7,150942157,150942971,4,"1,2,3,4",1,1,1,1
chr7,150944628,150944793,4,"1,2,3,4",1,1,1,1
chr7,150945188,150946992,4,"1,2,3,4",1,1,1,1
chr7,150948355,150949679,4,"1,2,3,4",1,1,1,1
chr7,151000793,151000994,4,"1,2,3,4",1,1,1,1
chr7,151036736,151037738,4,"1,2,3,4",1,1,1,1
chr7,151038423,151039915,4,"1,2,3,4",1,1,1,1
chr7,151040082,151040276,4,"1,2,3,4",1,1,1,1
chr7,151046490,151047602,4,"1,2,3,4",1,1,1,1
chr7,151145514,151145958,4,"1,2,3,4",1,1,1,1
chr7,151156740,151157407,4,"1,2,3,4",1,1,1,1
chr7,151214661,151216680,4,"1,2,3,4",1,1,1,1
chr7,151216978,151217466,4,"1,2,3,4",1,1,1,1
chr7,152129872,152130209,4,"1,2,3,4",1,1,1,1
chr7,152130476,152130632,4,"1,2,3,4",1,1,1,1
chr7,152130808,152134569,4,"1,2,3,4",1,1,1,1
chr7,152371886,152373792,4,"1,2,3,4",1,1,1,1
chr7,152456329,152458273,4,"1,2,3,4",1,1,1,1
chr7,152596473,152597324,4,"1,2,3,4",1,1,1,1
chr7,152607459,152607620,4,"1,2,3,4",1,1,1,1
chr7,152607867,152608163,4,"1,2,3,4",1,1,1,1
chr7,155259397,155259967,4,"1,2,3,4",1,1,1,1
chr7,155302390,155302991,4,"1,2,3,4",1,1,1,1
chr7,155360347,155360462,4,"1,2,3,4",1,1,1,1
chr7,155382955,155383917,4,"1,2,3,4",1,1,1,1
chr7,155390090,155390619,4,"1,2,3,4",1,1,1,1
chr7,155411206,155411516,4,"1,2,3,4",1,1,1,1
chr7,155411678,155412428,4,"1,2,3,4",1,1,1,1
chr7,155601231,155603823,4,"1,2,3,4",1,1,1,1
chr7,155603995,155604002,4,"1,2,3,4",1,1,1,1
chr7,155604243,155605230,4,"1,2,3,4",1,1,1,1
chr7,156254035,156254119,4,"1,2,3,4",1,1,1,1
chr7,156881891,156882078,4,"1,2,3,4",1,1,1,1
chr7,157078970,157079072,4,"1,2,3,4",1,1,1,1
chr7,157081849,157082907,4,"1,2,3,4",1,1,1,1
chr7,157085047,157085051,4,"1,2,3,4",1,1,1,1
chr7,157085235,157086090,4,"1,2,3,4",1,1,1,1
chr7,157092889,157093280,4,"1,2,3,4",1,1,1,1
chr7,157101966,157102337,4,"1,2,3,4",1,1,1,1
chr7,157102531,157102590,4,"1,2,3,4",1,1,1,1
chr7,157103018,157103057,4,"1,2,3,4",1,1,1,1
chr7,157110668,157111503,4,"1,2,3,4",1,1,1,1
chr7,157112713,157112908,4,"1,2,3,4",1,1,1,1
chr7,157113115,157113294,4,"1,2,3,4",1,1,1,1
chr7,157129238,157131977,4,"1,2,3,4",1,1,1,1
chr7,158614153,158614230,4,"1,2,3,4",1,1,1,1
chr7,158620065,158623346,4,"1,2,3,4",1,1,1,1
chr7,158623530,158623533,4,"1,2,3,4",1,1,1,1
chr7,158627541,158628094,4,"1,2,3,4",1,1,1,1
chrY,2871683,2872308,4,"1,2,3,4",1,1,1,1
chrY,6779153,6779977,4,"1,2,3,4",1,1,1,1
chrY,10012899,10013019,4,"1,2,3,4",1,1,1,1
chrY,10019912,10019968,4,"1,2,3,4",1,1,1,1
chrY,10020615,10020701,4,"1,2,3,4",1,1,1,1
chrY,10021201,10021264,4,"1,2,3,4",1,1,1,1
chrY,10022444,10022566,4,"1,2,3,4",1,1,1,1
chrY,10023014,10023061,4,"1,2,3,4",1,1,1,1
chrY,10023226,10023313,4,"1,2,3,4",1,1,1,1
chrY,10025184,10025314,4,"1,2,3,4",1,1,1,1
chrY,10029677,10029811,4,"1,2,3,4",1,1,1,1
chrY,10037821,10037883,4,"1,2,3,4",1,1,1,1
chrY,13226020,13226952,4,"1,2,3,4",1,1,1,1
chrY,15547304,15548626,4,"1,2,3,4",1,1,1,1
chrY,21915121,21915205,4,"1,2,3,4",1,1,1,1
chrY,21915553,21915869,4,"1,2,3,4",1,1,1,1
