chrom,start,end,peak_count,files,ENCFF001XGU.bed.gz,ENCFF001SZJ.bed.gz,ENCFF001XGT.bed.gz,TF_TSS_10kb_named.bed
chr7,30605,30691,4,"1,2,3,4",1,1,1,1
chr7,31024,31059,4,"1,2,3,4",1,1,1,1
chr7,148695,149139,4,"1,2,3,4",1,1,1,1
chr7,149293,149710,4,"1,2,3,4",1,1,1,1
chr7,150033,150050,4,"1,2,3,4",1,1,1,1
chr7,383285,383361,4,"1,2,3,4",1,1,1,1
chr7,510951,511583,4,"1,2,3,4",1,1,1,1
chr7,512126,512158,4,"1,2,3,4",1,1,1,1
chr7,557526,557731,4,"1,2,3,4",1,1,1,1
chr7,558440,558827,4,"1,2,3,4",1,1,1,1
chr7,559506,560056,4,"1,2,3,4",1,1,1,1
chr7,561173,563077,4,"1,2,3,4",1,1,1,1
chr7,871300,871678,4,"1,2,3,4",1,1,1,1
chr7,1013700,1015702,4,"1,2,3,4",1,1,1,1
chr7,1066363,1069381,4,"1,2,3,4",1,1,1,1
chr7,1082957,1083916,4,"1,2,3,4",1,1,1,1
chr7,1084241,1085149,4,"1,2,3,4",1,1,1,1
chr7,1458576,1458713,4,"1,2,3,4",1,1,1,1
chr7,1462522,1462769,4,"1,2,3,4",1,1,1,1
chr7,1498655,1499139,4,"1,2,3,4",1,1,1,1
chr7,1499472,1502910,4,"1,2,3,4",1,1,1,1
chr7,1542511,1544956,4,"1,2,3,4",1,1,1,1
chr7,1546405,1546827,4,"1,2,3,4",1,1,1,1
chr7,1570101,1573072,4,"1,2,3,4",1,1,1,1
chr7,1607185,1607346,4,"1,2,3,4",1,1,1,1
chr7,1608022,1611030,4,"1,2,3,4",1,1,1,1
chr7,1611642,1611836,4,"1,2,3,4",1,1,1,1
chr7,1688118,1688413,4,"1,2,3,4",1,1,1,1
chr7,1688419,1688492,4,"1,2,3,4",1,1,1,1
chr7,1780963,1783110,4,"1,2,3,4",1,1,1,1
chr7,2280654,2282873,4,"1,2,3,4",1,1,1,1
chr7,2344134,2345018,4,"1,2,3,4",1,1,1,1
chr7,2346695,2346878,4,"1,2,3,4",1,1,1,1
chr7,2352127,2352391,4,"1,2,3,4",1,1,1,1
chr7,2352408,2352512,4,"1,2,3,4",1,1,1,1
chr7,2352843,2354626,4,"1,2,3,4",1,1,1,1
chr7,2392823,2397220,4,"1,2,3,4",1,1,1,1
chr7,2439452,2440228,4,"1,2,3,4",1,1,1,1
chr7,2442398,2443132,4,"1,2,3,4",1,1,1,1
chr7,2443174,2444768,4,"1,2,3,4",1,1,1,1
chr7,2445429,2445922,4,"1,2,3,4",1,1,1,1
chr7,2558690,2559242,4,"1,2,3,4",1,1,1,1
chr7,2670835,2671332,4,"1,2,3,4",1,1,1,1
chr7,2671632,2672557,4,"1,2,3,4",1,1,1,1
chr7,2686311,2686554,4,"1,2,3,4",1,1,1,1
chr7,2686713,2686934,4,"1,2,3,4",1,1,1,1
chr7,2686960,2687084,4,"1,2,3,4",1,1,1,1
chr7,2845143,2845145,4,"1,2,3,4",1,1,1,1
chr7,2845343,2845559,4,"1,2,3,4",1,1,1,1
chr7,2996448,2996491,4,"1,2,3,4",1,1,1,1
chr7,2996657,2996949,4,"1,2,3,4",1,1,1,1
chr7,3082340,3083375,4,"1,2,3,4",1,1,1,1
chr7,4681042,4682797,4,"1,2,3,4",1,1,1,1
chr7,4778565,4779577,4,"1,2,3,4",1,1,1,1
chr7,4784247,4785145,4,"1,2,3,4",1,1,1,1
chr7,4785626,4785834,4,"1,2,3,4",1,1,1,1
chr7,5013503,5015576,4,"1,2,3,4",1,1,1,1
chr7,5015772,5015965,4,"1,2,3,4",1,1,1,1
chr7,5122661,5123099,4,"1,2,3,4",1,1,1,1
chr7,5191454,5191562,4,"1,2,3,4",1,1,1,1
chr7,5279757,5280486,4,"1,2,3,4",1,1,1,1
chr7,5465804,5467216,4,"1,2,3,4",1,1,1,1
chr7,5468342,5469994,4,"1,2,3,4",1,1,1,1
chr7,5492988,5493049,4,"1,2,3,4",1,1,1,1
chr7,5496799,5497558,4,"1,2,3,4",1,1,1,1
chr7,5526277,5526795,4,"1,2,3,4",1,1,1,1
chr7,5551956,5554163,4,"1,2,3,4",1,1,1,1
chr7,5566507,5566773,4,"1,2,3,4",1,1,1,1
chr7,5567281,5570743,4,"1,2,3,4",1,1,1,1
chr7,5588873,5589435,4,"1,2,3,4",1,1,1,1
chr7,5594928,5596870,4,"1,2,3,4",1,1,1,1
chr7,5597701,5597705,4,"1,2,3,4",1,1,1,1
chr7,5597711,5597820,4,"1,2,3,4",1,1,1,1
chr7,5601642,5602823,4,"1,2,3,4",1,1,1,1
chr7,5610047,5610513,4,"1,2,3,4",1,1,1,1
chr7,5613630,5615554,4,"1,2,3,4",1,1,1,1
chr7,5819685,5819883,4,"1,2,3,4",1,1,1,1
chr7,5820091,5821714,4,"1,2,3,4",1,1,1,1
chr7,6047030,6050082,4,"1,2,3,4",1,1,1,1
chr7,6050445,6050779,4,"1,2,3,4",1,1,1,1
chr7,6095129,6095357,4,"1,2,3,4",1,1,1,1
chr7,6095859,6099268,4,"1,2,3,4",1,1,1,1
chr7,6166269,6166752,4,"1,2,3,4",1,1,1,1
chr7,6407225,6407925,4,"1,2,3,4",1,1,1,1
chr7,6412650,6417206,4,"1,2,3,4",1,1,1,1
chr7,6486542,6488400,4,"1,2,3,4",1,1,1,1
chr7,6488566,6488779,4,"1,2,3,4",1,1,1,1
chr7,6488948,6488967,4,"1,2,3,4",1,1,1,1
chr7,6570514,6570869,4,"1,2,3,4",1,1,1,1
chr7,6615773,6618425,4,"1,2,3,4",1,1,1,1
chr7,6629224,6629442,4,"1,2,3,4",1,1,1,1
chr7,6629659,6630794,4,"1,2,3,4",1,1,1,1
chr7,6675962,6678680,4,"1,2,3,4",1,1,1,1
chr7,6679078,6679378,4,"1,2,3,4",1,1,1,1
chr7,6680112,6680157,4,"1,2,3,4",1,1,1,1
chr7,6744840,6745102,4,"1,2,3,4",1,1,1,1
chr7,6745276,6747133,4,"1,2,3,4",1,1,1,1
chr7,6864714,6864855,4,"1,2,3,4",1,1,1,1
chr7,6865274,6865326,4,"1,2,3,4",1,1,1,1
chr7,6865921,6866229,4,"1,2,3,4",1,1,1,1
chr7,8272186,8272264,4,"1,2,3,4",1,1,1,1
chr7,8300269,8302490,4,"1,2,3,4",1,1,1,1
chr7,8427289,8427549,4,"1,2,3,4",1,1,1,1
chr7,8429341,8429961,4,"1,2,3,4",1,1,1,1
chr7,8431389,8431421,4,"1,2,3,4",1,1,1,1
chr7,10978178,10981084,4,"1,2,3,4",1,1,1,1
chr7,11012795,11014926,4,"1,2,3,4",1,1,1,1
chr7,12431003,12431062,4,"1,2,3,4",1,1,1,1
chr7,12432490,12432642,4,"1,2,3,4",1,1,1,1
chr7,12433158,12433597,4,"1,2,3,4",1,1,1,1
chr7,12433765,12434167,4,"1,2,3,4",1,1,1,1
chr7,12435378,12435636,4,"1,2,3,4",1,1,1,1
chr7,12436080,12437159,4,"1,2,3,4",1,1,1,1
chr7,12437313,12445375,4,"1,2,3,4",1,1,1,1
chr7,12445623,12445905,4,"1,2,3,4",1,1,1,1
chr7,12677945,12678071,4,"1,2,3,4",1,1,1,1
chr7,16458166,16458382,4,"1,2,3,4",1,1,1,1
chr7,16458598,16462069,4,"1,2,3,4",1,1,1,1
chr7,16685871,16687775,4,"1,2,3,4",1,1,1,1
chr7,16688079,16688491,4,"1,2,3,4",1,1,1,1
chr7,16697435,16697652,4,"1,2,3,4",1,1,1,1
chr7,16697822,16697964,4,"1,2,3,4",1,1,1,1
chr7,16699862,16699969,4,"1,2,3,4",1,1,1,1
chr7,16700817,16701137,4,"1,2,3,4",1,1,1,1
chr7,16702527,16702632,4,"1,2,3,4",1,1,1,1
chr7,16792958,16796417,4,"1,2,3,4",1,1,1,1
chr7,18125790,18126362,4,"1,2,3,4",1,1,1,1
chr7,18126684,18126965,4,"1,2,3,4",1,1,1,1
chr7,20825222,20827583,4,"1,2,3,4",1,1,1,1
chr7,20830689,20831169,4,"1,2,3,4",1,1,1,1
chr7,20833193,20833447,4,"1,2,3,4",1,1,1,1
chr7,20836654,20838556,4,"1,2,3,4",1,1,1,1
chr7,21465939,21466832,4,"1,2,3,4",1,1,1,1
chr7,21467023,21468774,4,"1,2,3,4",1,1,1,1
chr7,21471571,21471579,4,"1,2,3,4",1,1,1,1
chr7,22122292,22123582,4,"1,2,3,4",1,1,1,1
chr7,22720063,22720123,4,"1,2,3,4",1,1,1,1
chr7,22720323,22720975,4,"1,2,3,4",1,1,1,1
chr7,22721675,22721817,4,"1,2,3,4",1,1,1,1
chr7,22734314,22734922,4,"1,2,3,4",1,1,1,1
chr7,22735632,22735683,4,"1,2,3,4",1,1,1,1
chr7,22741832,22743004,4,"1,2,3,4",1,1,1,1
chr7,22743264,22745256,4,"1,2,3,4",1,1,1,1
chr7,22745522,22745844,4,"1,2,3,4",1,1,1,1
chr7,22746092,22746604,4,"1,2,3,4",1,1,1,1
chr7,22746805,22747594,4,"1,2,3,4",1,1,1,1
chr7,22747745,22747920,4,"1,2,3,4",1,1,1,1
chr7,22748357,22748598,4,"1,2,3,4",1,1,1,1
chr7,22748931,22749339,4,"1,2,3,4",1,1,1,1
chr7,22764947,22767625,4,"1,2,3,4",1,1,1,1
chr7,22859196,22863819,4,"1,2,3,4",1,1,1,1
chr7,22893269,22896248,4,"1,2,3,4",1,1,1,1
chr7,22896401,22896614,4,"1,2,3,4",1,1,1,1
chr7,23312974,23313085,4,"1,2,3,4",1,1,1,1
chr7,23504605,23504713,4,"1,2,3,4",1,1,1,1
chr7,23504978,23505059,4,"1,2,3,4",1,1,1,1
chr7,23505301,23505396,4,"1,2,3,4",1,1,1,1
chr7,23506274,23514780,4,"1,2,3,4",1,1,1,1
chr7,23567365,23567561,4,"1,2,3,4",1,1,1,1
chr7,23568103,23568303,4,"1,2,3,4",1,1,1,1
chr7,23568459,23572459,4,"1,2,3,4",1,1,1,1
chr7,23636862,23638070,4,"1,2,3,4",1,1,1,1
chr7,23638314,23638404,4,"1,2,3,4",1,1,1,1
chr7,24796279,24797658,4,"1,2,3,4",1,1,1,1
chr7,24803189,24803372,4,"1,2,3,4",1,1,1,1
chr7,25133721,25133958,4,"1,2,3,4",1,1,1,1
chr7,25218982,25220502,4,"1,2,3,4",1,1,1,1
chr7,26191298,26193738,4,"1,2,3,4",1,1,1,1
chr7,26195670,26195701,4,"1,2,3,4",1,1,1,1
chr7,27190429,27190454,4,"1,2,3,4",1,1,1,1
chr7,27190679,27191020,4,"1,2,3,4",1,1,1,1
chr7,27200444,27200835,4,"1,2,3,4",1,1,1,1
chr7,27200903,27201004,4,"1,2,3,4",1,1,1,1
chr7,28966484,28966687,4,"1,2,3,4",1,1,1,1
chr7,28966723,28966844,4,"1,2,3,4",1,1,1,1
chr7,30062983,30063319,4,"1,2,3,4",1,1,1,1
chr7,30063488,30063595,4,"1,2,3,4",1,1,1,1
chr7,30063875,30064146,4,"1,2,3,4",1,1,1,1
chr7,30064418,30069674,4,"1,2,3,4",1,1,1,1
chr7,30074342,30074475,4,"1,2,3,4",1,1,1,1
chr7,30173846,30176411,4,"1,2,3,4",1,1,1,1
chr7,30185703,30185851,4,"1,2,3,4",1,1,1,1
chr7,30361955,30361962,4,"1,2,3,4",1,1,1,1
chr7,30510412,30510470,4,"1,2,3,4",1,1,1,1
chr7,30517415,30518874,4,"1,2,3,4",1,1,1,1
chr7,30542953,30545295,4,"1,2,3,4",1,1,1,1
chr7,30800441,30800621,4,"1,2,3,4",1,1,1,1
chr7,30801285,30801878,4,"1,2,3,4",1,1,1,1
chr7,30936520,30936546,4,"1,2,3,4",1,1,1,1
chr7,30937130,30937265,4,"1,2,3,4",1,1,1,1
chr7,32503965,32504131,4,"1,2,3,4",1,1,1,1
chr7,32766784,32768780,4,"1,2,3,4",1,1,1,1
chr7,32786852,32787072,4,"1,2,3,4",1,1,1,1
chr7,32919083,32919616,4,"1,2,3,4",1,1,1,1
chr7,32925577,32925757,4,"1,2,3,4",1,1,1,1
chr7,32944151,32944279,4,"1,2,3,4",1,1,1,1
chr7,32944656,32945716,4,"1,2,3,4",1,1,1,1
chr7,32945885,32946049,4,"1,2,3,4",1,1,1,1
chr7,32946132,32946252,4,"1,2,3,4",1,1,1,1
chr7,32996614,32998216,4,"1,2,3,4",1,1,1,1
chr7,33099826,33099834,4,"1,2,3,4",1,1,1,1
chr7,33100126,33103775,4,"1,2,3,4",1,1,1,1
chr7,33168130,33169963,4,"1,2,3,4",1,1,1,1
chr7,35075321,35077159,4,"1,2,3,4",1,1,1,1
chr7,35077393,35078251,4,"1,2,3,4",1,1,1,1
chr7,35839024,35842542,4,"1,2,3,4",1,1,1,1
chr7,36331370,36331729,4,"1,2,3,4",1,1,1,1
chr7,38350584,38351653,4,"1,2,3,4",1,1,1,1
chr7,38374884,38375314,4,"1,2,3,4",1,1,1,1
chr7,38375506,38377707,4,"1,2,3,4",1,1,1,1
chr7,38377872,38378462,4,"1,2,3,4",1,1,1,1
chr7,38380539,38380682,4,"1,2,3,4",1,1,1,1
chr7,38381216,38382151,4,"1,2,3,4",1,1,1,1
chr7,39605160,39607247,4,"1,2,3,4",1,1,1,1
chr7,39759965,39762294,4,"1,2,3,4",1,1,1,1
chr7,39772530,39773802,4,"1,2,3,4",1,1,1,1
chr7,42927844,42928863,4,"1,2,3,4",1,1,1,1
chr7,42950476,42952181,4,"1,2,3,4",1,1,1,1
chr7,42952689,42952805,4,"1,2,3,4",1,1,1,1
chr7,43112222,43112862,4,"1,2,3,4",1,1,1,1
chr7,43153011,43153140,4,"1,2,3,4",1,1,1,1
chr7,43766943,43767018,4,"1,2,3,4",1,1,1,1
chr7,43767354,43767403,4,"1,2,3,4",1,1,1,1
chr7,43767871,43770323,4,"1,2,3,4",1,1,1,1
chr7,43774002,43774354,4,"1,2,3,4",1,1,1,1
chr7,43776062,43776105,4,"1,2,3,4",1,1,1,1
chr7,43878587,43878619,4,"1,2,3,4",1,1,1,1
chr7,43908697,43909702,4,"1,2,3,4",1,1,1,1
chr7,43912760,43912985,4,"1,2,3,4",1,1,1,1
chr7,43944683,43946753,4,"1,2,3,4",1,1,1,1
chr7,43964631,43966851,4,"1,2,3,4",1,1,1,1
chr7,44058159,44058876,4,"1,2,3,4",1,1,1,1
chr7,44078835,44079047,4,"1,2,3,4",1,1,1,1
chr7,44083338,44083378,4,"1,2,3,4",1,1,1,1
chr7,44121050,44122123,4,"1,2,3,4",1,1,1,1
chr7,44122337,44122920,4,"1,2,3,4",1,1,1,1
chr7,44152268,44153575,4,"1,2,3,4",1,1,1,1
chr7,44605344,44605628,4,"1,2,3,4",1,1,1,1
chr7,44612069,44614716,4,"1,2,3,4",1,1,1,1
chr7,44787509,44788383,4,"1,2,3,4",1,1,1,1
chr7,44788535,44789665,4,"1,2,3,4",1,1,1,1
chr7,44800640,44802020,4,"1,2,3,4",1,1,1,1
chr7,44835131,44836791,4,"1,2,3,4",1,1,1,1
chr7,44838416,44838945,4,"1,2,3,4",1,1,1,1
chr7,44884003,44884226,4,"1,2,3,4",1,1,1,1
chr7,44885154,44889186,4,"1,2,3,4",1,1,1,1
chr7,44919907,44920041,4,"1,2,3,4",1,1,1,1
chr7,44920248,44926361,4,"1,2,3,4",1,1,1,1
chr7,44961518,44961680,4,"1,2,3,4",1,1,1,1
chr7,45147791,45147808,4,"1,2,3,4",1,1,1,1
chr7,45147980,45148214,4,"1,2,3,4",1,1,1,1
chr7,45148216,45148378,4,"1,2,3,4",1,1,1,1
chr7,45148407,45148612,4,"1,2,3,4",1,1,1,1
chr7,45148966,45149076,4,"1,2,3,4",1,1,1,1
chr7,45149588,45152674,4,"1,2,3,4",1,1,1,1
chr7,45807235,45809457,4,"1,2,3,4",1,1,1,1
chr7,47267070,47267820,4,"1,2,3,4",1,1,1,1
chr7,47268116,47268381,4,"1,2,3,4",1,1,1,1
chr7,49239909,49239996,4,"1,2,3,4",1,1,1,1
chr7,50267254,50267678,4,"1,2,3,4",1,1,1,1
chr7,50306306,50306546,4,"1,2,3,4",1,1,1,1
chr7,50306649,50306686,4,"1,2,3,4",1,1,1,1
chr7,50427720,50427738,4,"1,2,3,4",1,1,1,1
chr7,50535617,50535754,4,"1,2,3,4",1,1,1,1
chr7,50857739,50861835,4,"1,2,3,4",1,1,1,1
chr7,55432574,55435499,4,"1,2,3,4",1,1,1,1
chr7,55638676,55639998,4,"1,2,3,4",1,1,1,1
chr7,55640279,55640968,4,"1,2,3,4",1,1,1,1
chr7,55954560,55955383,4,"1,2,3,4",1,1,1,1
chr7,55955594,55956317,4,"1,2,3,4",1,1,1,1
chr7,56019338,56020470,4,"1,2,3,4",1,1,1,1
chr7,56020656,56020976,4,"1,2,3,4",1,1,1,1
chr7,56101194,56102346,4,"1,2,3,4",1,1,1,1
chr7,56117616,56121687,4,"1,2,3,4",1,1,1,1
chr7,56121887,56122064,4,"1,2,3,4",1,1,1,1
chr7,56122961,56123197,4,"1,2,3,4",1,1,1,1
chr7,56171548,56171870,4,"1,2,3,4",1,1,1,1
chr7,56172435,56175041,4,"1,2,3,4",1,1,1,1
chr7,56175248,56175639,4,"1,2,3,4",1,1,1,1
chr7,63766948,63767133,4,"1,2,3,4",1,1,1,1
chr7,63767446,63768677,4,"1,2,3,4",1,1,1,1
chr7,63773962,63775807,4,"1,2,3,4",1,1,1,1
chr7,64022623,64023755,4,"1,2,3,4",1,1,1,1
chr7,64299705,64299707,4,"1,2,3,4",1,1,1,1
chr7,64351429,64351677,4,"1,2,3,4",1,1,1,1
chr7,64362923,64365078,4,"1,2,3,4",1,1,1,1
chr7,64459343,64459359,4,"1,2,3,4",1,1,1,1
chr7,64459620,64459700,4,"1,2,3,4",1,1,1,1
chr7,64464553,64464838,4,"1,2,3,4",1,1,1,1
chr7,64465137,64465195,4,"1,2,3,4",1,1,1,1
chr7,64465445,64467114,4,"1,2,3,4",1,1,1,1
chr7,64498148,64498424,4,"1,2,3,4",1,1,1,1
chr7,64498688,64500463,4,"1,2,3,4",1,1,1,1
chr7,64541498,64541750,4,"1,2,3,4",1,1,1,1
chr7,64541921,64542396,4,"1,2,3,4",1,1,1,1
chr7,64734114,64735353,4,"1,2,3,4",1,1,1,1
chr7,64838622,64840127,4,"1,2,3,4",1,1,1,1
chr7,64973960,64975263,4,"1,2,3,4",1,1,1,1
chr7,65235253,65236574,4,"1,2,3,4",1,1,1,1
chr7,65338261,65339538,4,"1,2,3,4",1,1,1,1
chr7,65453269,65453406,4,"1,2,3,4",1,1,1,1
chr7,65957233,65959843,4,"1,2,3,4",1,1,1,1
chr7,65959995,65960158,4,"1,2,3,4",1,1,1,1
chr7,66055490,66057916,4,"1,2,3,4",1,1,1,1
chr7,66092294,66092353,4,"1,2,3,4",1,1,1,1
chr7,66092790,66094936,4,"1,2,3,4",1,1,1,1
chr7,66118182,66121481,4,"1,2,3,4",1,1,1,1
chr7,66204360,66206994,4,"1,2,3,4",1,1,1,1
chr7,66207373,66207541,4,"1,2,3,4",1,1,1,1
chr7,66373555,66373645,4,"1,2,3,4",1,1,1,1
chr7,66385161,66387684,4,"1,2,3,4",1,1,1,1
chr7,66395051,66395072,4,"1,2,3,4",1,1,1,1
chr7,66395553,66395873,4,"1,2,3,4",1,1,1,1
chr7,66919138,66919198,4,"1,2,3,4",1,1,1,1
chr7,72721567,72723544,4,"1,2,3,4",1,1,1,1
chr7,72932999,72934418,4,"1,2,3,4",1,1,1,1
chr7,72969967,72972546,4,"1,2,3,4",1,1,1,1
chr7,72976202,72976570,4,"1,2,3,4",1,1,1,1
chr7,73002214,73002359,4,"1,2,3,4",1,1,1,1
chr7,73027287,73027571,4,"1,2,3,4",1,1,1,1
chr7,73037191,73039020,4,"1,2,3,4",1,1,1,1
chr7,73095314,73099512,4,"1,2,3,4",1,1,1,1
chr7,73152144,73154119,4,"1,2,3,4",1,1,1,1
chr7,73164382,73164412,4,"1,2,3,4",1,1,1,1
chr7,73236701,73236830,4,"1,2,3,4",1,1,1,1
chr7,73237044,73237545,4,"1,2,3,4",1,1,1,1
chr7,73300704,73300996,4,"1,2,3,4",1,1,1,1
chr7,73497536,73497889,4,"1,2,3,4",1,1,1,1
chr7,73498394,73499400,4,"1,2,3,4",1,1,1,1
chr7,73574465,73574941,4,"1,2,3,4",1,1,1,1
chr7,73587236,73590474,4,"1,2,3,4",1,1,1,1
chr7,73667366,73670016,4,"1,2,3,4",1,1,1,1
chr7,73684135,73684561,4,"1,2,3,4",1,1,1,1
chr7,73693943,73694069,4,"1,2,3,4",1,1,1,1
chr7,73694106,73694257,4,"1,2,3,4",1,1,1,1
chr7,73702823,73705110,4,"1,2,3,4",1,1,1,1
chr7,73721137,73721317,4,"1,2,3,4",1,1,1,1
chr7,73866794,73866999,4,"1,2,3,4",1,1,1,1
chr7,73867487,73868226,4,"1,2,3,4",1,1,1,1
chr7,73868477,73869452,4,"1,2,3,4",1,1,1,1
chr7,74064353,74064671,4,"1,2,3,4",1,1,1,1
chr7,74064963,74065321,4,"1,2,3,4",1,1,1,1
chr7,74072933,74074679,4,"1,2,3,4",1,1,1,1
chr7,74488259,74490039,4,"1,2,3,4",1,1,1,1
chr7,75155812,75158238,4,"1,2,3,4",1,1,1,1
chr7,75164252,75164347,4,"1,2,3,4",1,1,1,1
chr7,75292439,75292634,4,"1,2,3,4",1,1,1,1
chr7,75292695,75292990,4,"1,2,3,4",1,1,1,1
chr7,75362763,75362805,4,"1,2,3,4",1,1,1,1
chr7,75364439,75364661,4,"1,2,3,4",1,1,1,1
chr7,75367269,75369194,4,"1,2,3,4",1,1,1,1
chr7,75409798,75409918,4,"1,2,3,4",1,1,1,1
chr7,75472021,75472530,4,"1,2,3,4",1,1,1,1
chr7,75507733,75509554,4,"1,2,3,4",1,1,1,1
chr7,75622778,75624602,4,"1,2,3,4",1,1,1,1
chr7,75807555,75808038,4,"1,2,3,4",1,1,1,1
chr7,75830873,75830987,4,"1,2,3,4",1,1,1,1
chr7,75889408,75889615,4,"1,2,3,4",1,1,1,1
chr7,75910581,75910855,4,"1,2,3,4",1,1,1,1
chr7,75911024,75912623,4,"1,2,3,4",1,1,1,1
chr7,75921315,75921637,4,"1,2,3,4",1,1,1,1
chr7,75931528,75932755,4,"1,2,3,4",1,1,1,1
chr7,75933782,75933914,4,"1,2,3,4",1,1,1,1
chr7,75946699,75948730,4,"1,2,3,4",1,1,1,1
chr7,75984509,75985245,4,"1,2,3,4",1,1,1,1
chr7,75985425,75985465,4,"1,2,3,4",1,1,1,1
chr7,75986107,75989337,4,"1,2,3,4",1,1,1,1
chr7,75993352,75993621,4,"1,2,3,4",1,1,1,1
chr7,75993899,75994265,4,"1,2,3,4",1,1,1,1
chr7,76002497,76003129,4,"1,2,3,4",1,1,1,1
chr7,76091178,76091196,4,"1,2,3,4",1,1,1,1
chr7,76178444,76179516,4,"1,2,3,4",1,1,1,1
chr7,76179757,76179901,4,"1,2,3,4",1,1,1,1
chr7,76357769,76357846,4,"1,2,3,4",1,1,1,1
chr7,76357952,76358204,4,"1,2,3,4",1,1,1,1
chr7,77426048,77426673,4,"1,2,3,4",1,1,1,1
chr7,77460788,77461138,4,"1,2,3,4",1,1,1,1
chr7,77463949,77464236,4,"1,2,3,4",1,1,1,1
chr7,77647660,77649694,4,"1,2,3,4",1,1,1,1
chr7,86633914,86634300,4,"1,2,3,4",1,1,1,1
chr7,86780506,86784513,4,"1,2,3,4",1,1,1,1
chr7,87503025,87503186,4,"1,2,3,4",1,1,1,1
chr7,87503438,87508728,4,"1,2,3,4",1,1,1,1
chr7,89873926,89875179,4,"1,2,3,4",1,1,1,1
chr7,92238085,92238417,4,"1,2,3,4",1,1,1,1
chr7,92462220,92462809,4,"1,2,3,4",1,1,1,1
chr7,92463042,92467009,4,"1,2,3,4",1,1,1,1
chr7,93222624,93222722,4,"1,2,3,4",1,1,1,1
chr7,95025271,95026299,4,"1,2,3,4",1,1,1,1
chr7,95401626,95402556,4,"1,2,3,4",1,1,1,1
chr7,96337593,96339705,4,"1,2,3,4",1,1,1,1
chr7,97600243,97602310,4,"1,2,3,4",1,1,1,1
chr7,97736005,97737573,4,"1,2,3,4",1,1,1,1
chr7,97880407,97882362,4,"1,2,3,4",1,1,1,1
chr7,97909993,97910763,4,"1,2,3,4",1,1,1,1
chr7,97911127,97912219,4,"1,2,3,4",1,1,1,1
chr7,98100122,98100432,4,"1,2,3,4",1,1,1,1
chr7,98475706,98477879,4,"1,2,3,4",1,1,1,1
chr7,98872051,98872231,4,"1,2,3,4",1,1,1,1
chr7,99004328,99008046,4,"1,2,3,4",1,1,1,1
chr7,99035226,99037438,4,"1,2,3,4",1,1,1,1
chr7,99320991,99321112,4,"1,2,3,4",1,1,1,1
chr7,99404909,99405295,4,"1,2,3,4",1,1,1,1
chr7,99431212,99431660,4,"1,2,3,4",1,1,1,1
chr7,99577212,99577263,4,"1,2,3,4",1,1,1,1
chr7,99588761,99588772,4,"1,2,3,4",1,1,1,1
chr7,99612825,99614640,4,"1,2,3,4",1,1,1,1
chr7,99646638,99646699,4,"1,2,3,4",1,1,1,1
chr7,99647014,99648430,4,"1,2,3,4",1,1,1,1
chr7,99677630,99680766,4,"1,2,3,4",1,1,1,1
chr7,99685964,99687656,4,"1,2,3,4",1,1,1,1
chr7,99716012,99718532,4,"1,2,3,4",1,1,1,1
chr7,99722379,99722462,4,"1,2,3,4",1,1,1,1
chr7,99722852,99723037,4,"1,2,3,4",1,1,1,1
chr7,99746960,99747600,4,"1,2,3,4",1,1,1,1
chr7,99747783,99747848,4,"1,2,3,4",1,1,1,1
chr7,99754505,99757032,4,"1,2,3,4",1,1,1,1
chr7,99764654,99766572,4,"1,2,3,4",1,1,1,1
chr7,99774398,99775095,4,"1,2,3,4",1,1,1,1
chr7,99824442,99824544,4,"1,2,3,4",1,1,1,1
chr7,99869211,99870325,4,"1,2,3,4",1,1,1,1
chr7,99932781,99933166,4,"1,2,3,4",1,1,1,1
chr7,99933329,99934487,4,"1,2,3,4",1,1,1,1
chr7,99935054,99935289,4,"1,2,3,4",1,1,1,1
chr7,100042080,100042101,4,"1,2,3,4",1,1,1,1
chr7,100042423,100042849,4,"1,2,3,4",1,1,1,1
chr7,100047640,100048732,4,"1,2,3,4",1,1,1,1
chr7,100070515,100070629,4,"1,2,3,4",1,1,1,1
chr7,100070819,100071064,4,"1,2,3,4",1,1,1,1
chr7,100073099,100074033,4,"1,2,3,4",1,1,1,1
chr7,100080366,100081837,4,"1,2,3,4",1,1,1,1
chr7,100091106,100091273,4,"1,2,3,4",1,1,1,1
chr7,100108637,100108653,4,"1,2,3,4",1,1,1,1
chr7,100130489,100130636,4,"1,2,3,4",1,1,1,1
chr7,100130856,100131064,4,"1,2,3,4",1,1,1,1
chr7,100135875,100136478,4,"1,2,3,4",1,1,1,1
chr7,100136676,100138200,4,"1,2,3,4",1,1,1,1
chr7,100144311,100144434,4,"1,2,3,4",1,1,1,1
chr7,100144628,100144686,4,"1,2,3,4",1,1,1,1
chr7,100181708,100183915,4,"1,2,3,4",1,1,1,1
chr7,100184170,100184927,4,"1,2,3,4",1,1,1,1
chr7,100199982,100204089,4,"1,2,3,4",1,1,1,1
chr7,100209081,100211456,4,"1,2,3,4",1,1,1,1
chr7,100224383,100224921,4,"1,2,3,4",1,1,1,1
chr7,100224939,100224947,4,"1,2,3,4",1,1,1,1
chr7,100302671,100305316,4,"1,2,3,4",1,1,1,1
chr7,100305471,100305739,4,"1,2,3,4",1,1,1,1
chr7,100342791,100342954,4,"1,2,3,4",1,1,1,1
chr7,100399606,100399876,4,"1,2,3,4",1,1,1,1
chr7,100400795,100400868,4,"1,2,3,4",1,1,1,1
chr7,100401008,100401119,4,"1,2,3,4",1,1,1,1
chr7,100422023,100422173,4,"1,2,3,4",1,1,1,1
chr7,100422341,100422364,4,"1,2,3,4",1,1,1,1
chr7,100422624,100426740,4,"1,2,3,4",1,1,1,1
chr7,100426921,100427419,4,"1,2,3,4",1,1,1,1
chr7,100434603,100435069,4,"1,2,3,4",1,1,1,1
chr7,100438148,100438495,4,"1,2,3,4",1,1,1,1
chr7,100449402,100451146,4,"1,2,3,4",1,1,1,1
chr7,100464500,100466943,4,"1,2,3,4",1,1,1,1
chr7,100471741,100473359,4,"1,2,3,4",1,1,1,1
chr7,100473927,100474645,4,"1,2,3,4",1,1,1,1
chr7,100484931,100488712,4,"1,2,3,4",1,1,1,1
chr7,100492050,100493927,4,"1,2,3,4",1,1,1,1
chr7,100608478,100608503,4,"1,2,3,4",1,1,1,1
chr7,100608754,100610133,4,"1,2,3,4",1,1,1,1
chr7,100610646,100610722,4,"1,2,3,4",1,1,1,1
chr7,100728316,100729735,4,"1,2,3,4",1,1,1,1
chr7,100743622,100743626,4,"1,2,3,4",1,1,1,1
chr7,100797574,100799174,4,"1,2,3,4",1,1,1,1
chr7,100805977,100808832,4,"1,2,3,4",1,1,1,1
chr7,100809007,100809721,4,"1,2,3,4",1,1,1,1
chr7,100813059,100813078,4,"1,2,3,4",1,1,1,1
chr7,100817173,100817328,4,"1,2,3,4",1,1,1,1
chr7,100822530,100822609,4,"1,2,3,4",1,1,1,1
chr7,100826007,100826296,4,"1,2,3,4",1,1,1,1
chr7,100859501,100862678,4,"1,2,3,4",1,1,1,1
chr7,100877271,100877322,4,"1,2,3,4",1,1,1,1
chr7,100886779,100889106,4,"1,2,3,4",1,1,1,1
chr7,100894427,100896469,4,"1,2,3,4",1,1,1,1
chr7,100951253,100952603,4,"1,2,3,4",1,1,1,1
chr7,100964486,100965725,4,"1,2,3,4",1,1,1,1
chr7,101372651,101372805,4,"1,2,3,4",1,1,1,1
chr7,101386379,101387530,4,"1,2,3,4",1,1,1,1
chr7,101397915,101398383,4,"1,2,3,4",1,1,1,1
chr7,101557330,101557476,4,"1,2,3,4",1,1,1,1
chr7,102388916,102389119,4,"1,2,3,4",1,1,1,1
chr7,102389322,102389912,4,"1,2,3,4",1,1,1,1
chr7,102390134,102390465,4,"1,2,3,4",1,1,1,1
chr7,102611471,102611830,4,"1,2,3,4",1,1,1,1
chr7,102612118,102612206,4,"1,2,3,4",1,1,1,1
chr7,102612485,102614665,4,"1,2,3,4",1,1,1,1
chr7,102614833,102616366,4,"1,2,3,4",1,1,1,1
chr7,102633036,102633180,4,"1,2,3,4",1,1,1,1
chr7,102634109,102634197,4,"1,2,3,4",1,1,1,1
chr7,102678118,102678722,4,"1,2,3,4",1,1,1,1
chr7,102760120,102760809,4,"1,2,3,4",1,1,1,1
chr7,103019905,103020251,4,"1,2,3,4",1,1,1,1
chr7,103086062,103086917,4,"1,2,3,4",1,1,1,1
chr7,103450625,103450972,4,"1,2,3,4",1,1,1,1
chr7,104657749,104658587,4,"1,2,3,4",1,1,1,1
chr7,104910194,104910304,4,"1,2,3,4",1,1,1,1
chr7,104950462,104950521,4,"1,2,3,4",1,1,1,1
chr7,104950679,104950709,4,"1,2,3,4",1,1,1,1
chr7,105817047,105817161,4,"1,2,3,4",1,1,1,1
chr7,106208855,106208943,4,"1,2,3,4",1,1,1,1
chr7,106319934,106320095,4,"1,2,3,4",1,1,1,1
chr7,106372737,106372746,4,"1,2,3,4",1,1,1,1
chr7,106646765,106647666,4,"1,2,3,4",1,1,1,1
chr7,106647948,106649154,4,"1,2,3,4",1,1,1,1
chr7,106649328,106650780,4,"1,2,3,4",1,1,1,1
chr7,106651058,106651404,4,"1,2,3,4",1,1,1,1
chr7,106654824,106654903,4,"1,2,3,4",1,1,1,1
chr7,107202678,107205589,4,"1,2,3,4",1,1,1,1
chr7,107477193,107477570,4,"1,2,3,4",1,1,1,1
chr7,107642874,107644216,4,"1,2,3,4",1,1,1,1
chr7,107743329,107743919,4,"1,2,3,4",1,1,1,1
chr7,107744753,107744794,4,"1,2,3,4",1,1,1,1
chr7,112428825,112428883,4,"1,2,3,4",1,1,1,1
chr7,112429082,112431024,4,"1,2,3,4",1,1,1,1
chr7,112726093,112727625,4,"1,2,3,4",1,1,1,1
chr7,112757371,112759173,4,"1,2,3,4",1,1,1,1
chr7,116516550,116516802,4,"1,2,3,4",1,1,1,1
chr7,116517396,116517812,4,"1,2,3,4",1,1,1,1
chr7,117431917,117431920,4,"1,2,3,4",1,1,1,1
chr7,118003891,118003897,4,"1,2,3,4",1,1,1,1
chr7,120679073,120679259,4,"1,2,3,4",1,1,1,1
chr7,120679477,120679553,4,"1,2,3,4",1,1,1,1
chr7,120681674,120681759,4,"1,2,3,4",1,1,1,1
chr7,120681976,120682176,4,"1,2,3,4",1,1,1,1
chr7,120682354,120682686,4,"1,2,3,4",1,1,1,1
chr7,121078309,121078459,4,"1,2,3,4",1,1,1,1
chr7,121081057,121081290,4,"1,2,3,4",1,1,1,1
chr7,124821998,124822044,4,"1,2,3,4",1,1,1,1
chr7,126987966,126988241,4,"1,2,3,4",1,1,1,1
chr7,127223786,127225127,4,"1,2,3,4",1,1,1,1
chr7,127290980,127294033,4,"1,2,3,4",1,1,1,1
chr7,127294731,127295324,4,"1,2,3,4",1,1,1,1
chr7,127295536,127295668,4,"1,2,3,4",1,1,1,1
chr7,127295848,127296092,4,"1,2,3,4",1,1,1,1
chr7,127479327,127479597,4,"1,2,3,4",1,1,1,1
chr7,127636518,127636748,4,"1,2,3,4",1,1,1,1
chr7,128001233,128001667,4,"1,2,3,4",1,1,1,1
chr7,128337216,128338153,4,"1,2,3,4",1,1,1,1
chr7,128423422,128423491,4,"1,2,3,4",1,1,1,1
chr7,128423669,128424055,4,"1,2,3,4",1,1,1,1
chr7,128430622,128433195,4,"1,2,3,4",1,1,1,1
chr7,128467409,128468444,4,"1,2,3,4",1,1,1,1
chr7,128469330,128469379,4,"1,2,3,4",1,1,1,1
chr7,128469643,128473959,4,"1,2,3,4",1,1,1,1
chr7,128519763,128519882,4,"1,2,3,4",1,1,1,1
chr7,128520198,128520308,4,"1,2,3,4",1,1,1,1
chr7,128692572,128692718,4,"1,2,3,4",1,1,1,1
chr7,128692907,128696551,4,"1,2,3,4",1,1,1,1
chr7,128696803,128696820,4,"1,2,3,4",1,1,1,1
chr7,128706274,128707886,4,"1,2,3,4",1,1,1,1
chr7,128708131,128708368,4,"1,2,3,4",1,1,1,1
chr7,128784196,128784302,4,"1,2,3,4",1,1,1,1
chr7,128784470,128785476,4,"1,2,3,4",1,1,1,1
chr7,128790074,128790671,4,"1,2,3,4",1,1,1,1
chr7,128863767,128866683,4,"1,2,3,4",1,1,1,1
chr7,129072864,129076021,4,"1,2,3,4",1,1,1,1
chr7,129141632,129143120,4,"1,2,3,4",1,1,1,1
chr7,129194041,129194245,4,"1,2,3,4",1,1,1,1
chr7,129406681,129408201,4,"1,2,3,4",1,1,1,1
chr7,129408387,129410405,4,"1,2,3,4",1,1,1,1
chr7,129418268,129420113,4,"1,2,3,4",1,1,1,1
chr7,129424861,129425125,4,"1,2,3,4",1,1,1,1
chr7,129469577,129470455,4,"1,2,3,4",1,1,1,1
chr7,129483914,129483972,4,"1,2,3,4",1,1,1,1
chr7,129485173,129485480,4,"1,2,3,4",1,1,1,1
chr7,129505574,129505578,4,"1,2,3,4",1,1,1,1
chr7,129598222,129599328,4,"1,2,3,4",1,1,1,1
chr7,129771358,129771730,4,"1,2,3,4",1,1,1,1
chr7,129771983,129772785,4,"1,2,3,4",1,1,1,1
chr7,129775053,129776255,4,"1,2,3,4",1,1,1,1
chr7,129776451,129777137,4,"1,2,3,4",1,1,1,1
chr7,129781477,129782337,4,"1,2,3,4",1,1,1,1
chr7,129782534,129782562,4,"1,2,3,4",1,1,1,1
chr7,129791907,129792439,4,"1,2,3,4",1,1,1,1
chr7,130032251,130032528,4,"1,2,3,4",1,1,1,1
chr7,130080317,130080510,4,"1,2,3,4",1,1,1,1
chr7,130352331,130354551,4,"1,2,3,4",1,1,1,1
chr7,130594854,130595160,4,"1,2,3,4",1,1,1,1
chr7,130595581,130596180,4,"1,2,3,4",1,1,1,1
chr7,130596695,130598485,4,"1,2,3,4",1,1,1,1
chr7,130598659,130598759,4,"1,2,3,4",1,1,1,1
chr7,130645205,130645303,4,"1,2,3,4",1,1,1,1
chr7,130789791,130796538,4,"1,2,3,4",1,1,1,1
chr7,130849569,130849830,4,"1,2,3,4",1,1,1,1
chr7,131049418,131049420,4,"1,2,3,4",1,1,1,1
chr7,131240887,131240996,4,"1,2,3,4",1,1,1,1
chr7,131241010,131241358,4,"1,2,3,4",1,1,1,1
chr7,131241672,131241867,4,"1,2,3,4",1,1,1,1
chr7,131241869,131241971,4,"1,2,3,4",1,1,1,1
chr7,132681709,132681815,4,"1,2,3,4",1,1,1,1
chr7,132688067,132688097,4,"1,2,3,4",1,1,1,1
chr7,132761929,132762503,4,"1,2,3,4",1,1,1,1
chr7,132762705,132762710,4,"1,2,3,4",1,1,1,1
chr7,132763980,132764360,4,"1,2,3,4",1,1,1,1
chr7,132764631,132764639,4,"1,2,3,4",1,1,1,1
chr7,132764803,132767305,4,"1,2,3,4",1,1,1,1
chr7,134117299,134118010,4,"1,2,3,4",1,1,1,1
chr7,134345015,134345431,4,"1,2,3,4",1,1,1,1
chr7,134346600,134346820,4,"1,2,3,4",1,1,1,1
chr7,135175025,135175393,4,"1,2,3,4",1,1,1,1
chr7,135192717,135196072,4,"1,2,3,4",1,1,1,1
chr7,135201791,135201834,4,"1,2,3,4",1,1,1,1
chr7,135204112,135204347,4,"1,2,3,4",1,1,1,1
chr7,135241812,135241979,4,"1,2,3,4",1,1,1,1
chr7,135656021,135656239,4,"1,2,3,4",1,1,1,1
chr7,135658948,135662818,4,"1,2,3,4",1,1,1,1
chr7,135666416,135667674,4,"1,2,3,4",1,1,1,1
chr7,135718348,135718452,4,"1,2,3,4",1,1,1,1
chr7,135718755,135719259,4,"1,2,3,4",1,1,1,1
chr7,135737754,135737934,4,"1,2,3,4",1,1,1,1
chr7,135788741,135788879,4,"1,2,3,4",1,1,1,1
chr7,135789045,135789251,4,"1,2,3,4",1,1,1,1
chr7,135799935,135800139,4,"1,2,3,4",1,1,1,1
chr7,135932242,135932323,4,"1,2,3,4",1,1,1,1
chr7,138037756,138037950,4,"1,2,3,4",1,1,1,1
chr7,138038227,138038452,4,"1,2,3,4",1,1,1,1
chr7,138038657,138038739,4,"1,2,3,4",1,1,1,1
chr7,138044067,138044173,4,"1,2,3,4",1,1,1,1
chr7,138045933,138045938,4,"1,2,3,4",1,1,1,1
chr7,138788397,138789617,4,"1,2,3,4",1,1,1,1
chr7,138789802,138790566,4,"1,2,3,4",1,1,1,1
chr7,138790750,138795105,4,"1,2,3,4",1,1,1,1
chr7,138802793,138804151,4,"1,2,3,4",1,1,1,1
chr7,138868134,138868171,4,"1,2,3,4",1,1,1,1
chr7,138868589,138869007,4,"1,2,3,4",1,1,1,1
chr7,139024269,139028023,4,"1,2,3,4",1,1,1,1
chr7,139042965,139047378,4,"1,2,3,4",1,1,1,1
chr7,139047593,139047932,4,"1,2,3,4",1,1,1,1
chr7,139055183,139055338,4,"1,2,3,4",1,1,1,1
chr7,139226471,139226541,4,"1,2,3,4",1,1,1,1
chr7,139226952,139227681,4,"1,2,3,4",1,1,1,1
chr7,139228806,139228913,4,"1,2,3,4",1,1,1,1
chr7,139229222,139229364,4,"1,2,3,4",1,1,1,1
chr7,139315634,139316340,4,"1,2,3,4",1,1,1,1
chr7,139365033,139365063,4,"1,2,3,4",1,1,1,1
chr7,139365546,139366362,4,"1,2,3,4",1,1,1,1
chr7,139784916,139784995,4,"1,2,3,4",1,1,1,1
chr7,139785050,139785110,4,"1,2,3,4",1,1,1,1
chr7,140022460,140022677,4,"1,2,3,4",1,1,1,1
chr7,140022838,140022863,4,"1,2,3,4",1,1,1,1
chr7,140023125,140023207,4,"1,2,3,4",1,1,1,1
chr7,140025723,140026394,4,"1,2,3,4",1,1,1,1
chr7,140091246,140091538,4,"1,2,3,4",1,1,1,1
chr7,140091968,140092241,4,"1,2,3,4",1,1,1,1
chr7,140176734,140179932,4,"1,2,3,4",1,1,1,1
chr7,140207667,140208168,4,"1,2,3,4",1,1,1,1
chr7,140371626,140374060,4,"1,2,3,4",1,1,1,1
chr7,140395798,140398566,4,"1,2,3,4",1,1,1,1
chr7,140589729,140589828,4,"1,2,3,4",1,1,1,1
chr7,140713126,140715554,4,"1,2,3,4",1,1,1,1
chr7,141436751,141439711,4,"1,2,3,4",1,1,1,1
chr7,141537782,141537866,4,"1,2,3,4",1,1,1,1
chr7,141538921,141539066,4,"1,2,3,4",1,1,1,1
chr7,142490817,142491207,4,"1,2,3,4",1,1,1,1
chr7,142494127,142495629,4,"1,2,3,4",1,1,1,1
chr7,142495787,142495851,4,"1,2,3,4",1,1,1,1
chr7,142496619,142496714,4,"1,2,3,4",1,1,1,1
chr7,142498820,142498906,4,"1,2,3,4",1,1,1,1
chr7,142500636,142500738,4,"1,2,3,4",1,1,1,1
chr7,142536840,142536928,4,"1,2,3,4",1,1,1,1
chr7,142551579,142554316,4,"1,2,3,4",1,1,1,1
chr7,142555161,142555294,4,"1,2,3,4",1,1,1,1
chr7,142606609,142606629,4,"1,2,3,4",1,1,1,1
chr7,142654197,142654488,4,"1,2,3,4",1,1,1,1
chr7,142654739,142655316,4,"1,2,3,4",1,1,1,1
chr7,142657425,142657428,4,"1,2,3,4",1,1,1,1
chr7,142657593,142657983,4,"1,2,3,4",1,1,1,1
chr7,142658169,142659827,4,"1,2,3,4",1,1,1,1
chr7,142700095,142700642,4,"1,2,3,4",1,1,1,1
chr7,143042266,143043063,4,"1,2,3,4",1,1,1,1
chr7,143123364,143123659,4,"1,2,3,4",1,1,1,1
chr7,143581861,143582744,4,"1,2,3,4",1,1,1,1
chr7,143597137,143599524,4,"1,2,3,4",1,1,1,1
chr7,145590933,145591087,4,"1,2,3,4",1,1,1,1
chr7,148578095,148578518,4,"1,2,3,4",1,1,1,1
chr7,148578769,148582622,4,"1,2,3,4",1,1,1,1
chr7,148582890,148583114,4,"1,2,3,4",1,1,1,1
chr7,148636404,148636915,4,"1,2,3,4",1,1,1,1
chr7,148637101,148639688,4,"1,2,3,4",1,1,1,1
chr7,148723651,148726741,4,"1,2,3,4",1,1,1,1
chr7,148821980,148825854,4,"1,2,3,4",1,1,1,1
chr7,148885647,148886411,4,"1,2,3,4",1,1,1,1
chr7,148892108,148894465,4,"1,2,3,4",1,1,1,1
chr7,148894859,148895047,4,"1,2,3,4",1,1,1,1
chr7,148958667,148960465,4,"1,2,3,4",1,1,1,1
chr7,148981951,148982108,4,"1,2,3,4",1,1,1,1
chr7,148982347,148983009,4,"1,2,3,4",1,1,1,1
chr7,149118928,149119984,4,"1,2,3,4",1,1,1,1
chr7,149192381,149192708,4,"1,2,3,4",1,1,1,1
chr7,149192902,149195593,4,"1,2,3,4",1,1,1,1
chr7,149261973,149262074,4,"1,2,3,4",1,1,1,1
chr7,149319811,149319825,4,"1,2,3,4",1,1,1,1
chr7,149319995,149322601,4,"1,2,3,4",1,1,1,1
chr7,149388204,149388716,4,"1,2,3,4",1,1,1,1
chr7,149404246,149404743,4,"1,2,3,4",1,1,1,1
chr7,149412675,149413878,4,"1,2,3,4",1,1,1,1
chr7,149415785,149416157,4,"1,2,3,4",1,1,1,1
chr7,149416340,149417518,4,"1,2,3,4",1,1,1,1
chr7,149438879,149439760,4,"1,2,3,4",1,1,1,1
chr7,149468191,149471681,4,"1,2,3,4",1,1,1,1
chr7,149552339,149552612,4,"1,2,3,4",1,1,1,1
chr7,150010060,150010752,4,"1,2,3,4",1,1,1,1
chr7,150382517,150382580,4,"1,2,3,4",1,1,1,1
chr7,150383075,150383204,4,"1,2,3,4",1,1,1,1
chr7,150520600,150520733,4,"1,2,3,4",1,1,1,1
chr7,150521712,150521791,4,"1,2,3,4",1,1,1,1
chr7,150574212,150574285,4,"1,2,3,4",1,1,1,1
chr7,150594163,150594200,4,"1,2,3,4",1,1,1,1
chr7,150595780,150595922,4,"1,2,3,4",1,1,1,1
chr7,150599246,150599522,4,"1,2,3,4",1,1,1,1
chr7,150608084,150608206,4,"1,2,3,4",1,1,1,1
chr7,150671192,150676677,4,"1,2,3,4",1,1,1,1
chr7,150685797,150686110,4,"1,2,3,4",1,1,1,1
chr7,150691318,150692352,4,"1,2,3,4",1,1,1,1
chr7,150693565,150694245,4,"1,2,3,4",1,1,1,1
chr7,150706557,150708475,4,"1,2,3,4",1,1,1,1
chr7,150714876,150715857,4,"1,2,3,4",1,1,1,1
chr7,150723565,150723992,4,"1,2,3,4",1,1,1,1
chr7,150724594,150726557,4,"1,2,3,4",1,1,1,1
chr7,150736893,150737322,4,"1,2,3,4",1,1,1,1
chr7,150753577,150759736,4,"1,2,3,4",1,1,1,1
chr7,150782419,150786418,4,"1,2,3,4",1,1,1,1
chr7,150788909,150789003,4,"1,2,3,4",1,1,1,1
chr7,150945021,150946542,4,"1,2,3,4",1,1,1,1
chr7,150948654,150948888,4,"1,2,3,4",1,1,1,1
chr7,150949125,150949506,4,"1,2,3,4",1,1,1,1
chr7,151000531,151000995,4,"1,2,3,4",1,1,1,1
chr7,151038202,151040662,4,"1,2,3,4",1,1,1,1
chr7,151046441,151047544,4,"1,2,3,4",1,1,1,1
chr7,151092150,151092189,4,"1,2,3,4",1,1,1,1
chr7,151092288,151092426,4,"1,2,3,4",1,1,1,1
chr7,151092735,151092876,4,"1,2,3,4",1,1,1,1
chr7,151145671,151145911,4,"1,2,3,4",1,1,1,1
chr7,151208416,151208480,4,"1,2,3,4",1,1,1,1
chr7,151213216,151213423,4,"1,2,3,4",1,1,1,1
chr7,151213877,151216683,4,"1,2,3,4",1,1,1,1
chr7,151216962,151217642,4,"1,2,3,4",1,1,1,1
chr7,151402441,151402920,4,"1,2,3,4",1,1,1,1
chr7,152121480,152122057,4,"1,2,3,4",1,1,1,1
chr7,152129898,152133673,4,"1,2,3,4",1,1,1,1
chr7,152133878,152134638,4,"1,2,3,4",1,1,1,1
chr7,152134958,152135130,4,"1,2,3,4",1,1,1,1
chr7,152262917,152262964,4,"1,2,3,4",1,1,1,1
chr7,152371120,152371535,4,"1,2,3,4",1,1,1,1
chr7,152371853,152374070,4,"1,2,3,4",1,1,1,1
chr7,152456291,152458910,4,"1,2,3,4",1,1,1,1
chr7,154997108,154998983,4,"1,2,3,4",1,1,1,1
chr7,155005703,155006441,4,"1,2,3,4",1,1,1,1
chr7,155452605,155453590,4,"1,2,3,4",1,1,1,1
chr7,155510040,155510047,4,"1,2,3,4",1,1,1,1
chr7,155867832,155868244,4,"1,2,3,4",1,1,1,1
chr7,156430185,156430359,4,"1,2,3,4",1,1,1,1
chr7,156430765,156431020,4,"1,2,3,4",1,1,1,1
chr7,156431174,156434529,4,"1,2,3,4",1,1,1,1
chr7,156634405,156636089,4,"1,2,3,4",1,1,1,1
chr7,156936133,156936154,4,"1,2,3,4",1,1,1,1
chr7,156936568,156936841,4,"1,2,3,4",1,1,1,1
chr7,157100244,157100478,4,"1,2,3,4",1,1,1,1
chr7,157100781,157101020,4,"1,2,3,4",1,1,1,1
chr7,157112697,157112929,4,"1,2,3,4",1,1,1,1
chr7,157128943,157133444,4,"1,2,3,4",1,1,1,1
chr7,157133714,157133869,4,"1,2,3,4",1,1,1,1
chr7,157190410,157190419,4,"1,2,3,4",1,1,1,1
chr7,157190730,157191217,4,"1,2,3,4",1,1,1,1
chr7,157194214,157194554,4,"1,2,3,4",1,1,1,1
chr7,157195069,157195111,4,"1,2,3,4",1,1,1,1
chr7,157196204,157196288,4,"1,2,3,4",1,1,1,1
chr7,158534229,158534374,4,"1,2,3,4",1,1,1,1
chr7,158620176,158623582,4,"1,2,3,4",1,1,1,1
chr7,158627801,158627996,4,"1,2,3,4",1,1,1,1
chr7,158628204,158628242,4,"1,2,3,4",1,1,1,1
chr9,28950,29009,4,"1,2,3,4",1,1,1,1
chr9,113644,113844,4,"1,2,3,4",1,1,1,1
chr9,113989,114207,4,"1,2,3,4",1,1,1,1
chr9,209359,209568,4,"1,2,3,4",1,1,1,1
chr9,213646,213771,4,"1,2,3,4",1,1,1,1
chr9,214000,216968,4,"1,2,3,4",1,1,1,1
chr9,260000,260059,4,"1,2,3,4",1,1,1,1
chr9,260486,260514,4,"1,2,3,4",1,1,1,1
chr9,272809,275157,4,"1,2,3,4",1,1,1,1
chr9,469762,471012,4,"1,2,3,4",1,1,1,1
chr9,2014261,2019467,4,"1,2,3,4",1,1,1,1
chr9,2021899,2022083,4,"1,2,3,4",1,1,1,1
chr9,2022289,2022863,4,"1,2,3,4",1,1,1,1
chr9,2023176,2023287,4,"1,2,3,4",1,1,1,1
chr9,2023879,2024961,4,"1,2,3,4",1,1,1,1
chr9,2025120,2025219,4,"1,2,3,4",1,1,1,1
chr9,2032138,2032183,4,"1,2,3,4",1,1,1,1
chr9,2032549,2032552,4,"1,2,3,4",1,1,1,1
chr9,2032564,2032674,4,"1,2,3,4",1,1,1,1
chr9,3524279,3529251,4,"1,2,3,4",1,1,1,1
chr9,4297468,4298277,4,"1,2,3,4",1,1,1,1
chr9,4662092,4663448,4,"1,2,3,4",1,1,1,1
chr9,4678446,4681360,4,"1,2,3,4",1,1,1,1
chr9,4763123,4763389,4,"1,2,3,4",1,1,1,1
chr9,4791389,4796719,4,"1,2,3,4",1,1,1,1
chr9,4797199,4798373,4,"1,2,3,4",1,1,1,1
chr9,4799179,4799548,4,"1,2,3,4",1,1,1,1
chr9,4800057,4800198,4,"1,2,3,4",1,1,1,1
chr9,4855431,4855909,4,"1,2,3,4",1,1,1,1
chr9,4983690,4989132,4,"1,2,3,4",1,1,1,1
chr9,5450076,5450863,4,"1,2,3,4",1,1,1,1
chr9,5627177,5627274,4,"1,2,3,4",1,1,1,1
chr9,5627431,5630827,4,"1,2,3,4",1,1,1,1
chr9,5631179,5631455,4,"1,2,3,4",1,1,1,1
chr9,5631980,5632065,4,"1,2,3,4",1,1,1,1
chr9,5879869,5879909,4,"1,2,3,4",1,1,1,1
chr9,6006332,6009247,4,"1,2,3,4",1,1,1,1
chr9,6014434,6016310,4,"1,2,3,4",1,1,1,1
chr9,6412740,6415149,4,"1,2,3,4",1,1,1,1
chr9,6415316,6415449,4,"1,2,3,4",1,1,1,1
chr9,6680436,6682900,4,"1,2,3,4",1,1,1,1
chr9,6683177,6683579,4,"1,2,3,4",1,1,1,1
chr9,6756113,6756420,4,"1,2,3,4",1,1,1,1
chr9,6756608,6758703,4,"1,2,3,4",1,1,1,1
chr9,7798480,7800099,4,"1,2,3,4",1,1,1,1
chr9,13278140,13279658,4,"1,2,3,4",1,1,1,1
chr9,13279811,13280068,4,"1,2,3,4",1,1,1,1
chr9,14312565,14316311,4,"1,2,3,4",1,1,1,1
chr9,14320622,14323542,4,"1,2,3,4",1,1,1,1
chr9,14522515,14522805,4,"1,2,3,4",1,1,1,1
chr9,14523377,14523474,4,"1,2,3,4",1,1,1,1
chr9,14523635,14523827,4,"1,2,3,4",1,1,1,1
chr9,14524979,14525063,4,"1,2,3,4",1,1,1,1
chr9,14525326,14525459,4,"1,2,3,4",1,1,1,1
chr9,14528447,14528546,4,"1,2,3,4",1,1,1,1
chr9,14529050,14532355,4,"1,2,3,4",1,1,1,1
chr9,14992157,14992554,4,"1,2,3,4",1,1,1,1
chr9,14993103,14993799,4,"1,2,3,4",1,1,1,1
chr9,15422187,15424314,4,"1,2,3,4",1,1,1,1
chr9,15425729,15425742,4,"1,2,3,4",1,1,1,1
chr9,15426274,15426335,4,"1,2,3,4",1,1,1,1
chr9,15552170,15553785,4,"1,2,3,4",1,1,1,1
chr9,15554392,15554441,4,"1,2,3,4",1,1,1,1
chr9,19048482,19051648,4,"1,2,3,4",1,1,1,1
chr9,19100867,19101659,4,"1,2,3,4",1,1,1,1
chr9,19101837,19103706,4,"1,2,3,4",1,1,1,1
chr9,19192976,19193058,4,"1,2,3,4",1,1,1,1
chr9,19229660,19233207,4,"1,2,3,4",1,1,1,1
chr9,19377109,19381727,4,"1,2,3,4",1,1,1,1
chr9,19408260,19410255,4,"1,2,3,4",1,1,1,1
chr9,19414373,19414447,4,"1,2,3,4",1,1,1,1
chr9,19464537,19465373,4,"1,2,3,4",1,1,1,1
chr9,20658749,20658860,4,"1,2,3,4",1,1,1,1
chr9,20683473,20684132,4,"1,2,3,4",1,1,1,1
chr9,20684326,20685733,4,"1,2,3,4",1,1,1,1
chr9,26888961,26890635,4,"1,2,3,4",1,1,1,1
chr9,26890809,26893645,4,"1,2,3,4",1,1,1,1
chr9,26942179,26942613,4,"1,2,3,4",1,1,1,1
chr9,26943046,26943281,4,"1,2,3,4",1,1,1,1
chr9,26943448,26943467,4,"1,2,3,4",1,1,1,1
chr9,26944573,26944831,4,"1,2,3,4",1,1,1,1
chr9,26945293,26948269,4,"1,2,3,4",1,1,1,1
chr9,26953861,26953995,4,"1,2,3,4",1,1,1,1
chr9,26954443,26957761,4,"1,2,3,4",1,1,1,1
chr9,26958074,26958329,4,"1,2,3,4",1,1,1,1
chr9,27527331,27530425,4,"1,2,3,4",1,1,1,1
chr9,32383807,32385523,4,"1,2,3,4",1,1,1,1
chr9,32549925,32553620,4,"1,2,3,4",1,1,1,1
chr9,32571356,32573788,4,"1,2,3,4",1,1,1,1
chr9,32943068,32943107,4,"1,2,3,4",1,1,1,1
chr9,32943330,32943584,4,"1,2,3,4",1,1,1,1
chr9,32943853,32943939,4,"1,2,3,4",1,1,1,1
chr9,33022434,33022505,4,"1,2,3,4",1,1,1,1
chr9,33022718,33027065,4,"1,2,3,4",1,1,1,1
chr9,33159904,33159938,4,"1,2,3,4",1,1,1,1
chr9,33164517,33164553,4,"1,2,3,4",1,1,1,1
chr9,33165099,33168321,4,"1,2,3,4",1,1,1,1
chr9,33168490,33168542,4,"1,2,3,4",1,1,1,1
chr9,33171815,33171924,4,"1,2,3,4",1,1,1,1
chr9,33172157,33172251,4,"1,2,3,4",1,1,1,1
chr9,33240189,33240349,4,"1,2,3,4",1,1,1,1
chr9,33262726,33266033,4,"1,2,3,4",1,1,1,1
chr9,33289269,33291641,4,"1,2,3,4",1,1,1,1
chr9,33291901,33292623,4,"1,2,3,4",1,1,1,1
chr9,33297076,33297278,4,"1,2,3,4",1,1,1,1
chr9,33375387,33375481,4,"1,2,3,4",1,1,1,1
chr9,33437100,33437113,4,"1,2,3,4",1,1,1,1
chr9,33444649,33448331,4,"1,2,3,4",1,1,1,1
chr9,33471667,33471893,4,"1,2,3,4",1,1,1,1
chr9,33472100,33474954,4,"1,2,3,4",1,1,1,1
chr9,33510326,33510446,4,"1,2,3,4",1,1,1,1
chr9,33510661,33511275,4,"1,2,3,4",1,1,1,1
chr9,33524135,33524938,4,"1,2,3,4",1,1,1,1
chr9,33676613,33677617,4,"1,2,3,4",1,1,1,1
chr9,33719933,33720214,4,"1,2,3,4",1,1,1,1
chr9,33777267,33777445,4,"1,2,3,4",1,1,1,1
chr9,33816269,33819431,4,"1,2,3,4",1,1,1,1
chr9,33819914,33820023,4,"1,2,3,4",1,1,1,1
chr9,34045798,34046426,4,"1,2,3,4",1,1,1,1
chr9,34046667,34050366,4,"1,2,3,4",1,1,1,1
chr9,34123290,34123333,4,"1,2,3,4",1,1,1,1
chr9,34123561,34127685,4,"1,2,3,4",1,1,1,1
chr9,34177796,34180739,4,"1,2,3,4",1,1,1,1
chr9,34327489,34330705,4,"1,2,3,4",1,1,1,1
chr9,34376048,34377768,4,"1,2,3,4",1,1,1,1
chr9,34379539,34379818,4,"1,2,3,4",1,1,1,1
chr9,34380987,34381259,4,"1,2,3,4",1,1,1,1
chr9,34457406,34458215,4,"1,2,3,4",1,1,1,1
chr9,34458307,34458511,4,"1,2,3,4",1,1,1,1
chr9,34458770,34459148,4,"1,2,3,4",1,1,1,1
chr9,34523359,34523494,4,"1,2,3,4",1,1,1,1
chr9,34611004,34612988,4,"1,2,3,4",1,1,1,1
chr9,34619580,34620879,4,"1,2,3,4",1,1,1,1
chr9,34628716,34628844,4,"1,2,3,4",1,1,1,1
chr9,34629161,34629364,4,"1,2,3,4",1,1,1,1
chr9,34635848,34636460,4,"1,2,3,4",1,1,1,1
chr9,34636611,34638561,4,"1,2,3,4",1,1,1,1
chr9,34646368,34648424,4,"1,2,3,4",1,1,1,1
chr9,34651556,34653161,4,"1,2,3,4",1,1,1,1
chr9,34664696,34666680,4,"1,2,3,4",1,1,1,1
chr9,34701180,34702181,4,"1,2,3,4",1,1,1,1
chr9,34988733,34990591,4,"1,2,3,4",1,1,1,1
chr9,35001230,35001257,4,"1,2,3,4",1,1,1,1
chr9,35069766,35072722,4,"1,2,3,4",1,1,1,1
chr9,35072886,35073238,4,"1,2,3,4",1,1,1,1
chr9,35078122,35080574,4,"1,2,3,4",1,1,1,1
chr9,35095223,35096988,4,"1,2,3,4",1,1,1,1
chr9,35101765,35103834,4,"1,2,3,4",1,1,1,1
chr9,35108809,35109248,4,"1,2,3,4",1,1,1,1
chr9,35109581,35109946,4,"1,2,3,4",1,1,1,1
chr9,35110266,35111532,4,"1,2,3,4",1,1,1,1
chr9,35111795,35112147,4,"1,2,3,4",1,1,1,1
chr9,35161402,35163608,4,"1,2,3,4",1,1,1,1
chr9,35489134,35492131,4,"1,2,3,4",1,1,1,1
chr9,35603440,35606557,4,"1,2,3,4",1,1,1,1
chr9,35616998,35617590,4,"1,2,3,4",1,1,1,1
chr9,35646047,35647525,4,"1,2,3,4",1,1,1,1
chr9,35656927,35657888,4,"1,2,3,4",1,1,1,1
chr9,35658064,35659386,4,"1,2,3,4",1,1,1,1
chr9,35663593,35665714,4,"1,2,3,4",1,1,1,1
chr9,35690013,35690134,4,"1,2,3,4",1,1,1,1
chr9,35690297,35691715,4,"1,2,3,4",1,1,1,1
chr9,35726505,35734096,4,"1,2,3,4",1,1,1,1
chr9,35746037,35746296,4,"1,2,3,4",1,1,1,1
chr9,35746508,35750279,4,"1,2,3,4",1,1,1,1
chr9,35756514,35758305,4,"1,2,3,4",1,1,1,1
chr9,35775302,35775709,4,"1,2,3,4",1,1,1,1
chr9,35801517,35801543,4,"1,2,3,4",1,1,1,1
chr9,35811844,35812217,4,"1,2,3,4",1,1,1,1
chr9,35813615,35815919,4,"1,2,3,4",1,1,1,1
chr9,35816219,35816406,4,"1,2,3,4",1,1,1,1
chr9,35914324,35914426,4,"1,2,3,4",1,1,1,1
chr9,35923290,35923331,4,"1,2,3,4",1,1,1,1
chr9,35923659,35923785,4,"1,2,3,4",1,1,1,1
chr9,35924114,35924441,4,"1,2,3,4",1,1,1,1
chr9,35945564,35945806,4,"1,2,3,4",1,1,1,1
chr9,36036547,36037881,4,"1,2,3,4",1,1,1,1
chr9,36136061,36137515,4,"1,2,3,4",1,1,1,1
chr9,36142849,36142931,4,"1,2,3,4",1,1,1,1
chr9,36166380,36166933,4,"1,2,3,4",1,1,1,1
chr9,36189932,36193359,4,"1,2,3,4",1,1,1,1
chr9,36193645,36193804,4,"1,2,3,4",1,1,1,1
chr9,36257823,36259402,4,"1,2,3,4",1,1,1,1
chr9,36276856,36276996,4,"1,2,3,4",1,1,1,1
chr9,36572269,36574328,4,"1,2,3,4",1,1,1,1
chr9,36574614,36574670,4,"1,2,3,4",1,1,1,1
chr9,36575228,36575608,4,"1,2,3,4",1,1,1,1
chr9,36995984,36996386,4,"1,2,3,4",1,1,1,1
chr9,37079424,37081280,4,"1,2,3,4",1,1,1,1
chr9,37119708,37121643,4,"1,2,3,4",1,1,1,1
chr9,37121817,37122778,4,"1,2,3,4",1,1,1,1
chr9,37197046,37197752,4,"1,2,3,4",1,1,1,1
chr9,37200491,37200623,4,"1,2,3,4",1,1,1,1
chr9,37200915,37201071,4,"1,2,3,4",1,1,1,1
chr9,37294318,37294391,4,"1,2,3,4",1,1,1,1
chr9,37336193,37336605,4,"1,2,3,4",1,1,1,1
chr9,37336843,37337223,4,"1,2,3,4",1,1,1,1
chr9,37337730,37337864,4,"1,2,3,4",1,1,1,1
chr9,37422008,37424515,4,"1,2,3,4",1,1,1,1
chr9,37467149,37467818,4,"1,2,3,4",1,1,1,1
chr9,37467969,37468237,4,"1,2,3,4",1,1,1,1
chr9,37472041,37472404,4,"1,2,3,4",1,1,1,1
chr9,37485319,37488396,4,"1,2,3,4",1,1,1,1
chr9,37589784,37593573,4,"1,2,3,4",1,1,1,1
chr9,37593908,37595058,4,"1,2,3,4",1,1,1,1
chr9,37650487,37650650,4,"1,2,3,4",1,1,1,1
chr9,37650822,37651477,4,"1,2,3,4",1,1,1,1
chr9,37753353,37754729,4,"1,2,3,4",1,1,1,1
chr9,37769851,37769984,4,"1,2,3,4",1,1,1,1
chr9,37799548,37803234,4,"1,2,3,4",1,1,1,1
chr9,37839461,37839822,4,"1,2,3,4",1,1,1,1
chr9,37840388,37840505,4,"1,2,3,4",1,1,1,1
chr9,37840903,37840986,4,"1,2,3,4",1,1,1,1
chr9,37937072,37937213,4,"1,2,3,4",1,1,1,1
chr9,38390928,38391210,4,"1,2,3,4",1,1,1,1
chr9,38392101,38393811,4,"1,2,3,4",1,1,1,1
chr9,67791176,67791269,4,"1,2,3,4",1,1,1,1
chr9,68299016,68299119,4,"1,2,3,4",1,1,1,1
chr9,68416901,68417619,4,"1,2,3,4",1,1,1,1
chr9,68418350,68419688,4,"1,2,3,4",1,1,1,1
chr9,68420115,68420316,4,"1,2,3,4",1,1,1,1
chr9,68420553,68420630,4,"1,2,3,4",1,1,1,1
chr9,68420818,68421411,4,"1,2,3,4",1,1,1,1
chr9,68423861,68424763,4,"1,2,3,4",1,1,1,1
chr9,68425404,68425967,4,"1,2,3,4",1,1,1,1
chr9,68426233,68426341,4,"1,2,3,4",1,1,1,1
chr9,68427165,68427313,4,"1,2,3,4",1,1,1,1
chr9,71795470,71795671,4,"1,2,3,4",1,1,1,1
chr9,71801221,71801316,4,"1,2,3,4",1,1,1,1
chr9,71802021,71802148,4,"1,2,3,4",1,1,1,1
chr9,71802401,71802508,4,"1,2,3,4",1,1,1,1
chr9,71804144,71804375,4,"1,2,3,4",1,1,1,1
chr9,72870743,72875436,4,"1,2,3,4",1,1,1,1
chr9,73032745,73036402,4,"1,2,3,4",1,1,1,1
chr9,74381475,74381531,4,"1,2,3,4",1,1,1,1
chr9,74729537,74730644,4,"1,2,3,4",1,1,1,1
chr9,74976915,74981014,4,"1,2,3,4",1,1,1,1
chr9,77641226,77643803,4,"1,2,3,4",1,1,1,1
chr9,79138701,79139228,4,"1,2,3,4",1,1,1,1
chr9,86237435,86238731,4,"1,2,3,4",1,1,1,1
chr9,86431783,86431906,4,"1,2,3,4",1,1,1,1
chr9,86432008,86432170,4,"1,2,3,4",1,1,1,1
chr9,86432198,86432387,4,"1,2,3,4",1,1,1,1
chr9,86432869,86432938,4,"1,2,3,4",1,1,1,1
chr9,88419901,88420043,4,"1,2,3,4",1,1,1,1
chr9,88420421,88420529,4,"1,2,3,4",1,1,1,1
chr9,88965382,88965731,4,"1,2,3,4",1,1,1,1
chr9,88966124,88966256,4,"1,2,3,4",1,1,1,1
chr9,88966487,88970096,4,"1,2,3,4",1,1,1,1
chr9,90112185,90114869,4,"1,2,3,4",1,1,1,1
chr9,91002105,91003557,4,"1,2,3,4",1,1,1,1
chr9,91003714,91004835,4,"1,2,3,4",1,1,1,1
chr9,91150022,91150242,4,"1,2,3,4",1,1,1,1
chr9,91150254,91150458,4,"1,2,3,4",1,1,1,1
chr9,91606648,91606882,4,"1,2,3,4",1,1,1,1
chr9,92221149,92221223,4,"1,2,3,4",1,1,1,1
chr9,93954777,93954977,4,"1,2,3,4",1,1,1,1
chr9,93955354,93956881,4,"1,2,3,4",1,1,1,1
chr9,93957114,93957502,4,"1,2,3,4",1,1,1,1
chr9,94166367,94166750,4,"1,2,3,4",1,1,1,1
chr9,94181762,94182253,4,"1,2,3,4",1,1,1,1
chr9,94184073,94185960,4,"1,2,3,4",1,1,1,1
chr9,94186311,94187546,4,"1,2,3,4",1,1,1,1
chr9,94277699,94277808,4,"1,2,3,4",1,1,1,1
chr9,94548916,94549101,4,"1,2,3,4",1,1,1,1
chr9,94560899,94561968,4,"1,2,3,4",1,1,1,1
chr9,94717142,94717464,4,"1,2,3,4",1,1,1,1
chr9,94896251,94896301,4,"1,2,3,4",1,1,1,1
chr9,94909260,94910039,4,"1,2,3,4",1,1,1,1
chr9,95055350,95058299,4,"1,2,3,4",1,1,1,1
chr9,95086237,95089932,4,"1,2,3,4",1,1,1,1
chr9,95285669,95286031,4,"1,2,3,4",1,1,1,1
chr9,95286456,95286583,4,"1,2,3,4",1,1,1,1
chr9,95432980,95434061,4,"1,2,3,4",1,1,1,1
chr9,95640154,95640389,4,"1,2,3,4",1,1,1,1
chr9,95766004,95766856,4,"1,2,3,4",1,1,1,1
chr9,95856974,95858009,4,"1,2,3,4",1,1,1,1
chr9,95858488,95859415,4,"1,2,3,4",1,1,1,1
chr9,95859578,95859720,4,"1,2,3,4",1,1,1,1
chr9,95882507,95882529,4,"1,2,3,4",1,1,1,1
chr9,95895549,95897283,4,"1,2,3,4",1,1,1,1
chr9,96328936,96329881,4,"1,2,3,4",1,1,1,1
chr9,96902430,96902516,4,"1,2,3,4",1,1,1,1
chr9,96919150,96919237,4,"1,2,3,4",1,1,1,1
chr9,96927848,96928173,4,"1,2,3,4",1,1,1,1
chr9,96928533,96932228,4,"1,2,3,4",1,1,1,1
chr9,96932473,96932758,4,"1,2,3,4",1,1,1,1
chr9,97021292,97023053,4,"1,2,3,4",1,1,1,1
chr9,97028533,97028837,4,"1,2,3,4",1,1,1,1
chr9,97029114,97029170,4,"1,2,3,4",1,1,1,1
chr9,97029340,97029490,4,"1,2,3,4",1,1,1,1
chr9,97030714,97030823,4,"1,2,3,4",1,1,1,1
chr9,97031009,97031153,4,"1,2,3,4",1,1,1,1
chr9,97031324,97031937,4,"1,2,3,4",1,1,1,1
chr9,97032193,97032582,4,"1,2,3,4",1,1,1,1
chr9,97039111,97039311,4,"1,2,3,4",1,1,1,1
chr9,97063128,97063630,4,"1,2,3,4",1,1,1,1
chr9,97063920,97064003,4,"1,2,3,4",1,1,1,1
chr9,97094952,97095194,4,"1,2,3,4",1,1,1,1
chr9,97316152,97316193,4,"1,2,3,4",1,1,1,1
chr9,97810522,97811782,4,"1,2,3,4",1,1,1,1
chr9,97812180,97812410,4,"1,2,3,4",1,1,1,1
chr9,98078083,98078226,4,"1,2,3,4",1,1,1,1
chr9,98078513,98079275,4,"1,2,3,4",1,1,1,1
chr9,98188999,98189992,4,"1,2,3,4",1,1,1,1
chr9,98195929,98195984,4,"1,2,3,4",1,1,1,1
chr9,98196375,98197116,4,"1,2,3,4",1,1,1,1
chr9,98224397,98225114,4,"1,2,3,4",1,1,1,1
chr9,98225449,98225824,4,"1,2,3,4",1,1,1,1
chr9,98278109,98279605,4,"1,2,3,4",1,1,1,1
chr9,99145073,99146523,4,"1,2,3,4",1,1,1,1
chr9,99178367,99178460,4,"1,2,3,4",1,1,1,1
chr9,99178698,99183424,4,"1,2,3,4",1,1,1,1
chr9,99186296,99186498,4,"1,2,3,4",1,1,1,1
chr9,99211868,99213767,4,"1,2,3,4",1,1,1,1
chr9,99539376,99540819,4,"1,2,3,4",1,1,1,1
chr9,99541053,99541359,4,"1,2,3,4",1,1,1,1
chr9,99983876,99983982,4,"1,2,3,4",1,1,1,1
chr9,99999300,100001997,4,"1,2,3,4",1,1,1,1
chr9,100173667,100175483,4,"1,2,3,4",1,1,1,1
chr9,100393958,100398563,4,"1,2,3,4",1,1,1,1
chr9,100399023,100399586,4,"1,2,3,4",1,1,1,1
chr9,100473494,100473710,4,"1,2,3,4",1,1,1,1
chr9,101018709,101019523,4,"1,2,3,4",1,1,1,1
chr9,101131332,101131406,4,"1,2,3,4",1,1,1,1
chr9,101337761,101338012,4,"1,2,3,4",1,1,1,1
chr9,101338232,101338507,4,"1,2,3,4",1,1,1,1
chr9,101405557,101405790,4,"1,2,3,4",1,1,1,1
chr9,101469370,101470009,4,"1,2,3,4",1,1,1,1
chr9,101471171,101471922,4,"1,2,3,4",1,1,1,1
chr9,101557061,101559301,4,"1,2,3,4",1,1,1,1
chr9,101569480,101572313,4,"1,2,3,4",1,1,1,1
chr9,101572565,101572932,4,"1,2,3,4",1,1,1,1
chr9,101573299,101573491,4,"1,2,3,4",1,1,1,1
chr9,101595344,101595453,4,"1,2,3,4",1,1,1,1
chr9,101596000,101596043,4,"1,2,3,4",1,1,1,1
chr9,103360447,103361468,4,"1,2,3,4",1,1,1,1
chr9,106854857,106857969,4,"1,2,3,4",1,1,1,1
chr9,107525997,107527799,4,"1,2,3,4",1,1,1,1
chr9,107527961,107528068,4,"1,2,3,4",1,1,1,1
chr9,107536499,107537454,4,"1,2,3,4",1,1,1,1
chr9,107537659,107537846,4,"1,2,3,4",1,1,1,1
chr9,110044393,110048943,4,"1,2,3,4",1,1,1,1
chr9,110187463,110187670,4,"1,2,3,4",1,1,1,1
chr9,110251306,110252129,4,"1,2,3,4",1,1,1,1
chr9,110252305,110252848,4,"1,2,3,4",1,1,1,1
chr9,110546569,110546964,4,"1,2,3,4",1,1,1,1
chr9,111605106,111605281,4,"1,2,3,4",1,1,1,1
chr9,111694658,111696173,4,"1,2,3,4",1,1,1,1
chr9,111894565,111894804,4,"1,2,3,4",1,1,1,1
chr9,114392761,114395450,4,"1,2,3,4",1,1,1,1
chr9,114396230,114396323,4,"1,2,3,4",1,1,1,1
chr9,114654094,114654432,4,"1,2,3,4",1,1,1,1
chr9,114658195,114661855,4,"1,2,3,4",1,1,1,1
chr9,114662200,114664450,4,"1,2,3,4",1,1,1,1
chr9,114665164,114665371,4,"1,2,3,4",1,1,1,1
chr9,114671080,114671141,4,"1,2,3,4",1,1,1,1
chr9,114835655,114835872,4,"1,2,3,4",1,1,1,1
chr9,114836063,114836165,4,"1,2,3,4",1,1,1,1
chr9,114836877,114836880,4,"1,2,3,4",1,1,1,1
chr9,115139348,115143674,4,"1,2,3,4",1,1,1,1
chr9,115247844,115251647,4,"1,2,3,4",1,1,1,1
chr9,116163039,116163706,4,"1,2,3,4",1,1,1,1
chr9,117266985,117268515,4,"1,2,3,4",1,1,1,1
chr9,123475529,123477662,4,"1,2,3,4",1,1,1,1
chr9,123742605,123742880,4,"1,2,3,4",1,1,1,1
chr9,123743307,123743331,4,"1,2,3,4",1,1,1,1
chr9,123836322,123838221,4,"1,2,3,4",1,1,1,1
chr9,124029924,124031168,4,"1,2,3,4",1,1,1,1
chr9,124854069,124856097,4,"1,2,3,4",1,1,1,1
chr9,124861829,124861998,4,"1,2,3,4",1,1,1,1
chr9,124934630,124934985,4,"1,2,3,4",1,1,1,1
chr9,124974796,124977065,4,"1,2,3,4",1,1,1,1
chr9,125137227,125137398,4,"1,2,3,4",1,1,1,1
chr9,125137675,125138057,4,"1,2,3,4",1,1,1,1
chr9,125138349,125138433,4,"1,2,3,4",1,1,1,1
chr9,125138910,125139051,4,"1,2,3,4",1,1,1,1
chr9,125226178,125227310,4,"1,2,3,4",1,1,1,1
chr9,125588901,125591428,4,"1,2,3,4",1,1,1,1
chr9,126059484,126059725,4,"1,2,3,4",1,1,1,1
chr9,126061762,126062496,4,"1,2,3,4",1,1,1,1
chr9,126064270,126064606,4,"1,2,3,4",1,1,1,1
chr9,126064952,126065091,4,"1,2,3,4",1,1,1,1
chr9,126067221,126067580,4,"1,2,3,4",1,1,1,1
chr9,126417605,126417815,4,"1,2,3,4",1,1,1,1
chr9,126596764,126597810,4,"1,2,3,4",1,1,1,1
chr9,126597998,126598222,4,"1,2,3,4",1,1,1,1
chr9,126690298,126690308,4,"1,2,3,4",1,1,1,1
chr9,126690672,126692956,4,"1,2,3,4",1,1,1,1
chr9,126803342,126803363,4,"1,2,3,4",1,1,1,1
chr9,127212934,127213070,4,"1,2,3,4",1,1,1,1
chr9,127356864,127358406,4,"1,2,3,4",1,1,1,1
chr9,127358680,127358704,4,"1,2,3,4",1,1,1,1
chr9,127420355,127422815,4,"1,2,3,4",1,1,1,1
chr9,127505874,127505978,4,"1,2,3,4",1,1,1,1
chr9,127614978,127616173,4,"1,2,3,4",1,1,1,1
chr9,127621209,127622265,4,"1,2,3,4",1,1,1,1
chr9,127702267,127704799,4,"1,2,3,4",1,1,1,1
chr9,127893703,127895014,4,"1,2,3,4",1,1,1,1
chr9,127903575,127903610,4,"1,2,3,4",1,1,1,1
chr9,127904506,127906305,4,"1,2,3,4",1,1,1,1
chr9,127939629,127939823,4,"1,2,3,4",1,1,1,1
chr9,127950100,127950378,4,"1,2,3,4",1,1,1,1
chr9,128046496,128046789,4,"1,2,3,4",1,1,1,1
chr9,128136872,128137213,4,"1,2,3,4",1,1,1,1
chr9,128170044,128171109,4,"1,2,3,4",1,1,1,1
chr9,128172209,128173769,4,"1,2,3,4",1,1,1,1
chr9,128235275,128235403,4,"1,2,3,4",1,1,1,1
chr9,128236265,128236346,4,"1,2,3,4",1,1,1,1
chr9,128468174,128470007,4,"1,2,3,4",1,1,1,1
chr9,128508207,128509158,4,"1,2,3,4",1,1,1,1
chr9,128509653,128510039,4,"1,2,3,4",1,1,1,1
chr9,128510226,128510615,4,"1,2,3,4",1,1,1,1
chr9,129261863,129261896,4,"1,2,3,4",1,1,1,1
chr9,129484609,129485311,4,"1,2,3,4",1,1,1,1
chr9,129485445,129485597,4,"1,2,3,4",1,1,1,1
chr9,129485888,129485960,4,"1,2,3,4",1,1,1,1
chr9,129566725,129568919,4,"1,2,3,4",1,1,1,1
chr9,129622135,129622225,4,"1,2,3,4",1,1,1,1
chr9,129624604,129625172,4,"1,2,3,4",1,1,1,1
chr9,130391269,130391671,4,"1,2,3,4",1,1,1,1
chr9,130571638,130571751,4,"1,2,3,4",1,1,1,1
chr9,130588077,130588440,4,"1,2,3,4",1,1,1,1
chr9,130624317,130624486,4,"1,2,3,4",1,1,1,1
chr9,130624914,130625106,4,"1,2,3,4",1,1,1,1
chr9,130625281,130625384,4,"1,2,3,4",1,1,1,1
chr9,130659375,130660254,4,"1,2,3,4",1,1,1,1
chr9,130660712,130662570,4,"1,2,3,4",1,1,1,1
chr9,130665776,130665901,4,"1,2,3,4",1,1,1,1
chr9,130684053,130684373,4,"1,2,3,4",1,1,1,1
chr9,130689115,130690586,4,"1,2,3,4",1,1,1,1
chr9,130692584,130694083,4,"1,2,3,4",1,1,1,1
chr9,130697639,130700731,4,"1,2,3,4",1,1,1,1
chr9,130700885,130700995,4,"1,2,3,4",1,1,1,1
chr9,130702484,130702721,4,"1,2,3,4",1,1,1,1
chr9,130727998,130728274,4,"1,2,3,4",1,1,1,1
chr9,130887649,130887842,4,"1,2,3,4",1,1,1,1
chr9,130888048,130891409,4,"1,2,3,4",1,1,1,1
chr9,130923851,130923869,4,"1,2,3,4",1,1,1,1
chr9,131086476,131086786,4,"1,2,3,4",1,1,1,1
chr9,131101377,131101458,4,"1,2,3,4",1,1,1,1
chr9,131101989,131103989,4,"1,2,3,4",1,1,1,1
chr9,131124526,131124623,4,"1,2,3,4",1,1,1,1
chr9,131126989,131127776,4,"1,2,3,4",1,1,1,1
chr9,131132547,131135002,4,"1,2,3,4",1,1,1,1
chr9,131181739,131184496,4,"1,2,3,4",1,1,1,1
chr9,131190797,131192130,4,"1,2,3,4",1,1,1,1
chr9,131266164,131268076,4,"1,2,3,4",1,1,1,1
chr9,131313980,131315817,4,"1,2,3,4",1,1,1,1
chr9,131485273,131487284,4,"1,2,3,4",1,1,1,1
chr9,131495782,131496031,4,"1,2,3,4",1,1,1,1
chr9,131532936,131533801,4,"1,2,3,4",1,1,1,1
chr9,131580620,131582581,4,"1,2,3,4",1,1,1,1
chr9,131785875,131786291,4,"1,2,3,4",1,1,1,1
chr9,131788392,131790568,4,"1,2,3,4",1,1,1,1
chr9,132168436,132169875,4,"1,2,3,4",1,1,1,1
chr9,132222885,132223450,4,"1,2,3,4",1,1,1,1
chr9,132251356,132254043,4,"1,2,3,4",1,1,1,1
chr9,132254582,132254715,4,"1,2,3,4",1,1,1,1
chr9,132256353,132256530,4,"1,2,3,4",1,1,1,1
chr9,132257320,132259556,4,"1,2,3,4",1,1,1,1
chr9,132372168,132372320,4,"1,2,3,4",1,1,1,1
chr9,132372490,132373662,4,"1,2,3,4",1,1,1,1
chr9,132382124,132383147,4,"1,2,3,4",1,1,1,1
chr9,132402839,132405065,4,"1,2,3,4",1,1,1,1
chr9,132584811,132584892,4,"1,2,3,4",1,1,1,1
chr9,132585094,132586991,4,"1,2,3,4",1,1,1,1
chr9,132595840,132599592,4,"1,2,3,4",1,1,1,1
chr9,132601086,132601962,4,"1,2,3,4",1,1,1,1
chr9,132620661,132621542,4,"1,2,3,4",1,1,1,1
chr9,132621872,132622037,4,"1,2,3,4",1,1,1,1
chr9,132625703,132625993,4,"1,2,3,4",1,1,1,1
chr9,132725011,132725723,4,"1,2,3,4",1,1,1,1
chr9,132935551,132935912,4,"1,2,3,4",1,1,1,1
chr9,132949061,132949800,4,"1,2,3,4",1,1,1,1
chr9,133319908,133321132,4,"1,2,3,4",1,1,1,1
chr9,133410426,133410523,4,"1,2,3,4",1,1,1,1
chr9,133410732,133413015,4,"1,2,3,4",1,1,1,1
chr9,133451691,133451945,4,"1,2,3,4",1,1,1,1
chr9,133453691,133456539,4,"1,2,3,4",1,1,1,1
chr9,133568415,133571066,4,"1,2,3,4",1,1,1,1
chr9,133587753,133588415,4,"1,2,3,4",1,1,1,1
chr9,133608244,133608342,4,"1,2,3,4",1,1,1,1
chr9,133611243,133611650,4,"1,2,3,4",1,1,1,1
chr9,133614600,133614731,4,"1,2,3,4",1,1,1,1
chr9,133615872,133615878,4,"1,2,3,4",1,1,1,1
chr9,133616557,133617221,4,"1,2,3,4",1,1,1,1
chr9,133617387,133617853,4,"1,2,3,4",1,1,1,1
chr9,133618962,133619254,4,"1,2,3,4",1,1,1,1
chr9,133621324,133621578,4,"1,2,3,4",1,1,1,1
chr9,133628098,133628175,4,"1,2,3,4",1,1,1,1
chr9,133630150,133630438,4,"1,2,3,4",1,1,1,1
chr9,133647545,133647820,4,"1,2,3,4",1,1,1,1
chr9,133648010,133648302,4,"1,2,3,4",1,1,1,1
chr9,133649586,133649962,4,"1,2,3,4",1,1,1,1
chr9,133660455,133660794,4,"1,2,3,4",1,1,1,1
chr9,133662493,133662563,4,"1,2,3,4",1,1,1,1
chr9,133667020,133667048,4,"1,2,3,4",1,1,1,1
chr9,133766821,133767054,4,"1,2,3,4",1,1,1,1
chr9,134021493,134021766,4,"1,2,3,4",1,1,1,1
chr9,134046546,134046734,4,"1,2,3,4",1,1,1,1
chr9,134050329,134050471,4,"1,2,3,4",1,1,1,1
chr9,134054659,134055039,4,"1,2,3,4",1,1,1,1
chr9,134056601,134056933,4,"1,2,3,4",1,1,1,1
chr9,134058324,134058391,4,"1,2,3,4",1,1,1,1
chr9,134061605,134061814,4,"1,2,3,4",1,1,1,1
chr9,134073609,134073944,4,"1,2,3,4",1,1,1,1
chr9,134074294,134074363,4,"1,2,3,4",1,1,1,1
chr9,134082917,134082999,4,"1,2,3,4",1,1,1,1
chr9,134139577,134139894,4,"1,2,3,4",1,1,1,1
chr9,134154439,134154847,4,"1,2,3,4",1,1,1,1
chr9,134157801,134158664,4,"1,2,3,4",1,1,1,1
chr9,134165352,134165426,4,"1,2,3,4",1,1,1,1
chr9,134377483,134377695,4,"1,2,3,4",1,1,1,1
chr9,134377996,134380008,4,"1,2,3,4",1,1,1,1
chr9,135544276,135547344,4,"1,2,3,4",1,1,1,1
chr9,135547572,135547744,4,"1,2,3,4",1,1,1,1
chr9,135817628,135817770,4,"1,2,3,4",1,1,1,1
chr9,135818379,135818483,4,"1,2,3,4",1,1,1,1
chr9,135903835,135903997,4,"1,2,3,4",1,1,1,1
chr9,135904340,135904387,4,"1,2,3,4",1,1,1,1
chr9,135904572,135907848,4,"1,2,3,4",1,1,1,1
chr9,135996537,135996573,4,"1,2,3,4",1,1,1,1
chr9,135996832,135997169,4,"1,2,3,4",1,1,1,1
chr9,135997916,135998090,4,"1,2,3,4",1,1,1,1
chr9,135998572,135999084,4,"1,2,3,4",1,1,1,1
chr9,135999447,135999528,4,"1,2,3,4",1,1,1,1
chr9,136009381,136009454,4,"1,2,3,4",1,1,1,1
chr9,136009506,136009607,4,"1,2,3,4",1,1,1,1
chr9,136013040,136013595,4,"1,2,3,4",1,1,1,1
chr9,136113589,136115084,4,"1,2,3,4",1,1,1,1
chr9,136201246,136204062,4,"1,2,3,4",1,1,1,1
chr9,136212904,136216333,4,"1,2,3,4",1,1,1,1
chr9,136240966,136242942,4,"1,2,3,4",1,1,1,1
chr9,136243101,136244062,4,"1,2,3,4",1,1,1,1
chr9,136281245,136284480,4,"1,2,3,4",1,1,1,1
chr9,136324643,136325869,4,"1,2,3,4",1,1,1,1
chr9,136351402,136351447,4,"1,2,3,4",1,1,1,1
chr9,136423873,136424004,4,"1,2,3,4",1,1,1,1
chr9,136857152,136857665,4,"1,2,3,4",1,1,1,1
chr9,136857868,136858740,4,"1,2,3,4",1,1,1,1
chr9,136889823,136891680,4,"1,2,3,4",1,1,1,1
chr9,136930868,136932771,4,"1,2,3,4",1,1,1,1
chr9,136933023,136933121,4,"1,2,3,4",1,1,1,1
chr9,136933331,136934207,4,"1,2,3,4",1,1,1,1
chr9,136934378,136934538,4,"1,2,3,4",1,1,1,1
chr9,136999694,137002651,4,"1,2,3,4",1,1,1,1
chr9,137029655,137031086,4,"1,2,3,4",1,1,1,1
chr9,137216983,137217959,4,"1,2,3,4",1,1,1,1
chr9,137218329,137221462,4,"1,2,3,4",1,1,1,1
chr9,137230000,137230096,4,"1,2,3,4",1,1,1,1
chr9,137230534,137231283,4,"1,2,3,4",1,1,1,1
chr9,137236313,137236386,4,"1,2,3,4",1,1,1,1
chr9,137248721,137248841,4,"1,2,3,4",1,1,1,1
chr9,137249231,137249352,4,"1,2,3,4",1,1,1,1
chr9,137298929,137299164,4,"1,2,3,4",1,1,1,1
chr9,137299339,137299414,4,"1,2,3,4",1,1,1,1
chrX,2835957,2836023,4,"1,2,3,4",1,1,1,1
chrX,3061681,3061723,4,"1,2,3,4",1,1,1,1
chrX,3061735,3061863,4,"1,2,3,4",1,1,1,1
chrX,7894448,7896470,4,"1,2,3,4",1,1,1,1
chrX,11128410,11130763,4,"1,2,3,4",1,1,1,1
chrX,11283889,11284096,4,"1,2,3,4",1,1,1,1
chrX,12789577,12789609,4,"1,2,3,4",1,1,1,1
chrX,12974145,12974908,4,"1,2,3,4",1,1,1,1
chrX,12982932,12982974,4,"1,2,3,4",1,1,1,1
chrX,12983266,12983824,4,"1,2,3,4",1,1,1,1
chrX,13032063,13032102,4,"1,2,3,4",1,1,1,1
chrX,13309403,13310714,4,"1,2,3,4",1,1,1,1
chrX,13310906,13311080,4,"1,2,3,4",1,1,1,1
chrX,13311584,13312136,4,"1,2,3,4",1,1,1,1
chrX,13687422,13687443,4,"1,2,3,4",1,1,1,1
chrX,13687599,13687719,4,"1,2,3,4",1,1,1,1
chrX,13706640,13708666,4,"1,2,3,4",1,1,1,1
chrX,13708900,13709159,4,"1,2,3,4",1,1,1,1
chrX,15352321,15352465,4,"1,2,3,4",1,1,1,1
chrX,15352659,15354569,4,"1,2,3,4",1,1,1,1
chrX,15567577,15568705,4,"1,2,3,4",1,1,1,1
chrX,15568987,15569531,4,"1,2,3,4",1,1,1,1
chrX,15598663,15598684,4,"1,2,3,4",1,1,1,1
chrX,15692237,15695046,4,"1,2,3,4",1,1,1,1
chrX,16729346,16729632,4,"1,2,3,4",1,1,1,1
chrX,16789927,16790008,4,"1,2,3,4",1,1,1,1
chrX,16803418,16804355,4,"1,2,3,4",1,1,1,1
chrX,16804509,16806224,4,"1,2,3,4",1,1,1,1
chrX,16887651,16888436,4,"1,2,3,4",1,1,1,1
chrX,16888754,16889936,4,"1,2,3,4",1,1,1,1
chrX,16900779,16901490,4,"1,2,3,4",1,1,1,1
chrX,18692541,18693897,4,"1,2,3,4",1,1,1,1
chrX,18694480,18694592,4,"1,2,3,4",1,1,1,1
chrX,19361030,19363399,4,"1,2,3,4",1,1,1,1
chrX,19363558,19363736,4,"1,2,3,4",1,1,1,1
chrX,19905059,19905733,4,"1,2,3,4",1,1,1,1
chrX,20008220,20009140,4,"1,2,3,4",1,1,1,1
chrX,20009569,20009648,4,"1,2,3,4",1,1,1,1
chrX,20157154,20157366,4,"1,2,3,4",1,1,1,1
chrX,20157783,20159911,4,"1,2,3,4",1,1,1,1
chrX,21857229,21858864,4,"1,2,3,4",1,1,1,1
chrX,23760208,23762141,4,"1,2,3,4",1,1,1,1
chrX,23791336,23791485,4,"1,2,3,4",1,1,1,1
chrX,24044716,24044982,4,"1,2,3,4",1,1,1,1
chrX,25030937,25031720,4,"1,2,3,4",1,1,1,1
chrX,25032014,25032114,4,"1,2,3,4",1,1,1,1
chrX,25038923,25039086,4,"1,2,3,4",1,1,1,1
chrX,30233524,30234502,4,"1,2,3,4",1,1,1,1
chrX,30670550,30672654,4,"1,2,3,4",1,1,1,1
chrX,37431659,37432205,4,"1,2,3,4",1,1,1,1
chrX,37544917,37546113,4,"1,2,3,4",1,1,1,1
chrX,37546426,37546818,4,"1,2,3,4",1,1,1,1
chrX,37547210,37547263,4,"1,2,3,4",1,1,1,1
chrX,39872025,39874672,4,"1,2,3,4",1,1,1,1
chrX,39976781,39977063,4,"1,2,3,4",1,1,1,1
chrX,40007136,40007933,4,"1,2,3,4",1,1,1,1
chrX,40010151,40015655,4,"1,2,3,4",1,1,1,1
chrX,40505598,40507272,4,"1,2,3,4",1,1,1,1
chrX,40653782,40653888,4,"1,2,3,4",1,1,1,1
chrX,40907339,40907422,4,"1,2,3,4",1,1,1,1
chrX,40943172,40944982,4,"1,2,3,4",1,1,1,1
chrX,41243031,41243126,4,"1,2,3,4",1,1,1,1
chrX,41243337,41243594,4,"1,2,3,4",1,1,1,1
chrX,41301287,41302199,4,"1,2,3,4",1,1,1,1
chrX,41480484,41480656,4,"1,2,3,4",1,1,1,1
chrX,41782015,41782509,4,"1,2,3,4",1,1,1,1
chrX,41782911,41783664,4,"1,2,3,4",1,1,1,1
chrX,44731087,44735615,4,"1,2,3,4",1,1,1,1
chrX,44774283,44774389,4,"1,2,3,4",1,1,1,1
chrX,44774653,44774899,4,"1,2,3,4",1,1,1,1
chrX,47076767,47077170,4,"1,2,3,4",1,1,1,1
chrX,47077424,47080235,4,"1,2,3,4",1,1,1,1
chrX,47091645,47093995,4,"1,2,3,4",1,1,1,1
chrX,47225557,47225894,4,"1,2,3,4",1,1,1,1
chrX,47382711,47383602,4,"1,2,3,4",1,1,1,1
chrX,47441208,47443652,4,"1,2,3,4",1,1,1,1
chrX,47478860,47479376,4,"1,2,3,4",1,1,1,1
chrX,47489819,47489878,4,"1,2,3,4",1,1,1,1
chrX,47508101,47510063,4,"1,2,3,4",1,1,1,1
chrX,47510298,47511036,4,"1,2,3,4",1,1,1,1
chrX,47517318,47518669,4,"1,2,3,4",1,1,1,1
chrX,47571659,47571985,4,"1,2,3,4",1,1,1,1
chrX,47697191,47697284,4,"1,2,3,4",1,1,1,1
chrX,48291972,48292045,4,"1,2,3,4",1,1,1,1
chrX,48324190,48324192,4,"1,2,3,4",1,1,1,1
chrX,48325224,48328658,4,"1,2,3,4",1,1,1,1
chrX,48333136,48336003,4,"1,2,3,4",1,1,1,1
chrX,48366343,48368175,4,"1,2,3,4",1,1,1,1
chrX,48379547,48381678,4,"1,2,3,4",1,1,1,1
chrX,48381926,48382383,4,"1,2,3,4",1,1,1,1
chrX,48397588,48399150,4,"1,2,3,4",1,1,1,1
chrX,48431670,48435062,4,"1,2,3,4",1,1,1,1
chrX,48448473,48448806,4,"1,2,3,4",1,1,1,1
chrX,48449125,48449313,4,"1,2,3,4",1,1,1,1
chrX,48450102,48450212,4,"1,2,3,4",1,1,1,1
chrX,48455633,48457135,4,"1,2,3,4",1,1,1,1
chrX,48533545,48533897,4,"1,2,3,4",1,1,1,1
chrX,48534058,48536142,4,"1,2,3,4",1,1,1,1
chrX,48542043,48542408,4,"1,2,3,4",1,1,1,1
chrX,48542573,48542766,4,"1,2,3,4",1,1,1,1
chrX,48560582,48560831,4,"1,2,3,4",1,1,1,1
chrX,48561031,48561149,4,"1,2,3,4",1,1,1,1
chrX,48595085,48597170,4,"1,2,3,4",1,1,1,1
chrX,48641005,48641359,4,"1,2,3,4",1,1,1,1
chrX,48641550,48642225,4,"1,2,3,4",1,1,1,1
chrX,48643325,48643895,4,"1,2,3,4",1,1,1,1
chrX,48644189,48646165,4,"1,2,3,4",1,1,1,1
chrX,48753694,48756985,4,"1,2,3,4",1,1,1,1
chrX,48767818,48770517,4,"1,2,3,4",1,1,1,1
chrX,48771141,48777591,4,"1,2,3,4",1,1,1,1
chrX,48794052,48794166,4,"1,2,3,4",1,1,1,1
chrX,48794713,48794831,4,"1,2,3,4",1,1,1,1
chrX,48795068,48795119,4,"1,2,3,4",1,1,1,1
chrX,48799496,48799833,4,"1,2,3,4",1,1,1,1
chrX,48800077,48800299,4,"1,2,3,4",1,1,1,1
chrX,48810831,48811035,4,"1,2,3,4",1,1,1,1
chrX,48819050,48819420,4,"1,2,3,4",1,1,1,1
chrX,48828463,48828856,4,"1,2,3,4",1,1,1,1
chrX,48897690,48898080,4,"1,2,3,4",1,1,1,1
chrX,48898769,48901078,4,"1,2,3,4",1,1,1,1
chrX,48901438,48902113,4,"1,2,3,4",1,1,1,1
chrX,48910679,48911190,4,"1,2,3,4",1,1,1,1
chrX,48911276,48911906,4,"1,2,3,4",1,1,1,1
chrX,48936238,48938544,4,"1,2,3,4",1,1,1,1
chrX,48955700,48956041,4,"1,2,3,4",1,1,1,1
chrX,48956245,48956442,4,"1,2,3,4",1,1,1,1
chrX,48956815,48957144,4,"1,2,3,4",1,1,1,1
chrX,48957450,48958941,4,"1,2,3,4",1,1,1,1
chrX,48979064,48980327,4,"1,2,3,4",1,1,1,1
chrX,48980561,48980721,4,"1,2,3,4",1,1,1,1
chrX,49019718,49020134,4,"1,2,3,4",1,1,1,1
chrX,49020342,49021015,4,"1,2,3,4",1,1,1,1
chrX,49023650,49023992,4,"1,2,3,4",1,1,1,1
chrX,49028224,49030104,4,"1,2,3,4",1,1,1,1
chrX,49046331,49047413,4,"1,2,3,4",1,1,1,1
chrX,49047784,49048480,4,"1,2,3,4",1,1,1,1
chrX,49055418,49055937,4,"1,2,3,4",1,1,1,1
chrX,49056308,49056637,4,"1,2,3,4",1,1,1,1
chrX,49056929,49057099,4,"1,2,3,4",1,1,1,1
chrX,49083466,49083664,4,"1,2,3,4",1,1,1,1
chrX,49086701,49087785,4,"1,2,3,4",1,1,1,1
chrX,49091741,49092028,4,"1,2,3,4",1,1,1,1
chrX,49594067,49594079,4,"1,2,3,4",1,1,1,1
chrX,49686813,49686938,4,"1,2,3,4",1,1,1,1
chrX,49687158,49688365,4,"1,2,3,4",1,1,1,1
chrX,49689191,49689199,4,"1,2,3,4",1,1,1,1
chrX,49689798,49689965,4,"1,2,3,4",1,1,1,1
chrX,51486434,51487428,4,"1,2,3,4",1,1,1,1
chrX,52896426,52896480,4,"1,2,3,4",1,1,1,1
chrX,52926710,52926779,4,"1,2,3,4",1,1,1,1
chrX,53100882,53101576,4,"1,2,3,4",1,1,1,1
chrX,53101834,53101994,4,"1,2,3,4",1,1,1,1
chrX,53110474,53110641,4,"1,2,3,4",1,1,1,1
chrX,53110865,53112657,4,"1,2,3,4",1,1,1,1
chrX,53122658,53123018,4,"1,2,3,4",1,1,1,1
chrX,53401516,53401927,4,"1,2,3,4",1,1,1,1
chrX,53447867,53450373,4,"1,2,3,4",1,1,1,1
chrX,53460382,53461922,4,"1,2,3,4",1,1,1,1
chrX,54068889,54072133,4,"1,2,3,4",1,1,1,1
chrX,54665296,54667085,4,"1,2,3,4",1,1,1,1
chrX,54834244,54836253,4,"1,2,3,4",1,1,1,1
chrX,55054962,55055066,4,"1,2,3,4",1,1,1,1
chrX,55056070,55056072,4,"1,2,3,4",1,1,1,1
chrX,55056684,55056961,4,"1,2,3,4",1,1,1,1
chrX,55057369,55057466,4,"1,2,3,4",1,1,1,1
chrX,55186757,55188271,4,"1,2,3,4",1,1,1,1
chrX,55478066,55479750,4,"1,2,3,4",1,1,1,1
chrX,55514533,55516742,4,"1,2,3,4",1,1,1,1
chrX,62779797,62781464,4,"1,2,3,4",1,1,1,1
chrX,64918145,64918224,4,"1,2,3,4",1,1,1,1
chrX,65948687,65949100,4,"1,2,3,4",1,1,1,1
chrX,68048232,68049407,4,"1,2,3,4",1,1,1,1
chrX,68049478,68049768,4,"1,2,3,4",1,1,1,1
chrX,68836185,68836321,4,"1,2,3,4",1,1,1,1
chrX,69509040,69511295,4,"1,2,3,4",1,1,1,1
chrX,70287112,70288932,4,"1,2,3,4",1,1,1,1
chrX,70391471,70391609,4,"1,2,3,4",1,1,1,1
chrX,70401292,70401938,4,"1,2,3,4",1,1,1,1
chrX,70402183,70402504,4,"1,2,3,4",1,1,1,1
chrX,71238150,71238274,4,"1,2,3,4",1,1,1,1
chrX,71493700,71497543,4,"1,2,3,4",1,1,1,1
chrX,71525587,71527485,4,"1,2,3,4",1,1,1,1
chrX,71528778,71529237,4,"1,2,3,4",1,1,1,1
chrX,71791672,71793235,4,"1,2,3,4",1,1,1,1
chrX,72782451,72783786,4,"1,2,3,4",1,1,1,1
chrX,73067848,73067949,4,"1,2,3,4",1,1,1,1
chrX,73068168,73072437,4,"1,2,3,4",1,1,1,1
chrX,73832535,73834985,4,"1,2,3,4",1,1,1,1
chrX,74374360,74374446,4,"1,2,3,4",1,1,1,1
chrX,74374841,74376950,4,"1,2,3,4",1,1,1,1
chrX,75365961,75365985,4,"1,2,3,4",1,1,1,1
chrX,75392383,75394346,4,"1,2,3,4",1,1,1,1
chrX,77364212,77364954,4,"1,2,3,4",1,1,1,1
chrX,100638621,100639335,4,"1,2,3,4",1,1,1,1
chrX,100639551,100642073,4,"1,2,3,4",1,1,1,1
chrX,100643878,100643952,4,"1,2,3,4",1,1,1,1
chrX,100644168,100644245,4,"1,2,3,4",1,1,1,1
chrX,100644440,100648981,4,"1,2,3,4",1,1,1,1
chrX,100663330,100664432,4,"1,2,3,4",1,1,1,1
chrX,100805958,100805999,4,"1,2,3,4",1,1,1,1
chrX,100806201,100806452,4,"1,2,3,4",1,1,1,1
chrX,100877845,100879575,4,"1,2,3,4",1,1,1,1
chrX,100913739,100914124,4,"1,2,3,4",1,1,1,1
chrX,101186312,101187196,4,"1,2,3,4",1,1,1,1
chrX,101410511,101410619,4,"1,2,3,4",1,1,1,1
chrX,101771392,101771692,4,"1,2,3,4",1,1,1,1
chrX,101914671,101915295,4,"1,2,3,4",1,1,1,1
chrX,102508491,102510562,4,"1,2,3,4",1,1,1,1
chrX,102611251,102612534,4,"1,2,3,4",1,1,1,1
chrX,102659578,102660583,4,"1,2,3,4",1,1,1,1
chrX,102809248,102810127,4,"1,2,3,4",1,1,1,1
chrX,102883526,102885299,4,"1,2,3,4",1,1,1,1
chrX,102939951,102941730,4,"1,2,3,4",1,1,1,1
chrX,102941884,102943268,4,"1,2,3,4",1,1,1,1
chrX,103086690,103086740,4,"1,2,3,4",1,1,1,1
chrX,103086783,103087037,4,"1,2,3,4",1,1,1,1
chrX,103356998,103357498,4,"1,2,3,4",1,1,1,1
chrX,105855141,105855350,4,"1,2,3,4",1,1,1,1
chrX,106898320,106898590,4,"1,2,3,4",1,1,1,1
chrX,109558478,109562265,4,"1,2,3,4",1,1,1,1
chrX,109616398,109616556,4,"1,2,3,4",1,1,1,1
chrX,113624751,113625359,4,"1,2,3,4",1,1,1,1
chrX,118108156,118111299,4,"1,2,3,4",1,1,1,1
chrX,118111470,118111524,4,"1,2,3,4",1,1,1,1
chrX,118819177,118820239,4,"1,2,3,4",1,1,1,1
chrX,118824503,118824537,4,"1,2,3,4",1,1,1,1
chrX,118824711,118827932,4,"1,2,3,4",1,1,1,1
chrX,119076049,119078363,4,"1,2,3,4",1,1,1,1
chrX,119293142,119293232,4,"1,2,3,4",1,1,1,1
chrX,119293255,119293269,4,"1,2,3,4",1,1,1,1
chrX,119377891,119379352,4,"1,2,3,4",1,1,1,1
chrX,119383900,119386155,4,"1,2,3,4",1,1,1,1
chrX,119590955,119590967,4,"1,2,3,4",1,1,1,1
chrX,119592258,119592289,4,"1,2,3,4",1,1,1,1
chrX,119619185,119620459,4,"1,2,3,4",1,1,1,1
chrX,119683568,119683727,4,"1,2,3,4",1,1,1,1
chrX,119692357,119696322,4,"1,2,3,4",1,1,1,1
chrX,119762621,119762780,4,"1,2,3,4",1,1,1,1
chrX,119762964,119764629,4,"1,2,3,4",1,1,1,1
chrX,120160458,120160501,4,"1,2,3,4",1,1,1,1
chrX,124286580,124286868,4,"1,2,3,4",1,1,1,1
chrX,124287063,124287076,4,"1,2,3,4",1,1,1,1
chrX,124287266,124288849,4,"1,2,3,4",1,1,1,1
chrX,129039632,129041511,4,"1,2,3,4",1,1,1,1
chrX,129401306,129402784,4,"1,2,3,4",1,1,1,1
chrX,129535147,129536891,4,"1,2,3,4",1,1,1,1
chrX,130385167,130385250,4,"1,2,3,4",1,1,1,1
chrX,130385597,130385692,4,"1,2,3,4",1,1,1,1
chrX,131349820,131349862,4,"1,2,3,4",1,1,1,1
chrX,131350183,131351447,4,"1,2,3,4",1,1,1,1
chrX,134165771,134167652,4,"1,2,3,4",1,1,1,1
chrX,134232006,134232493,4,"1,2,3,4",1,1,1,1
chrX,134232591,134232700,4,"1,2,3,4",1,1,1,1
chrX,134233325,134233330,4,"1,2,3,4",1,1,1,1
chrX,134555349,134556436,4,"1,2,3,4",1,1,1,1
chrX,134654090,134656825,4,"1,2,3,4",1,1,1,1
chrX,134657091,134657386,4,"1,2,3,4",1,1,1,1
chrX,134909186,134910502,4,"1,2,3,4",1,1,1,1
chrX,135054641,135054712,4,"1,2,3,4",1,1,1,1
chrX,135054867,135056271,4,"1,2,3,4",1,1,1,1
chrX,135056673,135056998,4,"1,2,3,4",1,1,1,1
chrX,135066991,135068841,4,"1,2,3,4",1,1,1,1
chrX,135179570,135180382,4,"1,2,3,4",1,1,1,1
chrX,135180610,135180652,4,"1,2,3,4",1,1,1,1
chrX,135189266,135189301,4,"1,2,3,4",1,1,1,1
chrX,135229062,135229422,4,"1,2,3,4",1,1,1,1
chrX,135578388,135580794,4,"1,2,3,4",1,1,1,1
chrX,135959420,135963428,4,"1,2,3,4",1,1,1,1
chrX,135966486,135966677,4,"1,2,3,4",1,1,1,1
chrX,135990963,135993732,4,"1,2,3,4",1,1,1,1
chrX,135994016,135994078,4,"1,2,3,4",1,1,1,1
chrX,140992591,140992808,4,"1,2,3,4",1,1,1,1
chrX,149531209,149531309,4,"1,2,3,4",1,1,1,1
chrX,149531622,149531746,4,"1,2,3,4",1,1,1,1
chrX,149533435,149534219,4,"1,2,3,4",1,1,1,1
chrX,149534528,149534642,4,"1,2,3,4",1,1,1,1
chrX,150564801,150567687,4,"1,2,3,4",1,1,1,1
chrX,150567972,150567982,4,"1,2,3,4",1,1,1,1
chrX,150568623,150568759,4,"1,2,3,4",1,1,1,1
chrX,151901647,151904423,4,"1,2,3,4",1,1,1,1
chrX,152109439,152110940,4,"1,2,3,4",1,1,1,1
chrX,152126598,152127318,4,"1,2,3,4",1,1,1,1
chrX,152127724,152127891,4,"1,2,3,4",1,1,1,1
chrX,152676553,152678018,4,"1,2,3,4",1,1,1,1
chrX,152734897,152736148,4,"1,2,3,4",1,1,1,1
chrX,152736582,152736758,4,"1,2,3,4",1,1,1,1
chrX,152740289,152740640,4,"1,2,3,4",1,1,1,1
chrX,152908252,152908554,4,"1,2,3,4",1,1,1,1
chrX,152908718,152908835,4,"1,2,3,4",1,1,1,1
chrX,152909048,152909537,4,"1,2,3,4",1,1,1,1
chrX,152909875,152910283,4,"1,2,3,4",1,1,1,1
chrX,152912217,152912757,4,"1,2,3,4",1,1,1,1
chrX,152987725,152992898,4,"1,2,3,4",1,1,1,1
chrX,153030157,153032100,4,"1,2,3,4",1,1,1,1
chrX,153056877,153057168,4,"1,2,3,4",1,1,1,1
chrX,153057449,153057620,4,"1,2,3,4",1,1,1,1
chrX,153058323,153061695,4,"1,2,3,4",1,1,1,1
chrX,153061961,153062069,4,"1,2,3,4",1,1,1,1
chrX,153084152,153085148,4,"1,2,3,4",1,1,1,1
chrX,153189700,153190097,4,"1,2,3,4",1,1,1,1
chrX,153190818,153193685,4,"1,2,3,4",1,1,1,1
chrX,153194146,153194313,4,"1,2,3,4",1,1,1,1
chrX,153198873,153200497,4,"1,2,3,4",1,1,1,1
chrX,153200786,153201336,4,"1,2,3,4",1,1,1,1
chrX,153207305,153207512,4,"1,2,3,4",1,1,1,1
chrX,153209352,153210448,4,"1,2,3,4",1,1,1,1
chrX,153231910,153232070,4,"1,2,3,4",1,1,1,1
chrX,153232698,153235649,4,"1,2,3,4",1,1,1,1
chrX,153239115,153239876,4,"1,2,3,4",1,1,1,1
chrX,153250747,153251132,4,"1,2,3,4",1,1,1,1
chrX,153267710,153268080,4,"1,2,3,4",1,1,1,1
chrX,153283463,153285299,4,"1,2,3,4",1,1,1,1
chrX,153285454,153286653,4,"1,2,3,4",1,1,1,1
chrX,153357224,153357963,4,"1,2,3,4",1,1,1,1
chrX,153359623,153363189,4,"1,2,3,4",1,1,1,1
chrX,153363415,153363791,4,"1,2,3,4",1,1,1,1
chrX,153363958,153363993,4,"1,2,3,4",1,1,1,1
chrX,153402255,153402363,4,"1,2,3,4",1,1,1,1
chrX,153596547,153600734,4,"1,2,3,4",1,1,1,1
chrX,153601800,153602853,4,"1,2,3,4",1,1,1,1
chrX,153603095,153603675,4,"1,2,3,4",1,1,1,1
chrX,153606248,153607100,4,"1,2,3,4",1,1,1,1
chrX,153607630,153609296,4,"1,2,3,4",1,1,1,1
chrX,153636725,153638380,4,"1,2,3,4",1,1,1,1
chrX,153639212,153640877,4,"1,2,3,4",1,1,1,1
chrX,153656302,153658369,4,"1,2,3,4",1,1,1,1
chrX,153658851,153659238,4,"1,2,3,4",1,1,1,1
chrX,153659496,153659570,4,"1,2,3,4",1,1,1,1
chrX,153664830,153664987,4,"1,2,3,4",1,1,1,1
chrX,153665007,153665114,4,"1,2,3,4",1,1,1,1
chrX,153665322,153666722,4,"1,2,3,4",1,1,1,1
chrX,153672090,153672323,4,"1,2,3,4",1,1,1,1
chrX,153672564,153673846,4,"1,2,3,4",1,1,1,1
chrX,153685812,153688599,4,"1,2,3,4",1,1,1,1
chrX,153706211,153707233,4,"1,2,3,4",1,1,1,1
chrX,153707416,153708115,4,"1,2,3,4",1,1,1,1
chrX,153714868,153715657,4,"1,2,3,4",1,1,1,1
chrX,153717620,153720033,4,"1,2,3,4",1,1,1,1
chrX,153724023,153724164,4,"1,2,3,4",1,1,1,1
chrX,153743516,153745474,4,"1,2,3,4",1,1,1,1
chrX,153755544,153755817,4,"1,2,3,4",1,1,1,1
chrX,153769402,153770094,4,"1,2,3,4",1,1,1,1
chrX,153770549,153771133,4,"1,2,3,4",1,1,1,1
chrX,153771402,153771506,4,"1,2,3,4",1,1,1,1
chrX,153773069,153773774,4,"1,2,3,4",1,1,1,1
chrX,153773982,153778022,4,"1,2,3,4",1,1,1,1
chrX,153976685,153977085,4,"1,2,3,4",1,1,1,1
chrX,153977432,153980053,4,"1,2,3,4",1,1,1,1
chrX,153989818,153991097,4,"1,2,3,4",1,1,1,1
chrX,154025064,154025194,4,"1,2,3,4",1,1,1,1
chrX,154025693,154025857,4,"1,2,3,4",1,1,1,1
chrX,154026285,154027103,4,"1,2,3,4",1,1,1,1
chrX,154027277,154027605,4,"1,2,3,4",1,1,1,1
chrX,154027771,154031573,4,"1,2,3,4",1,1,1,1
chrX,154146346,154146671,4,"1,2,3,4",1,1,1,1
chrX,154285891,154286021,4,"1,2,3,4",1,1,1,1
chrX,154297940,154299421,4,"1,2,3,4",1,1,1,1
chrX,154299672,154301280,4,"1,2,3,4",1,1,1,1
chrX,154375764,154375880,4,"1,2,3,4",1,1,1,1
chrX,154443842,154446659,4,"1,2,3,4",1,1,1,1
chrX,154561580,154564015,4,"1,2,3,4",1,1,1,1
chrX,154564559,154564639,4,"1,2,3,4",1,1,1,1
chrX,154841474,154842940,4,"1,2,3,4",1,1,1,1
