chrom,start,end,peak_count,files,K562/H3K4me3/ENCFF001XGU.bed.gz,K562/H3K4me3/ENCFF001SZJ.bed.gz,K562/H3K4me3/ENCFF001XGT.bed.gz,K562/H3K27me3/ENCFF001SZF.bed.gz,TF_TSS_10kb_named.bed
chr7,148695,149139,5,"1,2,3,4,5",1,1,1,1,1
chr7,149293,149710,5,"1,2,3,4,5",1,1,1,1,1
chr7,150033,150050,5,"1,2,3,4,5",1,1,1,1,1
chr7,1570101,1573072,5,"1,2,3,4,5",1,1,1,1,1
chr7,1688118,1688413,5,"1,2,3,4,5",1,1,1,1,1
chr7,1688419,1688492,5,"1,2,3,4,5",1,1,1,1,1
chr7,1780963,1782439,5,"1,2,3,4,5",1,1,1,1,1
chr7,6570514,6570869,5,"1,2,3,4,5",1,1,1,1,1
chr7,18126698,18126965,5,"1,2,3,4,5",1,1,1,1,1
chr7,20825222,20827583,5,"1,2,3,4,5",1,1,1,1,1
chr7,20830689,20831169,5,"1,2,3,4,5",1,1,1,1,1
chr7,20833193,20833447,5,"1,2,3,4,5",1,1,1,1,1
chr7,20836654,20838556,5,"1,2,3,4,5",1,1,1,1,1
chr7,22122292,22123582,5,"1,2,3,4,5",1,1,1,1,1
chr7,24796279,24796887,5,"1,2,3,4,5",1,1,1,1,1
chr7,24797465,24797658,5,"1,2,3,4,5",1,1,1,1,1
chr7,27190429,27190454,5,"1,2,3,4,5",1,1,1,1,1
chr7,27190679,27191020,5,"1,2,3,4,5",1,1,1,1,1
chr7,27200444,27200835,5,"1,2,3,4,5",1,1,1,1,1
chr7,27200903,27201004,5,"1,2,3,4,5",1,1,1,1,1
chr7,28966484,28966687,5,"1,2,3,4,5",1,1,1,1,1
chr7,28966723,28966844,5,"1,2,3,4,5",1,1,1,1,1
chr7,33168130,33169963,5,"1,2,3,4,5",1,1,1,1,1
chr7,36331370,36331729,5,"1,2,3,4,5",1,1,1,1,1
chr7,43153011,43153140,5,"1,2,3,4,5",1,1,1,1,1
chr7,50535617,50535754,5,"1,2,3,4,5",1,1,1,1,1
chr7,50857913,50861835,5,"1,2,3,4,5",1,1,1,1,1
chr7,55432574,55434442,5,"1,2,3,4,5",1,1,1,1,1
chr7,66092294,66092353,5,"1,2,3,4,5",1,1,1,1,1
chr7,66385813,66386069,5,"1,2,3,4,5",1,1,1,1,1
chr7,66919138,66919198,5,"1,2,3,4,5",1,1,1,1,1
chr7,73027511,73027571,5,"1,2,3,4,5",1,1,1,1,1
chr7,73037191,73039020,5,"1,2,3,4,5",1,1,1,1,1
chr7,75807555,75808038,5,"1,2,3,4,5",1,1,1,1,1
chr7,75830873,75830987,5,"1,2,3,4,5",1,1,1,1,1
chr7,75889408,75889615,5,"1,2,3,4,5",1,1,1,1,1
chr7,75910581,75910855,5,"1,2,3,4,5",1,1,1,1,1
chr7,75911024,75912623,5,"1,2,3,4,5",1,1,1,1,1
chr7,75921315,75921637,5,"1,2,3,4,5",1,1,1,1,1
chr7,77647660,77649694,5,"1,2,3,4,5",1,1,1,1,1
chr7,95025271,95025530,5,"1,2,3,4,5",1,1,1,1,1
chr7,95026285,95026299,5,"1,2,3,4,5",1,1,1,1,1
chr7,95401626,95402556,5,"1,2,3,4,5",1,1,1,1,1
chr7,97736005,97736050,5,"1,2,3,4,5",1,1,1,1,1
chr7,98872051,98872231,5,"1,2,3,4,5",1,1,1,1,1
chr7,99005607,99006151,5,"1,2,3,4,5",1,1,1,1,1
chr7,99577212,99577263,5,"1,2,3,4,5",1,1,1,1,1
chr7,99588761,99588772,5,"1,2,3,4,5",1,1,1,1,1
chr7,99612825,99614640,5,"1,2,3,4,5",1,1,1,1,1
chr7,99647466,99647566,5,"1,2,3,4,5",1,1,1,1,1
chr7,100342791,100342954,5,"1,2,3,4,5",1,1,1,1,1
chr7,100423362,100423492,5,"1,2,3,4,5",1,1,1,1,1
chr7,100608478,100608503,5,"1,2,3,4,5",1,1,1,1,1
chr7,100608754,100610133,5,"1,2,3,4,5",1,1,1,1,1
chr7,100610646,100610722,5,"1,2,3,4,5",1,1,1,1,1
chr7,100806998,100808832,5,"1,2,3,4,5",1,1,1,1,1
chr7,100809007,100809721,5,"1,2,3,4,5",1,1,1,1,1
chr7,100813059,100813078,5,"1,2,3,4,5",1,1,1,1,1
chr7,100817173,100817328,5,"1,2,3,4,5",1,1,1,1,1
chr7,100822530,100822609,5,"1,2,3,4,5",1,1,1,1,1
chr7,100826007,100826296,5,"1,2,3,4,5",1,1,1,1,1
chr7,100964486,100965725,5,"1,2,3,4,5",1,1,1,1,1
chr7,101372651,101372674,5,"1,2,3,4,5",1,1,1,1,1
chr7,101386379,101387530,5,"1,2,3,4,5",1,1,1,1,1
chr7,101397915,101398383,5,"1,2,3,4,5",1,1,1,1,1
chr7,103019905,103020251,5,"1,2,3,4,5",1,1,1,1,1
chr7,103086062,103086917,5,"1,2,3,4,5",1,1,1,1,1
chr7,104657749,104658587,5,"1,2,3,4,5",1,1,1,1,1
chr7,105817047,105817161,5,"1,2,3,4,5",1,1,1,1,1
chr7,107477193,107477570,5,"1,2,3,4,5",1,1,1,1,1
chr7,107744753,107744794,5,"1,2,3,4,5",1,1,1,1,1
chr7,112726093,112727625,5,"1,2,3,4,5",1,1,1,1,1
chr7,112757371,112759173,5,"1,2,3,4,5",1,1,1,1,1
chr7,121078309,121078459,5,"1,2,3,4,5",1,1,1,1,1
chr7,121081057,121081290,5,"1,2,3,4,5",1,1,1,1,1
chr7,126987966,126988241,5,"1,2,3,4,5",1,1,1,1,1
chr7,127290980,127294033,5,"1,2,3,4,5",1,1,1,1,1
chr7,127294731,127295324,5,"1,2,3,4,5",1,1,1,1,1
chr7,127295536,127295668,5,"1,2,3,4,5",1,1,1,1,1
chr7,127295848,127296092,5,"1,2,3,4,5",1,1,1,1,1
chr7,128001233,128001667,5,"1,2,3,4,5",1,1,1,1,1
chr7,128337216,128338153,5,"1,2,3,4,5",1,1,1,1,1
chr7,128692572,128692718,5,"1,2,3,4,5",1,1,1,1,1
chr7,128692907,128696551,5,"1,2,3,4,5",1,1,1,1,1
chr7,128696803,128696820,5,"1,2,3,4,5",1,1,1,1,1
chr7,128706274,128707418,5,"1,2,3,4,5",1,1,1,1,1
chr7,128784196,128784302,5,"1,2,3,4,5",1,1,1,1,1
chr7,128784470,128785476,5,"1,2,3,4,5",1,1,1,1,1
chr7,128790074,128790671,5,"1,2,3,4,5",1,1,1,1,1
chr7,128863767,128866683,5,"1,2,3,4,5",1,1,1,1,1
chr7,129072864,129076021,5,"1,2,3,4,5",1,1,1,1,1
chr7,129141632,129143120,5,"1,2,3,4,5",1,1,1,1,1
chr7,129194041,129194245,5,"1,2,3,4,5",1,1,1,1,1
chr7,129771358,129771730,5,"1,2,3,4,5",1,1,1,1,1
chr7,129771983,129772112,5,"1,2,3,4,5",1,1,1,1,1
chr7,129791907,129792439,5,"1,2,3,4,5",1,1,1,1,1
chr7,130032251,130032528,5,"1,2,3,4,5",1,1,1,1,1
chr7,130080317,130080510,5,"1,2,3,4,5",1,1,1,1,1
chr7,130352331,130354551,5,"1,2,3,4,5",1,1,1,1,1
chr7,130789831,130796538,5,"1,2,3,4,5",1,1,1,1,1
chr7,130849569,130849830,5,"1,2,3,4,5",1,1,1,1,1
chr7,131240887,131240996,5,"1,2,3,4,5",1,1,1,1,1
chr7,131241010,131241358,5,"1,2,3,4,5",1,1,1,1,1
chr7,131241672,131241867,5,"1,2,3,4,5",1,1,1,1,1
chr7,131241869,131241971,5,"1,2,3,4,5",1,1,1,1,1
chr7,132761929,132762503,5,"1,2,3,4,5",1,1,1,1,1
chr7,132762705,132762710,5,"1,2,3,4,5",1,1,1,1,1
chr7,132763980,132764360,5,"1,2,3,4,5",1,1,1,1,1
chr7,132764631,132764639,5,"1,2,3,4,5",1,1,1,1,1
chr7,132764803,132767305,5,"1,2,3,4,5",1,1,1,1,1
chr7,134117299,134118010,5,"1,2,3,4,5",1,1,1,1,1
chr7,135718348,135718452,5,"1,2,3,4,5",1,1,1,1,1
chr7,135718755,135719259,5,"1,2,3,4,5",1,1,1,1,1
chr7,135737754,135737934,5,"1,2,3,4,5",1,1,1,1,1
chr7,138788397,138789617,5,"1,2,3,4,5",1,1,1,1,1
chr7,138789802,138790566,5,"1,2,3,4,5",1,1,1,1,1
chr7,138790750,138795105,5,"1,2,3,4,5",1,1,1,1,1
chr7,138802793,138804151,5,"1,2,3,4,5",1,1,1,1,1
chr7,139226471,139226541,5,"1,2,3,4,5",1,1,1,1,1
chr7,139226952,139227681,5,"1,2,3,4,5",1,1,1,1,1
chr7,139228806,139228913,5,"1,2,3,4,5",1,1,1,1,1
chr7,139229222,139229364,5,"1,2,3,4,5",1,1,1,1,1
chr7,139315634,139316340,5,"1,2,3,4,5",1,1,1,1,1
chr7,139784916,139784995,5,"1,2,3,4,5",1,1,1,1,1
chr7,139785050,139785110,5,"1,2,3,4,5",1,1,1,1,1
chr7,140022460,140022677,5,"1,2,3,4,5",1,1,1,1,1
chr7,140022838,140022863,5,"1,2,3,4,5",1,1,1,1,1
chr7,140023125,140023207,5,"1,2,3,4,5",1,1,1,1,1
chr7,140371626,140374060,5,"1,2,3,4,5",1,1,1,1,1
chr7,140713126,140715554,5,"1,2,3,4,5",1,1,1,1,1
chr7,141436751,141439711,5,"1,2,3,4,5",1,1,1,1,1
chr7,142490817,142491207,5,"1,2,3,4,5",1,1,1,1,1
chr7,142494127,142495629,5,"1,2,3,4,5",1,1,1,1,1
chr7,142495787,142495851,5,"1,2,3,4,5",1,1,1,1,1
chr7,142496619,142496714,5,"1,2,3,4,5",1,1,1,1,1
chr7,142498820,142498906,5,"1,2,3,4,5",1,1,1,1,1
chr7,142500636,142500738,5,"1,2,3,4,5",1,1,1,1,1
chr7,142536840,142536928,5,"1,2,3,4,5",1,1,1,1,1
chr7,142551579,142554316,5,"1,2,3,4,5",1,1,1,1,1
chr7,142555161,142555294,5,"1,2,3,4,5",1,1,1,1,1
chr7,142606609,142606629,5,"1,2,3,4,5",1,1,1,1,1
chr7,142700095,142700642,5,"1,2,3,4,5",1,1,1,1,1
chr7,143042266,143043063,5,"1,2,3,4,5",1,1,1,1,1
chr7,143599213,143599524,5,"1,2,3,4,5",1,1,1,1,1
chr7,148885838,148885974,5,"1,2,3,4,5",1,1,1,1,1
chr7,148981951,148982108,5,"1,2,3,4,5",1,1,1,1,1
chr7,148982347,148983009,5,"1,2,3,4,5",1,1,1,1,1
chr7,149118928,149119984,5,"1,2,3,4,5",1,1,1,1,1
chr7,149322077,149322601,5,"1,2,3,4,5",1,1,1,1,1
chr7,149388204,149388716,5,"1,2,3,4,5",1,1,1,1,1
chr7,149404246,149404743,5,"1,2,3,4,5",1,1,1,1,1
chr7,149438879,149439760,5,"1,2,3,4,5",1,1,1,1,1
chr7,149469034,149471681,5,"1,2,3,4,5",1,1,1,1,1
chr7,149552339,149552612,5,"1,2,3,4,5",1,1,1,1,1
chr7,150383124,150383204,5,"1,2,3,4,5",1,1,1,1,1
chr7,150520600,150520733,5,"1,2,3,4,5",1,1,1,1,1
chr7,150521712,150521791,5,"1,2,3,4,5",1,1,1,1,1
chr7,150574212,150574285,5,"1,2,3,4,5",1,1,1,1,1
chr7,150594163,150594200,5,"1,2,3,4,5",1,1,1,1,1
chr7,150595780,150595922,5,"1,2,3,4,5",1,1,1,1,1
chr7,150599246,150599522,5,"1,2,3,4,5",1,1,1,1,1
chr7,150608084,150608206,5,"1,2,3,4,5",1,1,1,1,1
chr7,150672932,150676677,5,"1,2,3,4,5",1,1,1,1,1
chr7,150707541,150708362,5,"1,2,3,4,5",1,1,1,1,1
chr7,150723565,150723992,5,"1,2,3,4,5",1,1,1,1,1
chr7,150945021,150946542,5,"1,2,3,4,5",1,1,1,1,1
chr7,150948654,150948888,5,"1,2,3,4,5",1,1,1,1,1
chr7,150949125,150949506,5,"1,2,3,4,5",1,1,1,1,1
chr7,151000531,151000995,5,"1,2,3,4,5",1,1,1,1,1
chr7,151038202,151040662,5,"1,2,3,4,5",1,1,1,1,1
chr7,151092150,151092189,5,"1,2,3,4,5",1,1,1,1,1
chr7,151092288,151092426,5,"1,2,3,4,5",1,1,1,1,1
chr7,151092735,151092876,5,"1,2,3,4,5",1,1,1,1,1
chr7,151145671,151145911,5,"1,2,3,4,5",1,1,1,1,1
chr7,151213216,151213423,5,"1,2,3,4,5",1,1,1,1,1
chr7,151213877,151216683,5,"1,2,3,4,5",1,1,1,1,1
chr7,151216962,151217642,5,"1,2,3,4,5",1,1,1,1,1
chr7,151402441,151402920,5,"1,2,3,4,5",1,1,1,1,1
chr7,152262917,152262964,5,"1,2,3,4,5",1,1,1,1,1
chr7,152456291,152458910,5,"1,2,3,4,5",1,1,1,1,1
chr7,154997108,154998983,5,"1,2,3,4,5",1,1,1,1,1
chr7,155005703,155006441,5,"1,2,3,4,5",1,1,1,1,1
chr7,155452605,155453590,5,"1,2,3,4,5",1,1,1,1,1
chr7,155510040,155510047,5,"1,2,3,4,5",1,1,1,1,1
chr7,155867832,155868244,5,"1,2,3,4,5",1,1,1,1,1
chr7,156430185,156430359,5,"1,2,3,4,5",1,1,1,1,1
chr7,156430765,156431020,5,"1,2,3,4,5",1,1,1,1,1
chr7,156431174,156434529,5,"1,2,3,4,5",1,1,1,1,1
chr7,157100244,157100478,5,"1,2,3,4,5",1,1,1,1,1
chr7,157100781,157101020,5,"1,2,3,4,5",1,1,1,1,1
chr9,470788,471012,5,"1,2,3,4,5",1,1,1,1,1
chr9,4297468,4298277,5,"1,2,3,4,5",1,1,1,1,1
chr9,14312565,14314060,5,"1,2,3,4,5",1,1,1,1,1
chr9,15423269,15423551,5,"1,2,3,4,5",1,1,1,1,1
chr9,33265186,33265896,5,"1,2,3,4,5",1,1,1,1,1
chr9,33676613,33676627,5,"1,2,3,4,5",1,1,1,1,1
chr9,34523359,34523494,5,"1,2,3,4,5",1,1,1,1,1
chr9,34628716,34628844,5,"1,2,3,4,5",1,1,1,1,1
chr9,34629161,34629364,5,"1,2,3,4,5",1,1,1,1,1
chr9,34701180,34702181,5,"1,2,3,4,5",1,1,1,1,1
chr9,35616998,35617590,5,"1,2,3,4,5",1,1,1,1,1
chr9,36036547,36037881,5,"1,2,3,4,5",1,1,1,1,1
chr9,36995984,36996386,5,"1,2,3,4,5",1,1,1,1,1
chr9,37120790,37120934,5,"1,2,3,4,5",1,1,1,1,1
chr9,37336193,37336605,5,"1,2,3,4,5",1,1,1,1,1
chr9,37336843,37337223,5,"1,2,3,4,5",1,1,1,1,1
chr9,37337730,37337864,5,"1,2,3,4,5",1,1,1,1,1
chr9,37422008,37423513,5,"1,2,3,4,5",1,1,1,1,1
chr9,37467149,37467818,5,"1,2,3,4,5",1,1,1,1,1
chr9,37467969,37468237,5,"1,2,3,4,5",1,1,1,1,1
chr9,37472041,37472404,5,"1,2,3,4,5",1,1,1,1,1
chr9,37485319,37488396,5,"1,2,3,4,5",1,1,1,1,1
chr9,37589784,37593573,5,"1,2,3,4,5",1,1,1,1,1
chr9,37593908,37595058,5,"1,2,3,4,5",1,1,1,1,1
chr9,37650487,37650650,5,"1,2,3,4,5",1,1,1,1,1
chr9,37650822,37651477,5,"1,2,3,4,5",1,1,1,1,1
chr9,37753353,37754729,5,"1,2,3,4,5",1,1,1,1,1
chr9,37802102,37802308,5,"1,2,3,4,5",1,1,1,1,1
chr9,68416901,68417619,5,"1,2,3,4,5",1,1,1,1,1
chr9,68418350,68419688,5,"1,2,3,4,5",1,1,1,1,1
chr9,68420115,68420316,5,"1,2,3,4,5",1,1,1,1,1
chr9,68420553,68420630,5,"1,2,3,4,5",1,1,1,1,1
chr9,68420818,68421411,5,"1,2,3,4,5",1,1,1,1,1
chr9,68423861,68424763,5,"1,2,3,4,5",1,1,1,1,1
chr9,68425404,68425967,5,"1,2,3,4,5",1,1,1,1,1
chr9,68426233,68426341,5,"1,2,3,4,5",1,1,1,1,1
chr9,68427165,68427313,5,"1,2,3,4,5",1,1,1,1,1
chr9,74381475,74381531,5,"1,2,3,4,5",1,1,1,1,1
chr9,91150022,91150242,5,"1,2,3,4,5",1,1,1,1,1
chr9,91150254,91150458,5,"1,2,3,4,5",1,1,1,1,1
chr9,91606648,91606882,5,"1,2,3,4,5",1,1,1,1,1
chr9,92221149,92221223,5,"1,2,3,4,5",1,1,1,1,1
chr9,94181762,94182253,5,"1,2,3,4,5",1,1,1,1,1
chr9,94184073,94185960,5,"1,2,3,4,5",1,1,1,1,1
chr9,94186311,94187546,5,"1,2,3,4,5",1,1,1,1,1
chr9,94277699,94277808,5,"1,2,3,4,5",1,1,1,1,1
chr9,94896251,94896301,5,"1,2,3,4,5",1,1,1,1,1
chr9,95766004,95766856,5,"1,2,3,4,5",1,1,1,1,1
chr9,95895549,95897283,5,"1,2,3,4,5",1,1,1,1,1
chr9,97316152,97316193,5,"1,2,3,4,5",1,1,1,1,1
chr9,98078083,98078226,5,"1,2,3,4,5",1,1,1,1,1
chr9,98078513,98079275,5,"1,2,3,4,5",1,1,1,1,1
chr9,98224397,98225114,5,"1,2,3,4,5",1,1,1,1,1
chr9,98225449,98225824,5,"1,2,3,4,5",1,1,1,1,1
chr9,98278109,98279605,5,"1,2,3,4,5",1,1,1,1,1
chr9,99211868,99213767,5,"1,2,3,4,5",1,1,1,1,1
chr9,100173667,100175483,5,"1,2,3,4,5",1,1,1,1,1
chr9,100473494,100473710,5,"1,2,3,4,5",1,1,1,1,1
chr9,101131332,101131406,5,"1,2,3,4,5",1,1,1,1,1
chr9,101337761,101338012,5,"1,2,3,4,5",1,1,1,1,1
chr9,101338232,101338507,5,"1,2,3,4,5",1,1,1,1,1
chr9,101405557,101405790,5,"1,2,3,4,5",1,1,1,1,1
chr9,101469370,101470009,5,"1,2,3,4,5",1,1,1,1,1
chr9,101471171,101471922,5,"1,2,3,4,5",1,1,1,1,1
chr9,101569480,101570486,5,"1,2,3,4,5",1,1,1,1,1
chr9,103360447,103361468,5,"1,2,3,4,5",1,1,1,1,1
chr9,107525997,107527799,5,"1,2,3,4,5",1,1,1,1,1
chr9,107527961,107528068,5,"1,2,3,4,5",1,1,1,1,1
chr9,107536499,107537454,5,"1,2,3,4,5",1,1,1,1,1
chr9,107537659,107537846,5,"1,2,3,4,5",1,1,1,1,1
chr9,110044393,110047898,5,"1,2,3,4,5",1,1,1,1,1
chr9,110187463,110187670,5,"1,2,3,4,5",1,1,1,1,1
chr9,110251306,110252129,5,"1,2,3,4,5",1,1,1,1,1
chr9,110252305,110252848,5,"1,2,3,4,5",1,1,1,1,1
chr9,111605106,111605281,5,"1,2,3,4,5",1,1,1,1,1
chr9,114835655,114835872,5,"1,2,3,4,5",1,1,1,1,1
chr9,114836063,114836165,5,"1,2,3,4,5",1,1,1,1,1
chr9,114836877,114836880,5,"1,2,3,4,5",1,1,1,1,1
chr9,115247844,115251647,5,"1,2,3,4,5",1,1,1,1,1
chr9,117266985,117268515,5,"1,2,3,4,5",1,1,1,1,1
chr9,123742605,123742880,5,"1,2,3,4,5",1,1,1,1,1
chr9,123743307,123743331,5,"1,2,3,4,5",1,1,1,1,1
chr9,124029924,124031168,5,"1,2,3,4,5",1,1,1,1,1
chr9,124934630,124934985,5,"1,2,3,4,5",1,1,1,1,1
chr9,124974796,124977065,5,"1,2,3,4,5",1,1,1,1,1
chr9,125138910,125138955,5,"1,2,3,4,5",1,1,1,1,1
chr9,125226178,125227310,5,"1,2,3,4,5",1,1,1,1,1
chr9,126059484,126059725,5,"1,2,3,4,5",1,1,1,1,1
chr9,126061762,126062496,5,"1,2,3,4,5",1,1,1,1,1
chr9,126064270,126064606,5,"1,2,3,4,5",1,1,1,1,1
chr9,126064952,126065091,5,"1,2,3,4,5",1,1,1,1,1
chr9,126067221,126067580,5,"1,2,3,4,5",1,1,1,1,1
chr9,126417605,126417815,5,"1,2,3,4,5",1,1,1,1,1
chr9,126690298,126690308,5,"1,2,3,4,5",1,1,1,1,1
chr9,126690672,126692956,5,"1,2,3,4,5",1,1,1,1,1
chr9,126803342,126803363,5,"1,2,3,4,5",1,1,1,1,1
chr9,127212934,127213070,5,"1,2,3,4,5",1,1,1,1,1
chr9,128136872,128137213,5,"1,2,3,4,5",1,1,1,1,1
chr9,128170044,128171109,5,"1,2,3,4,5",1,1,1,1,1
chr9,128172209,128173769,5,"1,2,3,4,5",1,1,1,1,1
chr9,128235275,128235403,5,"1,2,3,4,5",1,1,1,1,1
chr9,128236265,128236346,5,"1,2,3,4,5",1,1,1,1,1
chr9,128468174,128470007,5,"1,2,3,4,5",1,1,1,1,1
chr9,128508207,128509158,5,"1,2,3,4,5",1,1,1,1,1
chr9,128509653,128510039,5,"1,2,3,4,5",1,1,1,1,1
chr9,128510226,128510615,5,"1,2,3,4,5",1,1,1,1,1
chr9,129261863,129261896,5,"1,2,3,4,5",1,1,1,1,1
chr9,129484609,129485311,5,"1,2,3,4,5",1,1,1,1,1
chr9,129485445,129485597,5,"1,2,3,4,5",1,1,1,1,1
chr9,129485888,129485960,5,"1,2,3,4,5",1,1,1,1,1
chr9,129566725,129568919,5,"1,2,3,4,5",1,1,1,1,1
chr9,129622135,129622225,5,"1,2,3,4,5",1,1,1,1,1
chr9,129624604,129625172,5,"1,2,3,4,5",1,1,1,1,1
chr9,130624317,130624486,5,"1,2,3,4,5",1,1,1,1,1
chr9,130624914,130625106,5,"1,2,3,4,5",1,1,1,1,1
chr9,130625281,130625384,5,"1,2,3,4,5",1,1,1,1,1
chr9,130697813,130698438,5,"1,2,3,4,5",1,1,1,1,1
chr9,130887649,130887842,5,"1,2,3,4,5",1,1,1,1,1
chr9,130888048,130891409,5,"1,2,3,4,5",1,1,1,1,1
chr9,130923851,130923869,5,"1,2,3,4,5",1,1,1,1,1
chr9,131086476,131086786,5,"1,2,3,4,5",1,1,1,1,1
chr9,131101377,131101458,5,"1,2,3,4,5",1,1,1,1,1
chr9,131101989,131103989,5,"1,2,3,4,5",1,1,1,1,1
chr9,131181739,131183530,5,"1,2,3,4,5",1,1,1,1,1
chr9,131313980,131315817,5,"1,2,3,4,5",1,1,1,1,1
chr9,132168436,132169476,5,"1,2,3,4,5",1,1,1,1,1
chr9,132252643,132252762,5,"1,2,3,4,5",1,1,1,1,1
chr9,132372168,132372320,5,"1,2,3,4,5",1,1,1,1,1
chr9,132372490,132373662,5,"1,2,3,4,5",1,1,1,1,1
chr9,132382124,132383147,5,"1,2,3,4,5",1,1,1,1,1
chr9,132403506,132405065,5,"1,2,3,4,5",1,1,1,1,1
chr9,132584811,132584892,5,"1,2,3,4,5",1,1,1,1,1
chr9,132585094,132586991,5,"1,2,3,4,5",1,1,1,1,1
chr9,132598072,132599592,5,"1,2,3,4,5",1,1,1,1,1
chr9,132620661,132621542,5,"1,2,3,4,5",1,1,1,1,1
chr9,132621872,132622037,5,"1,2,3,4,5",1,1,1,1,1
chr9,132625703,132625993,5,"1,2,3,4,5",1,1,1,1,1
chr9,133319908,133321132,5,"1,2,3,4,5",1,1,1,1,1
chr9,133410426,133410523,5,"1,2,3,4,5",1,1,1,1,1
chr9,133410732,133413015,5,"1,2,3,4,5",1,1,1,1,1
chr9,133451691,133451945,5,"1,2,3,4,5",1,1,1,1,1
chr9,133453691,133456539,5,"1,2,3,4,5",1,1,1,1,1
chr9,133568415,133571066,5,"1,2,3,4,5",1,1,1,1,1
chr9,133587753,133588415,5,"1,2,3,4,5",1,1,1,1,1
chr9,133608244,133608342,5,"1,2,3,4,5",1,1,1,1,1
chr9,133611243,133611650,5,"1,2,3,4,5",1,1,1,1,1
chr9,133614600,133614731,5,"1,2,3,4,5",1,1,1,1,1
chr9,133615872,133615878,5,"1,2,3,4,5",1,1,1,1,1
chr9,133616557,133617221,5,"1,2,3,4,5",1,1,1,1,1
chr9,133617387,133617853,5,"1,2,3,4,5",1,1,1,1,1
chr9,133618962,133619254,5,"1,2,3,4,5",1,1,1,1,1
chr9,133621324,133621578,5,"1,2,3,4,5",1,1,1,1,1
chr9,133628098,133628175,5,"1,2,3,4,5",1,1,1,1,1
chr9,133630150,133630438,5,"1,2,3,4,5",1,1,1,1,1
chr9,133647545,133647820,5,"1,2,3,4,5",1,1,1,1,1
chr9,133648010,133648302,5,"1,2,3,4,5",1,1,1,1,1
chr9,133649586,133649962,5,"1,2,3,4,5",1,1,1,1,1
chr9,133660455,133660794,5,"1,2,3,4,5",1,1,1,1,1
chr9,133662493,133662563,5,"1,2,3,4,5",1,1,1,1,1
chr9,133667020,133667048,5,"1,2,3,4,5",1,1,1,1,1
chr9,133766821,133767054,5,"1,2,3,4,5",1,1,1,1,1
chr9,134021493,134021766,5,"1,2,3,4,5",1,1,1,1,1
chr9,134046546,134046734,5,"1,2,3,4,5",1,1,1,1,1
chr9,134050329,134050471,5,"1,2,3,4,5",1,1,1,1,1
chr9,134054659,134055039,5,"1,2,3,4,5",1,1,1,1,1
chr9,134056601,134056933,5,"1,2,3,4,5",1,1,1,1,1
chr9,134058324,134058391,5,"1,2,3,4,5",1,1,1,1,1
chr9,134061605,134061814,5,"1,2,3,4,5",1,1,1,1,1
chr9,134073609,134073944,5,"1,2,3,4,5",1,1,1,1,1
chr9,134074294,134074363,5,"1,2,3,4,5",1,1,1,1,1
chr9,134082917,134082999,5,"1,2,3,4,5",1,1,1,1,1
chr9,134139577,134139894,5,"1,2,3,4,5",1,1,1,1,1
chr9,134154439,134154847,5,"1,2,3,4,5",1,1,1,1,1
chr9,134157801,134158664,5,"1,2,3,4,5",1,1,1,1,1
chr9,134165352,134165426,5,"1,2,3,4,5",1,1,1,1,1
chr9,134379247,134379448,5,"1,2,3,4,5",1,1,1,1,1
chr9,135547303,135547344,5,"1,2,3,4,5",1,1,1,1,1
chr9,135547572,135547744,5,"1,2,3,4,5",1,1,1,1,1
chr9,136113589,136115084,5,"1,2,3,4,5",1,1,1,1,1
chr9,136240966,136242942,5,"1,2,3,4,5",1,1,1,1,1
chr9,136243101,136244062,5,"1,2,3,4,5",1,1,1,1,1
chr9,136281245,136284480,5,"1,2,3,4,5",1,1,1,1,1
chr9,136324643,136325869,5,"1,2,3,4,5",1,1,1,1,1
chr9,136351402,136351447,5,"1,2,3,4,5",1,1,1,1,1
chr9,136423873,136424004,5,"1,2,3,4,5",1,1,1,1,1
chr9,136857152,136857665,5,"1,2,3,4,5",1,1,1,1,1
chr9,136857868,136858740,5,"1,2,3,4,5",1,1,1,1,1
chr9,136889823,136890493,5,"1,2,3,4,5",1,1,1,1,1
chr9,136930868,136932771,5,"1,2,3,4,5",1,1,1,1,1
chr9,136933023,136933121,5,"1,2,3,4,5",1,1,1,1,1
chr9,136933331,136934207,5,"1,2,3,4,5",1,1,1,1,1
chr9,136934378,136934538,5,"1,2,3,4,5",1,1,1,1,1
chr9,136999821,136999950,5,"1,2,3,4,5",1,1,1,1,1
chr9,137216983,137217713,5,"1,2,3,4,5",1,1,1,1,1
chrX,12789577,12789609,5,"1,2,3,4,5",1,1,1,1,1
chrX,15352321,15352465,5,"1,2,3,4,5",1,1,1,1,1
chrX,15352659,15354569,5,"1,2,3,4,5",1,1,1,1,1
chrX,15567577,15568705,5,"1,2,3,4,5",1,1,1,1,1
chrX,15568987,15569531,5,"1,2,3,4,5",1,1,1,1,1
chrX,15598663,15598684,5,"1,2,3,4,5",1,1,1,1,1
chrX,15692237,15695046,5,"1,2,3,4,5",1,1,1,1,1
chrX,16729346,16729632,5,"1,2,3,4,5",1,1,1,1,1
chrX,16900779,16901490,5,"1,2,3,4,5",1,1,1,1,1
chrX,18692541,18693897,5,"1,2,3,4,5",1,1,1,1,1
chrX,18694480,18694592,5,"1,2,3,4,5",1,1,1,1,1
chrX,19361030,19362094,5,"1,2,3,4,5",1,1,1,1,1
chrX,19905059,19905733,5,"1,2,3,4,5",1,1,1,1,1
chrX,20008220,20009140,5,"1,2,3,4,5",1,1,1,1,1
chrX,20009569,20009648,5,"1,2,3,4,5",1,1,1,1,1
chrX,25030937,25031720,5,"1,2,3,4,5",1,1,1,1,1
chrX,25032014,25032114,5,"1,2,3,4,5",1,1,1,1,1
chrX,25038923,25039086,5,"1,2,3,4,5",1,1,1,1,1
chrX,41782015,41782509,5,"1,2,3,4,5",1,1,1,1,1
chrX,41782911,41783664,5,"1,2,3,4,5",1,1,1,1,1
chrX,44731087,44735615,5,"1,2,3,4,5",1,1,1,1,1
chrX,44774283,44774389,5,"1,2,3,4,5",1,1,1,1,1
chrX,44774653,44774899,5,"1,2,3,4,5",1,1,1,1,1
chrX,47225557,47225894,5,"1,2,3,4,5",1,1,1,1,1
chrX,47383413,47383602,5,"1,2,3,4,5",1,1,1,1,1
chrX,47478860,47479376,5,"1,2,3,4,5",1,1,1,1,1
chrX,47489819,47489878,5,"1,2,3,4,5",1,1,1,1,1
chrX,47508663,47509716,5,"1,2,3,4,5",1,1,1,1,1
chrX,48333136,48336003,5,"1,2,3,4,5",1,1,1,1,1
chrX,48775083,48775436,5,"1,2,3,4,5",1,1,1,1,1
chrX,49083466,49083664,5,"1,2,3,4,5",1,1,1,1,1
chrX,49086701,49087435,5,"1,2,3,4,5",1,1,1,1,1
chrX,49594067,49594079,5,"1,2,3,4,5",1,1,1,1,1
chrX,51486434,51487109,5,"1,2,3,4,5",1,1,1,1,1
chrX,53401516,53401927,5,"1,2,3,4,5",1,1,1,1,1
chrX,54834244,54836253,5,"1,2,3,4,5",1,1,1,1,1
chrX,55054962,55055066,5,"1,2,3,4,5",1,1,1,1,1
chrX,55056070,55056072,5,"1,2,3,4,5",1,1,1,1,1
chrX,55056684,55056961,5,"1,2,3,4,5",1,1,1,1,1
chrX,55057369,55057466,5,"1,2,3,4,5",1,1,1,1,1
chrX,55514533,55516742,5,"1,2,3,4,5",1,1,1,1,1
chrX,68048232,68049407,5,"1,2,3,4,5",1,1,1,1,1
chrX,68049478,68049768,5,"1,2,3,4,5",1,1,1,1,1
chrX,68836185,68836321,5,"1,2,3,4,5",1,1,1,1,1
chrX,69509040,69511123,5,"1,2,3,4,5",1,1,1,1,1
chrX,71238150,71238274,5,"1,2,3,4,5",1,1,1,1,1
chrX,71525587,71527485,5,"1,2,3,4,5",1,1,1,1,1
chrX,71528778,71529237,5,"1,2,3,4,5",1,1,1,1,1
chrX,71792666,71793235,5,"1,2,3,4,5",1,1,1,1,1
chrX,73067848,73067949,5,"1,2,3,4,5",1,1,1,1,1
chrX,73068168,73072437,5,"1,2,3,4,5",1,1,1,1,1
chrX,73832535,73834985,5,"1,2,3,4,5",1,1,1,1,1
chrX,100805958,100805999,5,"1,2,3,4,5",1,1,1,1,1
chrX,100806201,100806452,5,"1,2,3,4,5",1,1,1,1,1
chrX,100913739,100914124,5,"1,2,3,4,5",1,1,1,1,1
chrX,101771392,101771692,5,"1,2,3,4,5",1,1,1,1,1
chrX,102508491,102510562,5,"1,2,3,4,5",1,1,1,1,1
chrX,102611251,102612534,5,"1,2,3,4,5",1,1,1,1,1
chrX,102659578,102660583,5,"1,2,3,4,5",1,1,1,1,1
chrX,102883526,102885299,5,"1,2,3,4,5",1,1,1,1,1
chrX,102940068,102941730,5,"1,2,3,4,5",1,1,1,1,1
chrX,102941884,102943268,5,"1,2,3,4,5",1,1,1,1,1
chrX,103086690,103086740,5,"1,2,3,4,5",1,1,1,1,1
chrX,103086783,103087037,5,"1,2,3,4,5",1,1,1,1,1
chrX,103356998,103357498,5,"1,2,3,4,5",1,1,1,1,1
chrX,118108156,118111299,5,"1,2,3,4,5",1,1,1,1,1
chrX,118111470,118111524,5,"1,2,3,4,5",1,1,1,1,1
chrX,119683568,119683727,5,"1,2,3,4,5",1,1,1,1,1
chrX,120160458,120160501,5,"1,2,3,4,5",1,1,1,1,1
chrX,129535147,129536891,5,"1,2,3,4,5",1,1,1,1,1
chrX,134165771,134167652,5,"1,2,3,4,5",1,1,1,1,1
chrX,134555349,134556436,5,"1,2,3,4,5",1,1,1,1,1
chrX,134654702,134654907,5,"1,2,3,4,5",1,1,1,1,1
chrX,135229062,135229422,5,"1,2,3,4,5",1,1,1,1,1
chrX,135578388,135580794,5,"1,2,3,4,5",1,1,1,1,1
chrX,149531209,149531309,5,"1,2,3,4,5",1,1,1,1,1
chrX,149531622,149531746,5,"1,2,3,4,5",1,1,1,1,1
chrX,149533435,149534219,5,"1,2,3,4,5",1,1,1,1,1
chrX,149534528,149534642,5,"1,2,3,4,5",1,1,1,1,1
chrX,150564801,150566535,5,"1,2,3,4,5",1,1,1,1,1
chrX,152109439,152110940,5,"1,2,3,4,5",1,1,1,1,1
chrX,152126598,152127318,5,"1,2,3,4,5",1,1,1,1,1
chrX,152127724,152127891,5,"1,2,3,4,5",1,1,1,1,1
chrX,152740289,152740640,5,"1,2,3,4,5",1,1,1,1,1
chrX,152908252,152908554,5,"1,2,3,4,5",1,1,1,1,1
chrX,152908718,152908835,5,"1,2,3,4,5",1,1,1,1,1
chrX,152909048,152909537,5,"1,2,3,4,5",1,1,1,1,1
chrX,152909875,152910283,5,"1,2,3,4,5",1,1,1,1,1
chrX,152912217,152912757,5,"1,2,3,4,5",1,1,1,1,1
chrX,153084152,153085148,5,"1,2,3,4,5",1,1,1,1,1
chrX,153657806,153658307,5,"1,2,3,4,5",1,1,1,1,1
chrX,153717999,153718262,5,"1,2,3,4,5",1,1,1,1,1
chrX,153770549,153770719,5,"1,2,3,4,5",1,1,1,1,1
chrX,153771120,153771133,5,"1,2,3,4,5",1,1,1,1,1
chrX,153771402,153771506,5,"1,2,3,4,5",1,1,1,1,1
chrX,154375764,154375880,5,"1,2,3,4,5",1,1,1,1,1
