chrom,start,end,num,list,ENCFF147QHC_ESRRA_sorted.bed,ENCFF730IIP_ESRRA_sorted.bed,../ATAC-seq/consensuspeaks_all_targets_10kb_sorted.bed
chr1,8027329,8027539,2,"2,3",0,1,1
chr1,8879264,8879294,2,"2,3",0,1,1
chr1,8879294,8879426,3,"1,2,3",1,1,1
chr1,9234151,9234361,2,"2,3",0,1,1
chr1,9825833,9825980,2,"2,3",0,1,1
chr1,9943310,9943419,2,"1,3",1,0,1
chr1,9943419,9943534,3,"1,2,3",1,1,1
chr1,9943534,9943591,2,"2,3",0,1,1
chr1,12528719,12528833,2,"2,3",0,1,1
chr1,12618973,12618991,2,"1,3",1,0,1
chr1,12618991,12619197,3,"1,2,3",1,1,1
chr1,12619197,12619201,2,"2,3",0,1,1
chr1,15247036,15247160,3,"1,2,3",1,1,1
chr1,15247160,15247199,2,"1,3",1,0,1
chr1,15799539,15799749,2,"2,3",0,1,1
chr1,19596745,19596955,2,"2,3",0,1,1
chr1,23403692,23403732,2,"2,3",0,1,1
chr1,24415439,24415663,2,"1,3",1,0,1
chr1,26990900,26991110,2,"2,3",0,1,1
chr1,27192064,27192274,2,"2,3",0,1,1
chr1,27392309,27392348,2,"1,3",1,0,1
chr1,27392348,27392533,3,"1,2,3",1,1,1
chr1,27392533,27392558,2,"2,3",0,1,1
chr1,31170783,31170786,2,"2,3",0,1,1
chr1,31170786,31170993,3,"1,2,3",1,1,1
chr1,31170993,31171010,2,"1,3",1,0,1
chr1,31644499,31644723,2,"1,3",1,0,1
chr1,32236228,32236438,2,"2,3",0,1,1
chr1,39799804,39800014,2,"2,3",0,1,1
chr1,44807784,44807994,2,"2,3",0,1,1
chr1,53838533,53838743,2,"2,3",0,1,1
chr1,58881571,58881781,2,"2,3",0,1,1
chr1,68384542,68384752,2,"2,3",0,1,1
chr1,85607342,85607385,2,"1,3",1,0,1
chr1,85607385,85607566,3,"1,2,3",1,1,1
chr1,85607566,85607595,2,"2,3",0,1,1
chr1,89942844,89942889,2,"2,3",0,1,1
chr1,89942889,89943054,3,"1,2,3",1,1,1
chr1,89943054,89943113,2,"1,3",1,0,1
chr1,93845990,93846214,2,"1,3",1,0,1
chr1,110477157,110477320,2,"2,3",0,1,1
chr1,112955778,112955988,2,"2,3",0,1,1
chr1,148334625,148334741,2,"2,3",0,1,1
chr1,148334741,148334835,3,"1,2,3",1,1,1
chr1,148334835,148334965,2,"1,3",1,0,1
chr1,148522580,148522804,2,"1,3",1,0,1
chr1,150293587,150293800,2,"1,3",1,0,1
chr1,151070608,151070832,2,"1,3",1,0,1
chr1,151941369,151941467,2,"1,3",1,0,1
chr1,152501768,152501978,2,"2,3",0,1,1
chr1,152517276,152517310,2,"1,3",1,0,1
chr1,152517310,152517500,3,"1,2,3",1,1,1
chr1,152517500,152517520,2,"2,3",0,1,1
chr1,154559155,154559379,2,"1,3",1,0,1
chr1,154937204,154937428,2,"1,3",1,0,1
chr1,156457654,156457864,2,"2,3",0,1,1
chr1,156660349,156660559,2,"2,3",0,1,1
chr1,156728791,156729015,2,"1,3",1,0,1
chr1,160124869,160125079,2,"2,3",0,1,1
chr1,161083317,161083468,2,"1,3",1,0,1
chr1,169105792,169106002,2,"2,3",0,1,1
chr1,169113628,169113777,2,"2,3",0,1,1
chr1,173824207,173824431,2,"1,3",1,0,1
chr1,181088636,181088860,2,"1,3",1,0,1
chr1,184792537,184792747,2,"2,3",0,1,1
chr1,201489333,201489543,2,"2,3",0,1,1
chr1,201955505,201955729,2,"1,3",1,0,1
chr1,202017818,202018028,2,"2,3",0,1,1
chr1,202034998,202035076,2,"1,3",1,0,1
chr1,202035076,202035222,3,"1,2,3",1,1,1
chr1,202035222,202035286,2,"2,3",0,1,1
chr1,204417336,204417546,2,"2,3",0,1,1
chr1,205294728,205294808,2,"2,3",0,1,1
chr1,212791796,212792006,2,"2,3",0,1,1
chr1,223707192,223707402,2,"2,3",0,1,1
chr1,225813509,225813719,2,"2,3",0,1,1
chr1,228131022,228131246,2,"1,3",1,0,1
chr1,229221249,229221256,2,"2,3",0,1,1
chr1,229221256,229221459,3,"1,2,3",1,1,1
chr1,229221459,229221480,2,"1,3",1,0,1
chr1,234373266,234373476,2,"2,3",0,1,1
chr1,234980569,234980779,2,"2,3",0,1,1
chr1,244834879,244834974,2,"2,3",0,1,1
chr1,244834974,244835089,3,"1,2,3",1,1,1
chr1,244835089,244835198,2,"1,3",1,0,1
chr1,244970966,244971176,2,"2,3",0,1,1
chr10,988169,988393,2,"1,3",1,0,1
chr10,4985546,4985599,2,"2,3",0,1,1
chr10,5684448,5684658,2,"2,3",0,1,1
chr10,5813834,5813970,2,"2,3",0,1,1
chr10,6299315,6299525,2,"2,3",0,1,1
chr10,21533519,21533697,2,"2,3",0,1,1
chr10,22247173,22247383,2,"2,3",0,1,1
chr10,24945015,24945225,2,"2,3",0,1,1
chr10,27100135,27100359,2,"1,3",1,0,1
chr10,46030610,46030613,2,"1,3",1,0,1
chr10,46030613,46030820,3,"1,2,3",1,1,1
chr10,48306417,48306627,2,"2,3",0,1,1
chr10,58269346,58269556,2,"2,3",0,1,1
chr10,58513684,58513908,2,"1,3",1,0,1
chr10,69449867,69450077,2,"2,3",0,1,1
chr10,70132843,70132903,2,"2,3",0,1,1
chr10,70132903,70133024,3,"1,2,3",1,1,1
chr10,75235433,75235446,2,"2,3",0,1,1
chr10,75235446,75235643,3,"1,2,3",1,1,1
chr10,75235643,75235670,2,"1,3",1,0,1
chr10,87862381,87862591,2,"2,3",0,1,1
chr10,88880938,88881134,2,"2,3",0,1,1
chr10,96831787,96831901,2,"2,3",0,1,1
chr10,99430837,99430864,2,"2,3",0,1,1
chr10,99430864,99431047,3,"1,2,3",1,1,1
chr10,99431047,99431088,2,"1,3",1,0,1
chr10,100364889,100365099,2,"2,3",0,1,1
chr10,101066198,101066408,2,"2,3",0,1,1
chr10,102854111,102854335,2,"1,3",1,0,1
chr10,103966611,103966821,2,"2,3",0,1,1
chr10,110426907,110427117,2,"2,3",0,1,1
chr10,110641321,110641493,2,"2,3",0,1,1
chr10,110918827,110919051,2,"1,3",1,0,1
chr10,112898576,112898735,2,"2,3",0,1,1
chr10,119165397,119165607,2,"2,3",0,1,1
chr10,132517053,132517277,2,"1,3",1,0,1
chr11,1574827,1574952,2,"2,3",0,1,1
chr11,1772619,1772829,2,"2,3",0,1,1
chr11,8234210,8234304,2,"2,3",0,1,1
chr11,9461088,9461312,2,"1,3",1,0,1
chr11,18383777,18383796,2,"2,3",0,1,1
chr11,18383796,18383987,3,"1,2,3",1,1,1
chr11,18383987,18384020,2,"1,3",1,0,1
chr11,20363466,20363676,2,"2,3",0,1,1
chr11,47214410,47214578,2,"1,3",1,0,1
chr11,47355369,47355376,2,"1,3",1,0,1
chr11,47355376,47355454,3,"1,2,3",1,1,1
chr11,47355454,47355476,2,"1,3",1,0,1
chr11,47578916,47578921,2,"2,3",0,1,1
chr11,47578921,47579126,3,"1,2,3",1,1,1
chr11,47579126,47579145,2,"1,3",1,0,1
chr11,57530475,57530488,3,"1,2,3",1,1,1
chr11,57530488,57530502,2,"1,3",1,0,1
chr11,57712725,57712898,2,"2,3",0,1,1
chr11,61756811,61757021,2,"2,3",0,1,1
chr11,62805280,62805504,2,"1,3",1,0,1
chr11,63974482,63974692,2,"2,3",0,1,1
chr11,64226289,64226499,2,"2,3",0,1,1
chr11,64269961,64270171,2,"2,3",0,1,1
chr11,64285649,64285873,2,"1,3",1,0,1
chr11,64304757,64304781,2,"2,3",0,1,1
chr11,64304781,64304978,3,"1,2,3",1,1,1
chr11,64304978,64304982,2,"1,3",1,0,1
chr11,64331761,64331854,2,"1,3",1,0,1
chr11,64331854,64331985,3,"1,2,3",1,1,1
chr11,64331985,64332064,2,"2,3",0,1,1
chr11,64855052,64855262,2,"2,3",0,1,1
chr11,64889015,64889225,2,"2,3",0,1,1
chr11,64894323,64894347,2,"1,3",1,0,1
chr11,64894347,64894547,3,"1,2,3",1,1,1
chr11,64894547,64894549,2,"2,3",0,1,1
chr11,65095980,65096190,2,"2,3",0,1,1
chr11,65418632,65418691,2,"1,3",1,0,1
chr11,65418691,65418856,3,"1,2,3",1,1,1
chr11,65418856,65418901,2,"2,3",0,1,1
chr11,65421263,65421453,3,"1,2,3",1,1,1
chr11,65507250,65507460,2,"2,3",0,1,1
chr11,65507617,65507748,2,"1,3",1,0,1
chr11,65507748,65507841,3,"1,2,3",1,1,1
chr11,65507841,65507952,2,"2,3",0,1,1
chr11,65615243,65615453,2,"2,3",0,1,1
chr11,65860259,65860414,2,"1,3",1,0,1
chr11,65888203,65888413,2,"2,3",0,1,1
chr11,66592677,66592704,2,"1,3",1,0,1
chr11,66592704,66592887,3,"1,2,3",1,1,1
chr11,66592887,66592914,2,"2,3",0,1,1
chr11,66694759,66694969,2,"2,3",0,1,1
chr11,66970966,66970983,2,"1,3",1,0,1
chr11,66970983,66971190,3,"1,2,3",1,1,1
chr11,66971190,66971193,2,"2,3",0,1,1
chr11,66975116,66975121,2,"1,3",1,0,1
chr11,66975121,66975331,3,"1,2,3",1,1,1
chr11,66975331,66975340,2,"1,3",1,0,1
chr11,67506092,67506302,2,"2,3",0,1,1
chr11,68014241,68014451,2,"2,3",0,1,1
chr11,68121730,68121940,2,"2,3",0,1,1
chr11,68459955,68459986,2,"1,3",1,0,1
chr11,68459986,68460179,3,"1,2,3",1,1,1
chr11,68460179,68460196,2,"2,3",0,1,1
chr11,68903747,68903971,2,"1,3",1,0,1
chr11,69301729,69301939,2,"2,3",0,1,1
chr11,69479877,69480087,2,"2,3",0,1,1
chr11,71928803,71929013,2,"2,3",0,1,1
chr11,72223570,72223794,2,"1,3",1,0,1
chr11,73787761,73787767,2,"2,3",0,1,1
chr11,73787767,73787962,3,"1,2,3",1,1,1
chr11,73787962,73787991,2,"1,3",1,0,1
chr11,73788223,73788382,2,"2,3",0,1,1
chr11,76208827,76208853,2,"2,3",0,1,1
chr11,76208853,76209037,3,"1,2,3",1,1,1
chr11,76209037,76209077,2,"1,3",1,0,1
chr11,83092903,83093113,2,"2,3",0,1,1
chr11,86955706,86955930,2,"1,3",1,0,1
chr11,87037780,87038004,2,"1,3",1,0,1
chr11,95977599,95977766,2,"1,3",1,0,1
chr11,112025095,112025305,2,"2,3",0,1,1
chr11,112086742,112086952,2,"2,3",0,1,1
chr11,117098707,117098718,2,"2,3",0,1,1
chr11,119168580,119168724,2,"2,3",0,1,1
chr11,123454351,123454561,2,"2,3",0,1,1
chr12,632529,632739,2,"2,3",0,1,1
chr12,2812414,2812442,2,"2,3",0,1,1
chr12,2812442,2812489,3,"1,2,3",1,1,1
chr12,2812489,2812506,2,"1,3",1,0,1
chr12,6533718,6533928,2,"2,3",0,1,1
chr12,6970566,6970790,2,"1,3",1,0,1
chr12,10212215,10212243,2,"2,3",0,1,1
chr12,10212243,10212425,3,"1,2,3",1,1,1
chr12,10212425,10212609,2,"1,3",1,0,1
chr12,21657888,21658110,2,"1,3",1,0,1
chr12,31749385,31749595,2,"2,3",0,1,1
chr12,32679769,32679993,2,"1,3",1,0,1
chr12,45727971,45727980,2,"2,3",0,1,1
chr12,45727980,45728057,3,"1,2,3",1,1,1
chr12,48106277,48106434,2,"2,3",0,1,1
chr12,48904004,48904228,2,"1,3",1,0,1
chr12,48925735,48925892,2,"2,3",0,1,1
chr12,49060751,49060975,2,"1,3",1,0,1
chr12,49707615,49707839,2,"1,3",1,0,1
chr12,49945598,49945808,2,"2,3",0,1,1
chr12,50763641,50763738,2,"2,3",0,1,1
chr12,50763738,50763830,3,"1,2,3",1,1,1
chr12,50763830,50763962,2,"1,3",1,0,1
chr12,51425126,51425327,2,"1,3",1,0,1
chr12,52060144,52060207,3,"1,2,3",1,1,1
chr12,52060207,52060268,2,"1,3",1,0,1
chr12,53099438,53099635,2,"2,3",0,1,1
chr12,53175098,53175145,2,"2,3",0,1,1
chr12,53175145,53175308,3,"1,2,3",1,1,1
chr12,53175308,53175369,2,"1,3",1,0,1
chr12,54324646,54324856,2,"2,3",0,1,1
chr12,56645797,56645805,2,"2,3",0,1,1
chr12,56645805,56646007,3,"1,2,3",1,1,1
chr12,56646007,56646029,2,"1,3",1,0,1
chr12,57520377,57520601,2,"1,3",1,0,1
chr12,62602464,62602674,2,"2,3",0,1,1
chr12,63862322,63862532,2,"2,3",0,1,1
chr12,75330254,75330477,2,"1,3",1,0,1
chr12,75954180,75954390,2,"2,3",0,1,1
chr12,82358377,82358601,2,"1,3",1,0,1
chr12,92144263,92144394,2,"2,3",0,1,1
chr12,92145722,92145932,2,"2,3",0,1,1
chr12,93563962,93564172,2,"2,3",0,1,1
chr12,95073408,95073415,2,"2,3",0,1,1
chr12,95073415,95073618,3,"1,2,3",1,1,1
chr12,95073618,95073639,2,"1,3",1,0,1
chr12,95649393,95649486,2,"2,3",0,1,1
chr12,96219324,96219515,2,"2,3",0,1,1
chr12,98503320,98503360,2,"2,3",0,1,1
chr12,98503360,98503530,3,"1,2,3",1,1,1
chr12,98503530,98503584,2,"1,3",1,0,1
chr12,98504113,98504325,2,"1,3",1,0,1
chr12,103841765,103841975,2,"2,3",0,1,1
chr12,103957090,103957300,2,"2,3",0,1,1
chr12,104215629,104215791,3,"1,2,3",1,1,1
chr12,104215791,104215813,2,"1,3",1,0,1
chr12,109052523,109052747,2,"1,3",1,0,1
chr12,109093440,109093664,2,"1,3",1,0,1
chr12,109110946,109111137,3,"1,2,3",1,1,1
chr12,109111137,109111151,2,"2,3",0,1,1
chr12,110039092,110039302,2,"2,3",0,1,1
chr12,110826778,110827002,2,"1,3",1,0,1
chr12,111600073,111600168,2,"2,3",0,1,1
chr12,113215195,113215349,2,"2,3",0,1,1
chr12,113462435,113462482,2,"1,3",1,0,1
chr12,113462482,113462621,3,"1,2,3",1,1,1
chr12,113462621,113462680,2,"2,3",0,1,1
chr12,116358977,116358992,2,"1,3",1,0,1
chr12,116358992,116359201,3,"1,2,3",1,1,1
chr12,116359201,116359202,2,"2,3",0,1,1
chr12,120200947,120201171,2,"1,3",1,0,1
chr12,124917151,124917356,2,"2,3",0,1,1
chr12,124928328,124928538,2,"2,3",0,1,1
chr12,131860910,131861120,2,"2,3",0,1,1
chr13,44108459,44108666,2,"2,3",0,1,1
chr13,80341456,80341606,2,"2,3",0,1,1
chr13,99606798,99607008,2,"2,3",0,1,1
chr13,113187465,113187539,2,"2,3",0,1,1
chr14,20624692,20624870,2,"2,3",0,1,1
chr14,20625344,20625554,2,"2,3",0,1,1
chr14,20632910,20633120,2,"2,3",0,1,1
chr14,20683217,20683399,2,"1,3",1,0,1
chr14,21104216,21104426,2,"2,3",0,1,1
chr14,23830189,23830399,2,"2,3",0,1,1
chr14,32010681,32010891,2,"2,3",0,1,1
chr14,39102594,39102804,2,"2,3",0,1,1
chr14,54565613,54565823,2,"2,3",0,1,1
chr14,55051461,55051685,2,"1,3",1,0,1
chr14,61553878,61554088,2,"2,3",0,1,1
chr14,61561939,61562149,2,"2,3",0,1,1
chr14,61562857,61563024,2,"2,3",0,1,1
chr14,68140303,68140513,2,"2,3",0,1,1
chr14,68786194,68786418,2,"1,3",1,0,1
chr14,73136864,73137074,2,"2,3",0,1,1
chr14,73760415,73760617,2,"2,3",0,1,1
chr14,74881833,74882057,2,"1,3",1,0,1
chr14,74945839,74946049,2,"2,3",0,1,1
chr14,75069402,75069447,2,"2,3",0,1,1
chr14,75069447,75069529,3,"1,2,3",1,1,1
chr14,75069529,75069540,2,"1,3",1,0,1
chr14,75577720,75577764,2,"1,3",1,0,1
chr14,75577764,75577944,3,"1,2,3",1,1,1
chr14,75577944,75577974,2,"2,3",0,1,1
chr14,76956483,76956512,2,"2,3",0,1,1
chr14,76956512,76956693,3,"1,2,3",1,1,1
chr14,76956693,76956736,2,"1,3",1,0,1
chr14,77040568,77040778,2,"2,3",0,1,1
chr14,90396801,90397025,2,"1,3",1,0,1
chr14,90758510,90758734,2,"1,3",1,0,1
chr14,101628498,101628722,2,"1,3",1,0,1
chr14,104137551,104137701,2,"2,3",0,1,1
chr14,105091578,105091639,2,"2,3",0,1,1
chr14,105091639,105091788,3,"1,2,3",1,1,1
chr14,105091788,105091863,2,"1,3",1,0,1
chr15,34224764,34224846,2,"1,3",1,0,1
chr15,34224846,34224971,3,"1,2,3",1,1,1
chr15,34224971,34224988,2,"1,3",1,0,1
chr15,34969670,34969880,2,"2,3",0,1,1
chr15,34988238,34988462,2,"1,3",1,0,1
chr15,38868351,38868575,2,"1,3",1,0,1
chr15,41930369,41930565,2,"2,3",0,1,1
chr15,42057396,42057398,2,"1,3",1,0,1
chr15,42057398,42057608,3,"1,2,3",1,1,1
chr15,42057608,42057620,2,"1,3",1,0,1
chr15,49855847,49856057,2,"2,3",0,1,1
chr15,50686782,50687006,2,"1,3",1,0,1
chr15,52093617,52093672,2,"1,3",1,0,1
chr15,52093672,52093841,3,"1,2,3",1,1,1
chr15,52093841,52093882,2,"2,3",0,1,1
chr15,52568847,52569057,2,"2,3",0,1,1
chr15,56733755,56733874,2,"1,3",1,0,1
chr15,57323769,57323921,2,"1,3",1,0,1
chr15,59594575,59594785,2,"2,3",0,1,1
chr15,62896170,62896368,2,"2,3",0,1,1
chr15,63503300,63503323,2,"2,3",0,1,1
chr15,63503323,63503510,3,"1,2,3",1,1,1
chr15,63503510,63503547,2,"1,3",1,0,1
chr15,64162800,64163024,2,"1,3",1,0,1
chr15,64387659,64387883,2,"1,3",1,0,1
chr15,64460337,64460561,2,"1,3",1,0,1
chr15,65044867,65044884,2,"2,3",0,1,1
chr15,65044884,65045077,3,"1,2,3",1,1,1
chr15,65045077,65045108,2,"1,3",1,0,1
chr15,65185569,65185617,2,"1,3",1,0,1
chr15,65185617,65185793,3,"1,2,3",1,1,1
chr15,65185793,65185827,2,"2,3",0,1,1
chr15,66497535,66497555,2,"1,3",1,0,1
chr15,66497555,66497759,3,"1,2,3",1,1,1
chr15,66497759,66497765,2,"2,3",0,1,1
chr15,66504795,66504948,2,"2,3",0,1,1
chr15,67521169,67521393,2,"1,3",1,0,1
chr15,68277558,68277560,2,"1,3",1,0,1
chr15,68277560,68277770,3,"1,2,3",1,1,1
chr15,68277770,68277782,2,"1,3",1,0,1
chr15,69305722,69305827,2,"1,3",1,0,1
chr15,69305827,69305879,3,"1,2,3",1,1,1
chr15,69305879,69305946,2,"1,3",1,0,1
chr15,70788474,70788491,2,"2,3",0,1,1
chr15,70788491,70788684,3,"1,2,3",1,1,1
chr15,70788684,70788715,2,"1,3",1,0,1
chr15,72231248,72231255,2,"2,3",0,1,1
chr15,72231255,72231458,3,"1,2,3",1,1,1
chr15,72231458,72231479,2,"1,3",1,0,1
chr15,75368517,75368741,2,"1,3",1,0,1
chr15,84747563,84747773,2,"2,3",0,1,1
chr15,84980337,84980561,2,"1,3",1,0,1
chr15,84981223,84981433,2,"2,3",0,1,1
chr15,85413442,85413459,2,"2,3",0,1,1
chr15,85413459,85413652,3,"1,2,3",1,1,1
chr15,85413652,85413683,2,"1,3",1,0,1
chr15,86624701,86624911,2,"2,3",0,1,1
chr15,89087997,89088207,2,"2,3",0,1,1
chr15,89334303,89334427,2,"2,3",0,1,1
chr15,90158224,90158232,2,"2,3",0,1,1
chr15,90158232,90158434,3,"1,2,3",1,1,1
chr15,90158434,90158456,2,"1,3",1,0,1
chr15,90265729,90265953,2,"1,3",1,0,1
chr15,90931822,90932032,2,"2,3",0,1,1
chr15,90955348,90955393,2,"1,3",1,0,1
chr15,90955393,90955567,3,"1,2,3",1,1,1
chr15,91536833,91537043,2,"2,3",0,1,1
chr15,92900296,92900442,2,"2,3",0,1,1
chr15,92904106,92904135,2,"2,3",0,1,1
chr15,92904251,92904461,2,"2,3",0,1,1
chr15,99565736,99565741,2,"2,3",0,1,1
chr15,99565790,99565946,2,"2,3",0,1,1
chr15,100722179,100722389,2,"2,3",0,1,1
chr15,100722439,100722611,2,"2,3",0,1,1
chr15,101295496,101295706,2,"2,3",0,1,1
chr16,52920,53119,2,"1,3",1,0,1
chr16,235360,235570,2,"2,3",0,1,1
chr16,1308641,1308655,2,"2,3",0,1,1
chr16,1308655,1308851,3,"1,2,3",1,1,1
chr16,1308851,1308879,2,"1,3",1,0,1
chr16,1827116,1827326,2,"2,3",0,1,1
chr16,1827611,1827706,2,"2,3",0,1,1
chr16,2155246,2155371,2,"1,3",1,0,1
chr16,2251526,2251750,2,"1,3",1,0,1
chr16,3024166,3024376,2,"2,3",0,1,1
chr16,3717628,3717838,2,"2,3",0,1,1
chr16,4616484,4616488,2,"2,3",0,1,1
chr16,4616488,4616694,3,"1,2,3",1,1,1
chr16,4616694,4616712,2,"1,3",1,0,1
chr16,19086527,19086554,2,"2,3",0,1,1
chr16,19086554,19086737,3,"1,2,3",1,1,1
chr16,19086737,19086778,2,"1,3",1,0,1
chr16,19123648,19123665,2,"2,3",0,1,1
chr16,19123665,19123858,3,"1,2,3",1,1,1
chr16,19123858,19123889,2,"1,3",1,0,1
chr16,19419692,19419894,2,"2,3",0,1,1
chr16,27273918,27274128,2,"2,3",0,1,1
chr16,28863354,28863377,2,"1,3",1,0,1
chr16,28863377,28863417,3,"1,2,3",1,1,1
chr16,28863417,28863436,2,"2,3",0,1,1
chr16,28925429,28925653,2,"1,3",1,0,1
chr16,28945657,28945867,3,"1,2,3",1,1,1
chr16,28945867,28945881,2,"1,3",1,0,1
chr16,29790379,29790603,2,"1,3",1,0,1
chr16,30430175,30430176,2,"2,3",0,1,1
chr16,30430176,30430385,3,"1,2,3",1,1,1
chr16,30430385,30430400,2,"1,3",1,0,1
chr16,30628787,30628968,2,"2,3",0,1,1
chr16,30957022,30957100,2,"2,3",0,1,1
chr16,47144241,47144465,2,"1,3",1,0,1
chr16,56606713,56606923,2,"2,3",0,1,1
chr16,57471994,57472204,2,"2,3",0,1,1
chr16,66512040,66512264,2,"1,3",1,0,1
chr16,69726773,69726983,2,"2,3",0,1,1
chr16,71426355,71426579,2,"1,3",1,0,1
chr16,73019521,73019731,2,"2,3",0,1,1
chr16,85799536,85799746,2,"2,3",0,1,1
chr16,85800116,85800326,2,"2,3",0,1,1
chr16,87383914,87384138,2,"1,3",1,0,1
chr16,87388499,87388709,2,"2,3",0,1,1
chr16,87789630,87789686,2,"2,3",0,1,1
chr16,87789686,87789840,3,"1,2,3",1,1,1
chr16,87789840,87789910,2,"1,3",1,0,1
chr16,87790031,87790134,2,"2,3",0,1,1
chr17,1649882,1650092,2,"2,3",0,1,1
chr17,1714915,1714953,2,"2,3",0,1,1
chr17,1716899,1717109,2,"2,3",0,1,1
chr17,2711878,2712088,2,"2,3",0,1,1
chr17,2965819,2966029,2,"2,3",0,1,1
chr17,2966169,2966346,2,"2,3",0,1,1
chr17,3659723,3659860,3,"1,2,3",1,1,1
chr17,3659860,3659862,2,"1,3",1,0,1
chr17,4143054,4143278,2,"1,3",1,0,1
chr17,4721586,4721627,2,"1,3",1,0,1
chr17,4721627,4721810,3,"1,2,3",1,1,1
chr17,4721810,4721837,2,"2,3",0,1,1
chr17,4967387,4967611,2,"1,3",1,0,1
chr17,7484310,7484534,2,"1,3",1,0,1
chr17,7586803,7587005,2,"2,3",0,1,1
chr17,8079323,8079341,2,"2,3",0,1,1
chr17,8079341,8079533,3,"1,2,3",1,1,1
chr17,8079533,8079565,2,"1,3",1,0,1
chr17,8173412,8173636,2,"1,3",1,0,1
chr17,8187488,8187540,2,"1,3",1,0,1
chr17,8187625,8187712,2,"1,3",1,0,1
chr17,8221290,8221316,2,"2,3",0,1,1
chr17,8221316,8221500,3,"1,2,3",1,1,1
chr17,8221500,8221540,2,"1,3",1,0,1
chr17,8376653,8376710,2,"1,3",1,0,1
chr17,8376710,8376877,3,"1,2,3",1,1,1
chr17,8376877,8376920,2,"2,3",0,1,1
chr17,8420368,8420578,2,"2,3",0,1,1
chr17,9644540,9644747,2,"2,3",0,1,1
chr17,14069442,14069652,2,"2,3",0,1,1
chr17,14069736,14069943,2,"2,3",0,1,1
chr17,15273191,15273401,2,"2,3",0,1,1
chr17,15279230,15279440,2,"2,3",0,1,1
chr17,16285888,16285946,2,"1,3",1,0,1
chr17,16285946,16286112,3,"1,2,3",1,1,1
chr17,16286112,16286156,2,"2,3",0,1,1
chr17,16381004,16381158,2,"1,3",1,0,1
chr17,17476877,17476891,2,"2,3",0,1,1
chr17,17476891,17477087,3,"1,2,3",1,1,1
chr17,17477087,17477115,2,"1,3",1,0,1
chr17,19011047,19011257,2,"2,3",0,1,1
chr17,19648837,19649047,2,"2,3",0,1,1
chr17,27332886,27333110,2,"1,3",1,0,1
chr17,28370317,28370323,2,"2,3",0,1,1
chr17,28370323,28370527,3,"1,2,3",1,1,1
chr17,28370527,28370547,2,"1,3",1,0,1
chr17,28698471,28698681,2,"2,3",0,1,1
chr17,28903062,28903272,2,"2,3",0,1,1
chr17,29369935,29370159,2,"1,3",1,0,1
chr17,33113136,33113268,2,"2,3",0,1,1
chr17,36534330,36534540,2,"2,3",0,1,1
chr17,38825275,38825499,2,"1,3",1,0,1
chr17,38861483,38861693,2,"2,3",0,1,1
chr17,39153109,39153196,2,"2,3",0,1,1
chr17,39154097,39154307,2,"2,3",0,1,1
chr17,39154467,39154633,2,"1,3",1,0,1
chr17,39622008,39622447,2,"1,3",1,0,1
chr17,40101049,40101259,2,"2,3",0,1,1
chr17,40111684,40111694,2,"2,3",0,1,1
chr17,40111694,40111894,3,"1,2,3",1,1,1
chr17,40111894,40111918,2,"1,3",1,0,1
chr17,40510098,40510308,2,"2,3",0,1,1
chr17,40521427,40521563,2,"2,3",0,1,1
chr17,40521573,40521797,2,"1,3",1,0,1
chr17,40551256,40551265,2,"1,3",1,0,1
chr17,40551265,40551475,3,"1,2,3",1,1,1
chr17,40551475,40551480,2,"1,3",1,0,1
chr17,40560311,40560535,2,"1,3",1,0,1
chr17,41666335,41666545,2,"2,3",0,1,1
chr17,42322842,42323066,2,"1,3",1,0,1
chr17,42577833,42577957,2,"2,3",0,1,1
chr17,42823859,42824069,2,"2,3",0,1,1
chr17,42998159,42998299,2,"2,3",0,1,1
chr17,42998299,42998369,3,"1,2,3",1,1,1
chr17,42998369,42998523,2,"1,3",1,0,1
chr17,43125528,43125713,2,"1,3",1,0,1
chr17,43361153,43361363,2,"2,3",0,1,1
chr17,43367828,43368038,2,"2,3",0,1,1
chr17,43483681,43483905,2,"1,3",1,0,1
chr17,43545610,43545834,2,"1,3",1,0,1
chr17,44186480,44186704,2,"1,3",1,0,1
chr17,44325688,44325878,2,"2,3",0,1,1
chr17,45022074,45022241,2,"1,3",1,0,1
chr17,45051193,45051237,2,"2,3",0,1,1
chr17,45148397,45148607,2,"2,3",0,1,1
chr17,45197930,45198140,2,"2,3",0,1,1
chr17,46193556,46193780,2,"1,3",1,0,1
chr17,46253886,46253901,2,"1,3",1,0,1
chr17,46253901,46254096,3,"1,2,3",1,1,1
chr17,46254096,46254111,2,"2,3",0,1,1
chr17,47947033,47947155,2,"2,3",0,1,1
chr17,48871689,48871899,2,"2,3",0,1,1
chr17,50638682,50638756,2,"1,3",1,0,1
chr17,50638756,50638906,3,"1,2,3",1,1,1
chr17,50638906,50638966,2,"2,3",0,1,1
chr17,50935388,50935603,2,"1,3",1,0,1
chr17,50944411,50944439,2,"1,3",1,0,1
chr17,50944439,50944635,3,"1,2,3",1,1,1
chr17,50944635,50944649,2,"2,3",0,1,1
chr17,50950326,50950436,2,"2,3",0,1,1
chr17,50950436,50950536,3,"1,2,3",1,1,1
chr17,50950536,50950660,2,"1,3",1,0,1
chr17,57948662,57948872,2,"2,3",0,1,1
chr17,59843127,59843252,2,"2,3",0,1,1
chr17,59843462,59843672,2,"2,3",0,1,1
chr17,59846579,59846595,2,"2,3",0,1,1
chr17,59846595,59846789,3,"1,2,3",1,1,1
chr17,59846789,59846819,2,"1,3",1,0,1
chr17,59853412,59853636,2,"1,3",1,0,1
chr17,63600728,63600794,2,"1,3",1,0,1
chr17,63600794,63600952,3,"1,2,3",1,1,1
chr17,63600952,63601004,2,"2,3",0,1,1
chr17,63842690,63842900,2,"2,3",0,1,1
chr17,72422784,72422994,2,"2,3",0,1,1
chr17,73288811,73288917,2,"1,3",1,0,1
chr17,73288917,73289002,3,"1,2,3",1,1,1
chr17,74873188,74873412,2,"1,3",1,0,1
chr17,74873477,74873701,2,"1,3",1,0,1
chr17,74982200,74982410,2,"2,3",0,1,1
chr17,75033828,75034038,2,"2,3",0,1,1
chr17,75096198,75096290,2,"1,3",1,0,1
chr17,75096290,75096422,3,"1,2,3",1,1,1
chr17,75096422,75096500,2,"2,3",0,1,1
chr17,75633880,75634090,2,"2,3",0,1,1
chr17,75779596,75779605,2,"1,3",1,0,1
chr17,75779675,75779820,2,"1,3",1,0,1
chr17,75904998,75905038,2,"1,3",1,0,1
chr17,75905038,75905222,3,"1,2,3",1,1,1
chr17,75905222,75905248,2,"2,3",0,1,1
chr17,77288867,77288875,2,"2,3",0,1,1
chr17,77288875,77289050,3,"1,2,3",1,1,1
chr17,78865816,78866026,2,"2,3",0,1,1
chr17,80254772,80254982,2,"2,3",0,1,1
chr17,80544736,80544960,2,"1,3",1,0,1
chr17,81309303,81309306,2,"1,3",1,0,1
chr17,81309306,81309512,3,"1,2,3",1,1,1
chr17,81703315,81703539,2,"1,3",1,0,1
chr17,82288105,82288151,2,"1,3",1,0,1
chr17,82288151,82288329,3,"1,2,3",1,1,1
chr17,82288329,82288361,2,"2,3",0,1,1
chr17,82519368,82519592,2,"1,3",1,0,1
chr18,9016910,9017062,3,"1,2,3",1,1,1
chr18,9017062,9017093,2,"1,3",1,0,1
chr18,9673582,9673592,2,"1,3",1,0,1
chr18,9673592,9673802,3,"1,2,3",1,1,1
chr18,9673802,9673806,2,"1,3",1,0,1
chr18,9825586,9825736,2,"2,3",0,1,1
chr18,11857334,11857544,2,"2,3",0,1,1
chr18,70431234,70431254,2,"2,3",0,1,1
chr18,70431254,70431444,3,"1,2,3",1,1,1
chr18,70431444,70431478,2,"1,3",1,0,1
chr19,3185550,3185760,2,"2,3",0,1,1
chr19,4633267,4633457,2,"2,3",0,1,1
chr19,4867923,4868133,2,"2,3",0,1,1
chr19,4870209,4870229,2,"1,3",1,0,1
chr19,4870229,4870433,3,"1,2,3",1,1,1
chr19,4870433,4870439,2,"2,3",0,1,1
chr19,14023699,14023840,2,"2,3",0,1,1
chr19,17306068,17306278,2,"2,3",0,1,1
chr19,18192956,18193180,2,"1,3",1,0,1
chr19,18364994,18365204,2,"2,3",0,1,1
chr19,27793876,27793884,2,"2,3",0,1,1
chr19,27793884,27794086,3,"1,2,3",1,1,1
chr19,27794086,27794108,2,"1,3",1,0,1
chr19,29212597,29212721,2,"2,3",0,1,1
chr19,29605909,29606133,2,"1,3",1,0,1
chr19,29811293,29811329,2,"1,3",1,0,1
chr19,29811329,29811517,3,"1,2,3",1,1,1
chr19,29811517,29811539,2,"2,3",0,1,1
chr19,32373132,32373150,2,"2,3",0,1,1
chr19,32373150,32373342,3,"1,2,3",1,1,1
chr19,32373342,32373374,2,"1,3",1,0,1
chr19,32691598,32691822,2,"1,3",1,0,1
chr19,34364917,34365127,2,"2,3",0,1,1
chr19,34365357,34365567,2,"2,3",0,1,1
chr19,34734510,34734669,2,"2,3",0,1,1
chr19,35006479,35006689,2,"2,3",0,1,1
chr19,35545431,35545655,2,"1,3",1,0,1
chr19,35612552,35612776,2,"1,3",1,0,1
chr19,35643512,35643736,2,"1,3",1,0,1
chr19,35740877,35741101,2,"1,3",1,0,1
chr19,35931608,35931832,2,"1,3",1,0,1
chr19,35995054,35995278,2,"1,3",1,0,1
chr19,37370787,37370810,2,"2,3",0,1,1
chr19,37370810,37370997,3,"1,2,3",1,1,1
chr19,37370997,37371034,2,"1,3",1,0,1
chr19,38255673,38255738,2,"2,3",0,1,1
chr19,38300889,38301113,2,"1,3",1,0,1
chr19,38304092,38304117,2,"2,3",0,1,1
chr19,38304117,38304302,3,"1,2,3",1,1,1
chr19,38304302,38304341,2,"1,3",1,0,1
chr19,38315690,38315721,2,"1,3",1,0,1
chr19,38315721,38315859,3,"1,2,3",1,1,1
chr19,38315859,38315931,2,"2,3",0,1,1
chr19,38683787,38683997,2,"2,3",0,1,1
chr19,39073913,39073931,2,"1,3",1,0,1
chr19,39073931,39074077,3,"1,2,3",1,1,1
chr19,39397802,39398012,2,"2,3",0,1,1
chr19,39401522,39401732,2,"2,3",0,1,1
chr19,39412172,39412336,2,"1,3",1,0,1
chr19,39428469,39428492,2,"2,3",0,1,1
chr19,39428492,39428679,3,"1,2,3",1,1,1
chr19,39428679,39428716,2,"1,3",1,0,1
chr19,39435814,39435833,2,"1,3",1,0,1
chr19,39435833,39436038,3,"1,2,3",1,1,1
chr19,39436038,39436043,2,"2,3",0,1,1
chr19,39445659,39445800,2,"2,3",0,1,1
chr19,39480575,39480600,2,"2,3",0,1,1
chr19,39480600,39480785,3,"1,2,3",1,1,1
chr19,39480785,39480824,2,"1,3",1,0,1
chr19,40190995,40191219,2,"1,3",1,0,1
chr19,40219716,40219940,2,"1,3",1,0,1
chr19,40420790,40421014,2,"1,3",1,0,1
chr19,40421136,40421346,2,"2,3",0,1,1
chr19,40426219,40426220,2,"2,3",0,1,1
chr19,40443384,40443548,2,"2,3",0,1,1
chr19,40466166,40466390,2,"1,3",1,0,1
chr19,40666482,40666692,2,"2,3",0,1,1
chr19,40750392,40750415,3,"1,2,3",1,1,1
chr19,40750415,40750468,2,"1,3",1,0,1
chr19,40897218,40897428,2,"2,3",0,1,1
chr19,40920772,40920811,2,"1,3",1,0,1
chr19,40920811,40920968,3,"1,2,3",1,1,1
chr19,40920968,40921021,2,"2,3",0,1,1
chr19,40921177,40921267,2,"1,3",1,0,1
chr19,40921267,40921401,3,"1,2,3",1,1,1
chr19,40921401,40921477,2,"2,3",0,1,1
chr19,41192789,41192876,2,"2,3",0,1,1
chr19,41226157,41226367,2,"2,3",0,1,1
chr19,41264448,41264653,2,"1,3",1,0,1
chr19,41363935,41364159,2,"1,3",1,0,1
chr19,41860101,41860325,2,"1,3",1,0,1
chr19,41884283,41884493,2,"2,3",0,1,1
chr19,41957799,41958023,2,"1,3",1,0,1
chr19,42133169,42133393,2,"1,3",1,0,1
chr19,42219992,42220216,2,"1,3",1,0,1
chr19,42254481,42254691,2,"2,3",0,1,1
chr19,42268469,42268693,2,"1,3",1,0,1
chr19,42433701,42433911,2,"2,3",0,1,1
chr19,43596418,43596440,2,"1,3",1,0,1
chr19,43596440,43596642,3,"1,2,3",1,1,1
chr19,43596642,43596650,2,"2,3",0,1,1
chr19,43785248,43785263,2,"1,3",1,0,1
chr19,43785263,43785472,3,"1,2,3",1,1,1
chr19,43785472,43785473,2,"2,3",0,1,1
chr19,44742108,44742124,2,"2,3",0,1,1
chr19,44742124,44742318,3,"1,2,3",1,1,1
chr19,44742318,44742331,2,"1,3",1,0,1
chr19,44747114,44747190,2,"1,3",1,0,1
chr19,44747190,44747247,3,"1,2,3",1,1,1
chr19,44747247,44747338,2,"1,3",1,0,1
chr19,44890663,44890873,2,"2,3",0,1,1
chr19,45079086,45079296,2,"2,3",0,1,1
chr19,45583947,45584144,2,"1,3",1,0,1
chr19,45642466,45642676,2,"2,3",0,1,1
chr19,45717502,45717712,2,"2,3",0,1,1
chr19,46829882,46830081,2,"2,3",0,1,1
chr19,47227106,47227231,2,"2,3",0,1,1
chr19,47227400,47227624,2,"1,3",1,0,1
chr19,48271897,48272097,2,"2,3",0,1,1
chr19,48354655,48354676,2,"2,3",0,1,1
chr19,48354676,48354865,3,"1,2,3",1,1,1
chr19,48354865,48354900,2,"1,3",1,0,1
chr19,48553918,48553952,2,"1,3",1,0,1
chr19,48553952,48554085,3,"1,2,3",1,1,1
chr19,48554085,48554110,2,"2,3",0,1,1
chr19,48835750,48835974,2,"1,3",1,0,1
chr19,48900331,48900555,2,"1,3",1,0,1
chr19,48962349,48962573,2,"1,3",1,0,1
chr19,49867441,49867665,2,"1,3",1,0,1
chr19,50147502,50147726,2,"1,3",1,0,1
chr19,50376205,50376315,2,"2,3",0,1,1
chr19,50511442,50511666,2,"1,3",1,0,1
chr19,50804387,50804597,2,"2,3",0,1,1
chr19,51366267,51366288,2,"2,3",0,1,1
chr19,55216465,55216585,2,"1,3",1,0,1
chr19,55653666,55653692,2,"2,3",0,1,1
chr19,55653692,55653863,3,"1,2,3",1,1,1
chr19,55653863,55653916,2,"1,3",1,0,1
chr19,56120372,56120582,2,"2,3",0,1,1
chr19,56314441,56314615,2,"2,3",0,1,1
chr19,57681721,57681931,2,"2,3",0,1,1
chr19,58380732,58380956,2,"1,3",1,0,1
chr19,58475933,58476143,2,"2,3",0,1,1
chr19,58519751,58519975,2,"1,3",1,0,1
chr2,677185,677409,2,"1,3",1,0,1
chr2,3558518,3558570,2,"2,3",0,1,1
chr2,3558570,3558728,3,"1,2,3",1,1,1
chr2,3558728,3558794,2,"1,3",1,0,1
chr2,8662621,8662831,2,"2,3",0,1,1
chr2,11390369,11390372,2,"1,3",1,0,1
chr2,11584240,11584441,2,"1,3",1,0,1
chr2,11744030,11744191,2,"2,3",0,1,1
chr2,15912315,15912525,2,"2,3",0,1,1
chr2,20182749,20182844,2,"2,3",0,1,1
chr2,20593548,20593758,2,"2,3",0,1,1
chr2,24084240,24084450,2,"2,3",0,1,1
chr2,24972052,24972276,2,"1,3",1,0,1
chr2,25997808,25997813,2,"2,3",0,1,1
chr2,25997813,25998018,3,"1,2,3",1,1,1
chr2,25998018,25998037,2,"1,3",1,0,1
chr2,27891190,27891335,2,"1,3",1,0,1
chr2,31333653,31333877,2,"1,3",1,0,1
chr2,46296890,46297114,2,"1,3",1,0,1
chr2,46955006,46955216,2,"2,3",0,1,1
chr2,47034264,47034474,2,"2,3",0,1,1
chr2,47043472,47043682,2,"2,3",0,1,1
chr2,48314612,48314836,2,"1,3",1,0,1
chr2,61176924,61177134,2,"2,3",0,1,1
chr2,61707985,61708195,2,"2,3",0,1,1
chr2,62570007,62570075,2,"1,3",1,0,1
chr2,62570075,62570231,3,"1,2,3",1,1,1
chr2,62570231,62570285,2,"2,3",0,1,1
chr2,63588701,63588815,2,"1,3",1,0,1
chr2,63588815,63588925,3,"1,2,3",1,1,1
chr2,63588925,63589025,2,"2,3",0,1,1
chr2,65436282,65436506,2,"1,3",1,0,1
chr2,67561571,67561781,2,"2,3",0,1,1
chr2,69013200,69013410,2,"2,3",0,1,1
chr2,70248377,70248601,2,"1,3",1,0,1
chr2,70248885,70249109,2,"1,3",1,0,1
chr2,71068434,71068658,2,"1,3",1,0,1
chr2,74147776,74147986,2,"2,3",0,1,1
chr2,74472456,74472666,2,"2,3",0,1,1
chr2,86194909,86195119,2,"2,3",0,1,1
chr2,86195513,86195737,2,"1,3",1,0,1
chr2,86440647,86440718,2,"1,3",1,0,1
chr2,86440835,86440955,2,"1,3",1,0,1
chr2,86441053,86441059,2,"1,3",1,0,1
chr2,96208880,96208887,2,"1,3",1,0,1
chr2,96208887,96209097,3,"1,2,3",1,1,1
chr2,96209097,96209104,2,"1,3",1,0,1
chr2,96260472,96260520,2,"1,3",1,0,1
chr2,96260520,96260696,3,"1,2,3",1,1,1
chr2,96260696,96260730,2,"2,3",0,1,1
chr2,102240829,102240848,2,"2,3",0,1,1
chr2,102240848,102241039,3,"1,2,3",1,1,1
chr2,102241039,102241072,2,"1,3",1,0,1
chr2,113218408,113218422,2,"2,3",0,1,1
chr2,113218728,113218800,2,"2,3",0,1,1
chr2,120238862,120239086,2,"1,3",1,0,1
chr2,121530854,121531078,2,"1,3",1,0,1
chr2,131104544,131104730,2,"2,3",0,1,1
chr2,133266257,133266467,2,"2,3",0,1,1
chr2,134918501,134918711,2,"2,3",0,1,1
chr2,150166389,150166599,2,"2,3",0,1,1
chr2,158458109,158458125,2,"2,3",0,1,1
chr2,158458125,158458319,3,"1,2,3",1,1,1
chr2,158458319,158458349,2,"1,3",1,0,1
chr2,159712338,159712562,2,"1,3",1,0,1
chr2,169573744,169573793,2,"2,3",0,1,1
chr2,169573793,169573954,3,"1,2,3",1,1,1
chr2,169573954,169574017,2,"1,3",1,0,1
chr2,174487434,174487476,2,"2,3",0,1,1
chr2,175181742,175181765,2,"2,3",0,1,1
chr2,175181765,175181878,3,"1,2,3",1,1,1
chr2,175181878,175181910,2,"2,3",0,1,1
chr2,176997182,176997392,2,"2,3",0,1,1
chr2,207258491,207258497,2,"1,3",1,0,1
chr2,207258497,207258707,3,"1,2,3",1,1,1
chr2,207258707,207258715,2,"1,3",1,0,1
chr2,227818924,227819134,2,"2,3",0,1,1
chr2,240025325,240025549,2,"1,3",1,0,1
chr2,241149913,241150123,2,"2,3",0,1,1
chr20,324281,324318,2,"2,3",0,1,1
chr20,324318,324491,3,"1,2,3",1,1,1
chr20,324491,324542,2,"1,3",1,0,1
chr20,347816,347867,2,"1,3",1,0,1
chr20,347867,348040,3,"1,2,3",1,1,1
chr20,348040,348077,2,"2,3",0,1,1
chr20,371906,372258,2,"1,3",1,0,1
chr20,372258,372342,3,"1,2,3",1,1,1
chr20,372342,372439,2,"2,3",0,1,1
chr20,1325344,1325539,2,"1,3",1,0,1
chr20,3159898,3159956,3,"1,2,3",1,1,1
chr20,3159956,3159977,2,"1,3",1,0,1
chr20,3795776,3795785,2,"1,3",1,0,1
chr20,3795785,3795995,3,"1,2,3",1,1,1
chr20,3795995,3796000,2,"1,3",1,0,1
chr20,3820553,3820732,2,"1,3",1,0,1
chr20,3820732,3820777,3,"1,2,3",1,1,1
chr20,3820777,3820927,2,"2,3",0,1,1
chr20,4192584,4192808,2,"1,3",1,0,1
chr20,10433866,10434076,2,"2,3",0,1,1
chr20,10434129,10434135,2,"1,3",1,0,1
chr20,10434135,10434330,3,"1,2,3",1,1,1
chr20,13785323,13785324,2,"1,3",1,0,1
chr20,13785324,13785507,3,"1,2,3",1,1,1
chr20,25233243,25233451,2,"1,3",1,0,1
chr20,31608416,31608505,2,"1,3",1,0,1
chr20,31610840,31611029,2,"2,3",0,1,1
chr20,31696194,31696216,2,"2,3",0,1,1
chr20,31952130,31952296,2,"2,3",0,1,1
chr20,32820417,32820627,2,"2,3",0,1,1
chr20,33490685,33490688,2,"2,3",0,1,1
chr20,33490688,33490787,3,"1,2,3",1,1,1
chr20,34704585,34704607,2,"1,3",1,0,1
chr20,34704607,34704803,3,"1,2,3",1,1,1
chr20,34875895,34876094,2,"2,3",0,1,1
chr20,35954630,35954840,2,"2,3",0,1,1
chr20,36085834,36086044,2,"2,3",0,1,1
chr20,36746258,36746459,2,"2,3",0,1,1
chr20,38033368,38033578,2,"2,3",0,1,1
chr20,44651188,44651196,2,"2,3",0,1,1
chr20,44651196,44651398,3,"1,2,3",1,1,1
chr20,44651398,44651420,2,"1,3",1,0,1
chr20,44693061,44693271,2,"2,3",0,1,1
chr20,44966061,44966071,2,"2,3",0,1,1
chr20,45779689,45779876,2,"2,3",0,1,1
chr20,45891178,45891192,2,"1,3",1,0,1
chr20,45891192,45891402,3,"1,2,3",1,1,1
chr20,50121329,50121353,2,"2,3",0,1,1
chr20,50308369,50308536,2,"2,3",0,1,1
chr20,51446776,51446986,2,"2,3",0,1,1
chr20,54149158,54149368,2,"2,3",0,1,1
chr20,54151702,54151811,2,"1,3",1,0,1
chr20,56392358,56392582,2,"1,3",1,0,1
chr20,58651061,58651285,2,"1,3",1,0,1
chr20,62359513,62359723,2,"2,3",0,1,1
chr20,63232341,63232551,2,"2,3",0,1,1
chr20,63707780,63708004,2,"1,3",1,0,1
chr21,33324497,33324721,2,"1,3",1,0,1
chr21,41167844,41168054,2,"2,3",0,1,1
chr21,41715814,41716024,2,"2,3",0,1,1
chr21,44012591,44012801,2,"2,3",0,1,1
chr22,35372030,35372118,2,"1,3",1,0,1
chr22,35372118,35372254,3,"1,2,3",1,1,1
chr22,35372254,35372319,2,"2,3",0,1,1
chr22,39502246,39502248,2,"1,3",1,0,1
chr22,39502248,39502458,3,"1,2,3",1,1,1
chr22,39502458,39502470,2,"1,3",1,0,1
chr22,41469335,41469419,2,"2,3",0,1,1
chr22,42615214,42615248,2,"2,3",0,1,1
chr22,42615248,42615424,3,"1,2,3",1,1,1
chr22,42615424,42615472,2,"1,3",1,0,1
chr22,47337251,47337461,2,"2,3",0,1,1
chr22,49936171,49936381,2,"2,3",0,1,1
chr3,4985801,4985946,2,"2,3",0,1,1
chr3,4986543,4986749,2,"1,3",1,0,1
chr3,4986749,4986959,3,"1,2,3",1,1,1
chr3,4986959,4986976,2,"1,3",1,0,1
chr3,9792221,9792226,2,"2,3",0,1,1
chr3,12556916,12557140,2,"1,3",1,0,1
chr3,14124354,14124564,2,"2,3",0,1,1
chr3,14124749,14124775,2,"2,3",0,1,1
chr3,14124775,14124959,3,"1,2,3",1,1,1
chr3,14124959,14124999,2,"1,3",1,0,1
chr3,14410844,14411054,2,"2,3",0,1,1
chr3,14651495,14651497,2,"2,3",0,1,1
chr3,14651497,14651705,3,"1,2,3",1,1,1
chr3,14651705,14651721,2,"1,3",1,0,1
chr3,15064983,15065207,2,"1,3",1,0,1
chr3,16265254,16265464,2,"2,3",0,1,1
chr3,25789875,25790099,2,"1,3",1,0,1
chr3,47475889,47476113,2,"1,3",1,0,1
chr3,50601067,50601252,2,"2,3",0,1,1
chr3,52238197,52238204,2,"2,3",0,1,1
chr3,52238296,52238407,2,"2,3",0,1,1
chr3,57556019,57556133,2,"1,3",1,0,1
chr3,57556191,57556243,2,"1,3",1,0,1
chr3,67647364,67647574,2,"2,3",0,1,1
chr3,100401061,100401285,2,"1,3",1,0,1
chr3,108589521,108589731,2,"2,3",0,1,1
chr3,119181848,119182058,2,"2,3",0,1,1
chr3,119795133,119795141,2,"1,3",1,0,1
chr3,119795141,119795351,3,"1,2,3",1,1,1
chr3,119795351,119795357,2,"1,3",1,0,1
chr3,120596685,120596834,2,"2,3",0,1,1
chr3,122365653,122365661,2,"1,3",1,0,1
chr3,122365661,122365871,3,"1,2,3",1,1,1
chr3,122365871,122365874,2,"1,3",1,0,1
chr3,122384094,122384304,3,"1,2,3",1,1,1
chr3,122384304,122384318,2,"1,3",1,0,1
chr3,123605999,123606209,2,"2,3",0,1,1
chr3,124860780,124860990,2,"2,3",0,1,1
chr3,134374421,134374631,2,"2,3",0,1,1
chr3,143001396,143001606,2,"2,3",0,1,1
chr3,149386959,149387169,2,"2,3",0,1,1
chr3,149812906,149813116,2,"2,3",0,1,1
chr3,156535163,156535178,2,"1,3",1,0,1
chr3,156535178,156535387,3,"1,2,3",1,1,1
chr3,156535387,156535388,2,"2,3",0,1,1
chr3,156812654,156812685,2,"1,3",1,0,1
chr3,156812685,156812878,3,"1,2,3",1,1,1
chr3,156812878,156812895,2,"2,3",0,1,1
chr3,158644462,158644672,2,"2,3",0,1,1
chr3,177300190,177300400,2,"2,3",0,1,1
chr3,183636642,183636866,2,"1,3",1,0,1
chr3,193593085,193593309,2,"1,3",1,0,1
chr4,687158,687199,2,"1,3",1,0,1
chr4,687199,687382,3,"1,2,3",1,1,1
chr4,687382,687409,2,"2,3",0,1,1
chr4,4541988,4541998,2,"2,3",0,1,1
chr4,4541998,4542198,3,"1,2,3",1,1,1
chr4,4542198,4542222,2,"1,3",1,0,1
chr4,40418444,40418648,2,"2,3",0,1,1
chr4,55395565,55395775,2,"2,3",0,1,1
chr4,57164105,57164315,2,"2,3",0,1,1
chr4,73998153,73998267,2,"2,3",0,1,1
chr4,76570432,76570642,2,"2,3",0,1,1
chr4,128552926,128553136,2,"2,3",0,1,1
chr4,140253236,140253460,2,"1,3",1,0,1
chr4,168487866,168488076,2,"2,3",0,1,1
chr4,183444160,183444370,2,"2,3",0,1,1
chr5,10551310,10551520,2,"2,3",0,1,1
chr5,16897361,16897571,2,"2,3",0,1,1
chr5,38464299,38464302,2,"2,3",0,1,1
chr5,38464302,38464509,3,"1,2,3",1,1,1
chr5,38464509,38464526,2,"1,3",1,0,1
chr5,55934126,55934350,2,"1,3",1,0,1
chr5,56003207,56003417,2,"2,3",0,1,1
chr5,69189448,69189672,2,"1,3",1,0,1
chr5,78638449,78638613,2,"2,3",0,1,1
chr5,86617869,86618079,2,"2,3",0,1,1
chr5,88268830,88268844,2,"1,3",1,0,1
chr5,88268844,88269054,3,"1,2,3",1,1,1
chr5,95858737,95858945,2,"1,3",1,0,1
chr5,103120066,103120089,2,"2,3",0,1,1
chr5,103120089,103120276,3,"1,2,3",1,1,1
chr5,103120276,103120313,2,"1,3",1,0,1
chr5,127517276,127517486,2,"2,3",0,1,1
chr5,132410989,132411199,2,"2,3",0,1,1
chr5,133423936,133424140,2,"1,3",1,0,1
chr5,134506321,134506531,2,"2,3",0,1,1
chr5,139518347,139518362,2,"2,3",0,1,1
chr5,139518362,139518557,3,"1,2,3",1,1,1
chr5,139518557,139518566,2,"1,3",1,0,1
chr5,140639115,140639325,2,"2,3",0,1,1
chr5,141524814,141525016,2,"1,3",1,0,1
chr5,143596239,143596449,2,"2,3",0,1,1
chr5,148383916,148384140,2,"1,3",1,0,1
chr5,150350566,150350567,2,"2,3",0,1,1
chr5,150350567,150350776,3,"1,2,3",1,1,1
chr5,150350776,150350791,2,"1,3",1,0,1
chr5,150450008,150450229,2,"1,3",1,0,1
chr5,150473271,150473481,2,"2,3",0,1,1
chr5,151684687,151684876,2,"2,3",0,1,1
chr5,172765879,172765888,2,"1,3",1,0,1
chr5,172765888,172766098,3,"1,2,3",1,1,1
chr5,172766098,172766103,2,"1,3",1,0,1
chr5,172766584,172766621,2,"2,3",0,1,1
chr5,172766621,172766794,3,"1,2,3",1,1,1
chr5,172766794,172766845,2,"1,3",1,0,1
chr5,176388869,176388900,2,"1,3",1,0,1
chr5,176388900,176389093,3,"1,2,3",1,1,1
chr5,176389093,176389110,2,"2,3",0,1,1
chr5,176543461,176543649,2,"1,3",1,0,1
chr5,177447910,177447948,2,"2,3",0,1,1
chr5,177447948,177448120,3,"1,2,3",1,1,1
chr5,177448120,177448172,2,"1,3",1,0,1
chr5,179623581,179623805,2,"1,3",1,0,1
chr5,180293489,180293699,3,"1,2,3",1,1,1
chr5,180293699,180293713,2,"1,3",1,0,1
chr5,180809787,180809997,2,"2,3",0,1,1
chr5,181218249,181218297,2,"1,3",1,0,1
chr5,181218351,181218473,2,"1,3",1,0,1
chr6,2999202,2999412,2,"2,3",0,1,1
chr6,10404452,10404472,2,"1,3",1,0,1
chr6,10404472,10404676,3,"1,2,3",1,1,1
chr6,10404676,10404682,2,"2,3",0,1,1
chr6,13575263,13575291,2,"1,3",1,0,1
chr6,13575291,13575423,3,"1,2,3",1,1,1
chr6,30742266,30742476,2,"2,3",0,1,1
chr6,31399668,31399878,2,"2,3",0,1,1
chr6,33249151,33249361,2,"2,3",0,1,1
chr6,44257665,44257760,2,"2,3",0,1,1
chr6,74534596,74534806,2,"2,3",0,1,1
chr6,96897829,96898039,2,"2,3",0,1,1
chr6,107028452,107028662,2,"2,3",0,1,1
chr6,111259738,111259810,2,"2,3",0,1,1
chr6,134517139,134517216,2,"2,3",0,1,1
chr6,134517216,134517349,3,"1,2,3",1,1,1
chr6,134517349,134517440,2,"1,3",1,0,1
chr6,145734709,145734919,2,"2,3",0,1,1
chr6,151059883,151059954,2,"2,3",0,1,1
chr6,151059954,151060093,3,"1,2,3",1,1,1
chr6,151060093,151060178,2,"1,3",1,0,1
chr6,166383260,166383470,2,"2,3",0,1,1
chr7,1520714,1520923,2,"2,3",0,1,1
chr7,5486920,5487144,2,"1,3",1,0,1
chr7,6009285,6009495,2,"2,3",0,1,1
chr7,6589889,6590113,2,"1,3",1,0,1
chr7,27745156,27745198,2,"1,3",1,0,1
chr7,27745198,27745380,3,"1,2,3",1,1,1
chr7,27745380,27745408,2,"2,3",0,1,1
chr7,36115684,36115894,2,"2,3",0,1,1
chr7,40134643,40134697,2,"2,3",0,1,1
chr7,40134697,40134853,3,"1,2,3",1,1,1
chr7,40134853,40134921,2,"1,3",1,0,1
chr7,43248909,43249066,2,"2,3",0,1,1
chr7,44606946,44606973,2,"2,3",0,1,1
chr7,44606973,44607156,3,"1,2,3",1,1,1
chr7,44607156,44607197,2,"1,3",1,0,1
chr7,44796145,44796194,2,"1,3",1,0,1
chr7,44796194,44796369,3,"1,2,3",1,1,1
chr7,44796369,44796404,2,"2,3",0,1,1
chr7,47979506,47979616,2,"1,3",1,0,1
chr7,47979616,47979730,3,"1,2,3",1,1,1
chr7,47979730,47979823,2,"2,3",0,1,1
chr7,48088528,48088738,2,"2,3",0,1,1
chr7,48088756,48088797,2,"1,3",1,0,1
chr7,48088797,48088980,3,"1,2,3",1,1,1
chr7,48088980,48089007,2,"2,3",0,1,1
chr7,73308737,73308947,2,"2,3",0,1,1
chr7,74062323,74062456,2,"2,3",0,1,1
chr7,76047920,76047946,2,"1,3",1,0,1
chr7,76047946,76048144,3,"1,2,3",1,1,1
chr7,76048144,76048156,2,"2,3",0,1,1
chr7,76318848,76319058,2,"2,3",0,1,1
chr7,76380240,76380450,2,"2,3",0,1,1
chr7,84536338,84536357,2,"1,3",1,0,1
chr7,84536357,84536562,3,"1,2,3",1,1,1
chr7,84536562,84536567,2,"2,3",0,1,1
chr7,90245080,90245290,2,"2,3",0,1,1
chr7,95396061,95396221,2,"2,3",0,1,1
chr7,99505171,99505381,2,"2,3",0,1,1
chr7,100450498,100450512,2,"1,3",1,0,1
chr7,100450512,100450722,3,"1,2,3",1,1,1
chr7,101126669,101126879,2,"2,3",0,1,1
chr7,116671754,116671931,2,"1,3",1,0,1
chr7,128343809,128344033,2,"1,3",1,0,1
chr7,130010478,130010688,2,"2,3",0,1,1
chr7,130292871,130293081,2,"2,3",0,1,1
chr7,134432603,134433040,2,"1,3",1,0,1
chr7,135662525,135662749,2,"1,3",1,0,1
chr7,151460033,151460243,2,"2,3",0,1,1
chr7,151491891,151492101,2,"2,3",0,1,1
chr7,159015573,159015783,2,"2,3",0,1,1
chr8,19817138,19817165,2,"1,3",1,0,1
chr8,19817165,19817362,3,"1,2,3",1,1,1
chr8,19817362,19817375,2,"2,3",0,1,1
chr8,21684013,21684069,2,"2,3",0,1,1
chr8,21684069,21684223,3,"1,2,3",1,1,1
chr8,21684223,21684293,2,"1,3",1,0,1
chr8,22054087,22054297,2,"2,3",0,1,1
chr8,22622886,22623110,2,"1,3",1,0,1
chr8,22673062,22673286,2,"1,3",1,0,1
chr8,23225302,23225512,2,"2,3",0,1,1
chr8,23720320,23720530,2,"2,3",0,1,1
chr8,27872668,27872694,2,"2,3",0,1,1
chr8,27872694,27872878,3,"1,2,3",1,1,1
chr8,27872878,27872918,2,"1,3",1,0,1
chr8,29555473,29555477,2,"2,3",0,1,1
chr8,29555477,29555683,3,"1,2,3",1,1,1
chr8,29555683,29555701,2,"1,3",1,0,1
chr8,29635141,29635365,2,"1,3",1,0,1
chr8,33513393,33513552,2,"1,3",1,0,1
chr8,37736328,37736552,2,"1,3",1,0,1
chr8,39892275,39892295,2,"2,3",0,1,1
chr8,42391528,42391738,2,"2,3",0,1,1
chr8,54135096,54135306,2,"2,3",0,1,1
chr8,61760159,61760383,2,"1,3",1,0,1
chr8,73356330,73356554,2,"1,3",1,0,1
chr8,85463312,85463522,2,"2,3",0,1,1
chr8,89611875,89612099,2,"1,3",1,0,1
chr8,90001210,90001420,2,"2,3",0,1,1
chr8,102535789,102535999,2,"2,3",0,1,1
chr8,102807541,102807632,2,"1,3",1,0,1
chr8,102807632,102807765,3,"1,2,3",1,1,1
chr8,102807765,102807804,2,"2,3",0,1,1
chr8,109540029,109540037,2,"1,3",1,0,1
chr8,109540037,109540247,3,"1,2,3",1,1,1
chr8,109540247,109540253,2,"1,3",1,0,1
chr8,124539093,124539147,2,"2,3",0,1,1
chr8,124539147,124539303,3,"1,2,3",1,1,1
chr8,124539303,124539371,2,"1,3",1,0,1
chr8,127215031,127215079,2,"1,3",1,0,1
chr8,127215079,127215255,3,"1,2,3",1,1,1
chr8,127215255,127215277,2,"2,3",0,1,1
chr8,127736121,127736345,2,"1,3",1,0,1
chr8,130015258,130015259,2,"1,3",1,0,1
chr8,130015259,130015469,3,"1,2,3",1,1,1
chr8,130015469,130015477,2,"1,3",1,0,1
chr8,130016797,130016995,2,"1,3",1,0,1
chr8,132775013,132775237,2,"1,3",1,0,1
chr8,133033298,133033353,2,"1,3",1,0,1
chr8,133033353,133033522,3,"1,2,3",1,1,1
chr8,133033522,133033563,2,"2,3",0,1,1
chr8,141206622,141206832,2,"2,3",0,1,1
chr8,141228569,141228779,2,"2,3",0,1,1
chr8,144060733,144060789,2,"1,3",1,0,1
chr8,144060789,144060957,3,"1,2,3",1,1,1
chr8,144060957,144060999,2,"2,3",0,1,1
chr8,144078415,144078639,2,"1,3",1,0,1
chr8,144103636,144103860,2,"1,3",1,0,1
chr8,144409250,144409474,2,"1,3",1,0,1
chr9,6664656,6664866,2,"2,3",0,1,1
chr9,19229961,19230171,2,"2,3",0,1,1
chr9,26892176,26892383,2,"2,3",0,1,1
chr9,33290923,33291133,2,"2,3",0,1,1
chr9,35553861,35554071,2,"2,3",0,1,1
chr9,35658775,35658790,2,"2,3",0,1,1
chr9,35748947,35749036,2,"1,3",1,0,1
chr9,35749036,35749171,3,"1,2,3",1,1,1
chr9,35749171,35749246,2,"2,3",0,1,1
chr9,40991930,40992154,2,"1,3",1,0,1
chr9,72478349,72478559,2,"2,3",0,1,1
chr9,73050952,73050958,2,"2,3",0,1,1
chr9,73050958,73051162,3,"1,2,3",1,1,1
chr9,73051162,73051182,2,"1,3",1,0,1
chr9,81588291,81588320,2,"1,3",1,0,1
chr9,81588320,81588515,3,"1,2,3",1,1,1
chr9,81588515,81588530,2,"2,3",0,1,1
chr9,105191847,105191884,2,"1,3",1,0,1
chr9,105191884,105192071,3,"1,2,3",1,1,1
chr9,105192071,105192094,2,"2,3",0,1,1
chr9,108094301,108094511,2,"2,3",0,1,1
chr9,125241747,125241957,2,"2,3",0,1,1
chr9,128341563,128341718,2,"2,3",0,1,1
chr9,128635434,128635644,2,"2,3",0,1,1
chr9,129488820,129488862,2,"1,3",1,0,1
chr9,129488862,129489044,3,"1,2,3",1,1,1
chr9,129489044,129489072,2,"2,3",0,1,1
chr9,130451514,130451724,2,"2,3",0,1,1
chr9,133161052,133161235,2,"2,3",0,1,1
chrX,1392343,1392349,2,"2,3",0,1,1
chrX,1392349,1392527,3,"1,2,3",1,1,1
chrX,1392527,1392541,2,"1,3",1,0,1
chrX,23901109,23901319,2,"2,3",0,1,1
chrX,41442341,41442388,2,"1,3",1,0,1
chrX,41442388,41442565,3,"1,2,3",1,1,1
chrX,41442565,41442598,2,"2,3",0,1,1
chrX,46327612,46327652,2,"1,3",1,0,1
chrX,46327652,46327836,3,"1,2,3",1,1,1
chrX,46327836,46327846,2,"2,3",0,1,1
chrX,51803598,51803633,2,"2,3",0,1,1
chrX,54440194,54440404,2,"2,3",0,1,1
chrX,104165979,104166189,2,"2,3",0,1,1
chrX,119469083,119469207,2,"1,3",1,0,1
chrX,119469207,119469307,3,"1,2,3",1,1,1
chrX,119469307,119469417,2,"2,3",0,1,1
chrX,134537423,134537633,2,"2,3",0,1,1
