chrom,start,end,num,list,ENCFF098JLM_MAZ_sorted.bed,ENCFF516TXP_MAZ_sorted.bed,../ATAC-seq/consensuspeaks_all_targets_10kb_sorted.bed
chr1,1375103,1375161,2,"2,3",0,1,1
chr1,1375161,1375319,3,"1,2,3",1,1,1
chr1,1375319,1375411,2,"1,3",1,0,1
chr1,6205943,6205974,2,"1,3",1,0,1
chr1,6205974,6206190,3,"1,2,3",1,1,1
chr1,6206190,6206193,2,"1,3",1,0,1
chr1,9234474,9234690,2,"2,3",0,1,1
chr1,11908169,11908419,2,"1,3",1,0,1
chr1,11909699,11909907,2,"1,3",1,0,1
chr1,11980286,11980536,2,"1,3",1,0,1
chr1,15526694,15526944,2,"1,3",1,0,1
chr1,16155971,16156007,2,"1,3",1,0,1
chr1,16156007,16156221,3,"1,2,3",1,1,1
chr1,16156221,16156223,2,"2,3",0,1,1
chr1,16217293,16217543,2,"1,3",1,0,1
chr1,16367118,16367368,2,"1,3",1,0,1
chr1,16613481,16613731,2,"1,3",1,0,1
chr1,16644615,16644647,2,"1,3",1,0,1
chr1,16644647,16644863,3,"1,2,3",1,1,1
chr1,16644863,16644865,2,"1,3",1,0,1
chr1,16896080,16896330,2,"1,3",1,0,1
chr1,16905134,16905384,2,"1,3",1,0,1
chr1,22451830,22452080,2,"1,3",1,0,1
chr1,23799566,23799816,2,"1,3",1,0,1
chr1,23800745,23800995,2,"1,3",1,0,1
chr1,26432154,26432404,2,"1,3",1,0,1
chr1,26472347,26472515,2,"1,3",1,0,1
chr1,26472568,26472597,2,"1,3",1,0,1
chr1,26692951,26693201,2,"1,3",1,0,1
chr1,27322012,27322228,2,"2,3",0,1,1
chr1,28328902,28329152,2,"1,3",1,0,1
chr1,28552947,28552956,2,"1,3",1,0,1
chr1,28552956,28553172,3,"1,2,3",1,1,1
chr1,28553172,28553197,2,"1,3",1,0,1
chr1,28648581,28648831,2,"1,3",1,0,1
chr1,32817343,32817593,2,"1,3",1,0,1
chr1,37859514,37859730,2,"2,3",0,1,1
chr1,37990038,37990254,2,"2,3",0,1,1
chr1,40257977,40258067,2,"1,3",1,0,1
chr1,40258067,40258227,3,"1,2,3",1,1,1
chr1,40258227,40258283,2,"2,3",0,1,1
chr1,44721664,44721914,2,"1,3",1,0,1
chr1,44730839,44731089,2,"1,3",1,0,1
chr1,44819777,44820027,2,"1,3",1,0,1
chr1,45521820,45521822,2,"1,3",1,0,1
chr1,45521822,45522038,3,"1,2,3",1,1,1
chr1,45522038,45522070,2,"1,3",1,0,1
chr1,45687071,45687321,2,"1,3",1,0,1
chr1,51729513,51729574,2,"2,3",0,1,1
chr1,51729574,51729729,3,"1,2,3",1,1,1
chr1,51729729,51729824,2,"1,3",1,0,1
chr1,84620860,84621110,2,"1,3",1,0,1
chr1,85259641,85259891,2,"1,3",1,0,1
chr1,93079073,93079323,2,"1,3",1,0,1
chr1,93345722,93345972,2,"1,3",1,0,1
chr1,108692377,108692627,2,"1,3",1,0,1
chr1,108746631,108746881,2,"1,3",1,0,1
chr1,109984579,109984829,2,"1,3",1,0,1
chr1,144412556,144412806,2,"1,3",1,0,1
chr1,145281107,145281357,2,"1,3",1,0,1
chr1,145721177,145721427,2,"1,3",1,0,1
chr1,146052035,146052055,2,"2,3",0,1,1
chr1,146052055,146052251,3,"1,2,3",1,1,1
chr1,146052251,146052305,2,"1,3",1,0,1
chr1,146376910,146377128,2,"1,3",1,0,1
chr1,147084532,147084782,2,"1,3",1,0,1
chr1,147242517,147242767,2,"1,3",1,0,1
chr1,148038603,148038853,2,"1,3",1,0,1
chr1,148263417,148263667,2,"1,3",1,0,1
chr1,148265069,148265319,2,"1,3",1,0,1
chr1,148334494,148334744,2,"1,3",1,0,1
chr1,148522574,148522824,2,"1,3",1,0,1
chr1,149939146,149939396,2,"1,3",1,0,1
chr1,150235914,150236098,2,"1,3",1,0,1
chr1,150268878,150269128,2,"1,3",1,0,1
chr1,150282372,150282622,2,"1,3",1,0,1
chr1,150363795,150364045,2,"1,3",1,0,1
chr1,150562115,150562346,2,"1,3",1,0,1
chr1,151047654,151047904,2,"1,3",1,0,1
chr1,151070735,151070985,2,"1,3",1,0,1
chr1,151165822,151166072,2,"1,3",1,0,1
chr1,151281262,151281512,2,"1,3",1,0,1
chr1,151993758,151993974,2,"2,3",0,1,1
chr1,152036940,152037156,2,"2,3",0,1,1
chr1,154221253,154221503,2,"1,3",1,0,1
chr1,154558705,154558955,2,"1,3",1,0,1
chr1,155001011,155001018,2,"1,3",1,0,1
chr1,155001134,155001350,2,"2,3",0,1,1
chr1,155017272,155017488,2,"2,3",0,1,1
chr1,155017548,155017798,2,"1,3",1,0,1
chr1,155173220,155173436,2,"2,3",0,1,1
chr1,155244713,155244716,2,"2,3",0,1,1
chr1,155244716,155244929,3,"1,2,3",1,1,1
chr1,155244929,155244966,2,"1,3",1,0,1
chr1,156053784,156054034,2,"1,3",1,0,1
chr1,156054522,156054682,2,"1,3",1,0,1
chr1,156082418,156082623,2,"1,3",1,0,1
chr1,156500848,156500889,2,"1,3",1,0,1
chr1,156500889,156501098,3,"1,2,3",1,1,1
chr1,156501098,156501105,2,"2,3",0,1,1
chr1,156728747,156728997,2,"1,3",1,0,1
chr1,156751706,156751707,2,"1,3",1,0,1
chr1,156751707,156751923,3,"1,2,3",1,1,1
chr1,156751923,156751956,2,"1,3",1,0,1
chr1,159891605,159891855,2,"1,3",1,0,1
chr1,159924699,159924949,2,"1,3",1,0,1
chr1,160031938,160032188,2,"1,3",1,0,1
chr1,161314248,161314266,2,"2,3",0,1,1
chr1,161314266,161314464,3,"1,2,3",1,1,1
chr1,161314464,161314516,2,"1,3",1,0,1
chr1,162561473,162561923,2,"1,3",1,0,1
chr1,166839260,166839510,2,"1,3",1,0,1
chr1,167220685,167220688,2,"1,3",1,0,1
chr1,167220688,167220803,3,"1,2,3",1,1,1
chr1,167220803,167220904,2,"2,3",0,1,1
chr1,167935982,167936232,2,"1,3",1,0,1
chr1,169106243,169106493,2,"1,3",1,0,1
chr1,171741935,171742185,2,"1,3",1,0,1
chr1,173868155,173868405,2,"1,3",1,0,1
chr1,179882479,179882553,2,"2,3",0,1,1
chr1,179882553,179882695,3,"1,2,3",1,1,1
chr1,179882695,179882803,2,"1,3",1,0,1
chr1,180154427,180154677,2,"1,3",1,0,1
chr1,181088595,181088845,2,"1,3",1,0,1
chr1,182839588,182839804,2,"2,3",0,1,1
chr1,183471906,183472156,2,"1,3",1,0,1
chr1,186375419,186375669,2,"1,3",1,0,1
chr1,186828665,186828915,2,"1,3",1,0,1
chr1,192808645,192808895,2,"1,3",1,0,1
chr1,197902829,197903045,2,"2,3",0,1,1
chr1,200669496,200669746,2,"1,3",1,0,1
chr1,201482148,201482398,2,"1,3",1,0,1
chr1,202010517,202010767,2,"1,3",1,0,1
chr1,202017883,202018133,2,"1,3",1,0,1
chr1,202018441,202018691,2,"1,3",1,0,1
chr1,202034717,202034967,2,"1,3",1,0,1
chr1,202810651,202810901,2,"1,3",1,0,1
chr1,203861315,203861561,2,"1,3",1,0,1
chr1,204411792,204412042,2,"1,3",1,0,1
chr1,205227776,205227785,2,"2,3",0,1,1
chr1,205227785,205227992,3,"1,2,3",1,1,1
chr1,205227992,205228035,2,"1,3",1,0,1
chr1,205301504,205301754,2,"1,3",1,0,1
chr1,205631923,205632173,2,"1,3",1,0,1
chr1,207321389,207321639,2,"1,3",1,0,1
chr1,211134107,211134117,2,"2,3",0,1,1
chr1,211134117,211134323,3,"1,2,3",1,1,1
chr1,211134323,211134367,2,"1,3",1,0,1
chr1,211258937,211259187,2,"1,3",1,0,1
chr1,211382618,211382868,2,"1,3",1,0,1
chr1,212285351,212285601,2,"1,3",1,0,1
chr1,215567000,215567120,2,"1,3",1,0,1
chr1,220690186,220690436,2,"1,3",1,0,1
chr1,222713224,222713474,2,"1,3",1,0,1
chr1,224113969,224114219,2,"1,3",1,0,1
chr1,225845829,225846079,2,"1,3",1,0,1
chr1,226062613,226062863,2,"1,3",1,0,1
chr1,228165624,228165659,2,"1,3",1,0,1
chr1,228165659,228165874,3,"1,2,3",1,1,1
chr1,228165874,228165875,2,"2,3",0,1,1
chr1,228213542,228213792,2,"1,3",1,0,1
chr1,229626058,229626308,2,"1,3",1,0,1
chr1,234724008,234724040,2,"2,3",0,1,1
chr1,234724040,234724224,3,"1,2,3",1,1,1
chr1,234724224,234724290,2,"1,3",1,0,1
chr1,235328060,235328310,2,"1,3",1,0,1
chr1,244048396,244048646,2,"1,3",1,0,1
chr1,244969985,244970235,2,"1,3",1,0,1
chr1,244970745,244970961,2,"2,3",0,1,1
chr1,248858932,248859182,2,"1,3",1,0,1
chr10,1049312,1049562,2,"1,3",1,0,1
chr10,5623190,5623440,2,"1,3",1,0,1
chr10,6202689,6202939,2,"1,3",1,0,1
chr10,15096973,15097223,2,"1,3",1,0,1
chr10,17643685,17643935,2,"1,3",1,0,1
chr10,21495788,21496038,2,"1,3",1,0,1
chr10,23095295,23095545,2,"1,3",1,0,1
chr10,28302966,28303040,2,"2,3",0,1,1
chr10,28303040,28303162,3,"1,2,3",1,1,1
chr10,28303162,28303182,2,"2,3",0,1,1
chr10,28532885,28533135,2,"1,3",1,0,1
chr10,28663932,28664157,2,"1,3",1,0,1
chr10,32347015,32347265,2,"1,3",1,0,1
chr10,32958382,32958632,2,"1,3",1,0,1
chr10,44974963,44975213,2,"1,3",1,0,1
chr10,46023457,46023673,3,"1,2,3",1,1,1
chr10,46023673,46023707,2,"1,3",1,0,1
chr10,51699565,51699815,2,"1,3",1,0,1
chr10,52314053,52314269,2,"2,3",0,1,1
chr10,63465944,63466160,2,"2,3",0,1,1
chr10,63520941,63521191,2,"1,3",1,0,1
chr10,63629472,63629548,2,"1,3",1,0,1
chr10,67849400,67849650,2,"1,3",1,0,1
chr10,67884514,67884764,2,"1,3",1,0,1
chr10,68331776,68332238,2,"1,3",1,0,1
chr10,69124020,69124236,2,"2,3",0,1,1
chr10,69179810,69180060,2,"1,3",1,0,1
chr10,69408850,69409066,2,"2,3",0,1,1
chr10,71319066,71319316,2,"1,3",1,0,1
chr10,72215887,72216137,2,"1,3",1,0,1
chr10,73744223,73744473,2,"1,3",1,0,1
chr10,73811884,73812093,2,"1,3",1,0,1
chr10,73997794,73998044,2,"1,3",1,0,1
chr10,74826263,74826513,2,"1,3",1,0,1
chr10,75235942,75236192,2,"1,3",1,0,1
chr10,75401864,75401893,2,"2,3",0,1,1
chr10,75401893,75402033,3,"1,2,3",1,1,1
chr10,75402033,75402080,2,"2,3",0,1,1
chr10,78303221,78303471,2,"1,3",1,0,1
chr10,79068775,79069025,2,"1,3",1,0,1
chr10,80079011,80079261,2,"1,3",1,0,1
chr10,87862295,87862344,2,"1,3",1,0,1
chr10,87862344,87862545,3,"1,2,3",1,1,1
chr10,87862545,87862560,2,"2,3",0,1,1
chr10,96043473,96043723,2,"1,3",1,0,1
chr10,96832790,96833040,2,"1,3",1,0,1
chr10,97687312,97687424,2,"2,3",0,1,1
chr10,101060960,101061205,2,"1,3",1,0,1
chr10,101354037,101354287,2,"1,3",1,0,1
chr10,101818534,101818542,2,"1,3",1,0,1
chr10,101818542,101818758,3,"1,2,3",1,1,1
chr10,101818758,101818784,2,"1,3",1,0,1
chr10,102421031,102421281,2,"1,3",1,0,1
chr10,102461222,102461408,2,"1,3",1,0,1
chr10,102503675,102503917,2,"1,3",1,0,1
chr10,112949845,112950095,2,"1,3",1,0,1
chr10,113854523,113854773,2,"1,3",1,0,1
chr10,120851128,120851378,2,"1,3",1,0,1
chr10,123008765,123009015,2,"1,3",1,0,1
chr10,132331900,132331957,2,"2,3",0,1,1
chr10,132331957,132332116,3,"1,2,3",1,1,1
chr10,132332116,132332207,2,"1,3",1,0,1
chr11,809725,809975,2,"1,3",1,0,1
chr11,844648,844898,2,"1,3",1,0,1
chr11,1772566,1772816,2,"1,3",1,0,1
chr11,2400400,2400616,2,"2,3",0,1,1
chr11,9758768,9759018,2,"1,3",1,0,1
chr11,10293869,10294119,2,"1,3",1,0,1
chr11,13668378,13668594,2,"2,3",0,1,1
chr11,18394438,18394654,2,"2,3",0,1,1
chr11,27699051,27699301,2,"1,3",1,0,1
chr11,33258066,33258316,2,"1,3",1,0,1
chr11,34916293,34916543,2,"1,3",1,0,1
chr11,43358830,43359080,2,"1,3",1,0,1
chr11,43880604,43880854,2,"1,3",1,0,1
chr11,46121336,46121586,2,"1,3",1,0,1
chr11,46243350,46243600,2,"1,3",1,0,1
chr11,46936536,46936761,2,"1,3",1,0,1
chr11,47214780,47215030,2,"1,3",1,0,1
chr11,47408358,47408608,2,"1,3",1,0,1
chr11,47426409,47426659,2,"1,3",1,0,1
chr11,47553117,47553142,2,"1,3",1,0,1
chr11,47553142,47553229,3,"1,2,3",1,1,1
chr11,47553229,47553244,2,"2,3",0,1,1
chr11,47578871,47579121,2,"1,3",1,0,1
chr11,57657474,57657724,2,"1,3",1,0,1
chr11,57667252,57667502,2,"1,3",1,0,1
chr11,57667714,57667964,2,"1,3",1,0,1
chr11,58579559,58579809,2,"1,3",1,0,1
chr11,59171939,59172189,2,"1,3",1,0,1
chr11,59557324,59557574,2,"1,3",1,0,1
chr11,59810710,59810960,2,"1,3",1,0,1
chr11,61429327,61429577,2,"1,3",1,0,1
chr11,61581375,61581625,2,"1,3",1,0,1
chr11,61962234,61962484,2,"1,3",1,0,1
chr11,61971874,61972124,2,"1,3",1,0,1
chr11,62573637,62573716,2,"1,3",1,0,1
chr11,62573774,62574024,2,"1,3",1,0,1
chr11,62771479,62771522,2,"2,3",0,1,1
chr11,62771522,62771695,3,"1,2,3",1,1,1
chr11,62771695,62771772,2,"1,3",1,0,1
chr11,62805336,62805586,2,"1,3",1,0,1
chr11,62841492,62841563,2,"1,3",1,0,1
chr11,62841563,62841692,3,"1,2,3",1,1,1
chr11,62841926,62841944,2,"1,3",1,0,1
chr11,63681402,63681852,2,"1,3",1,0,1
chr11,63974405,63974655,2,"1,3",1,0,1
chr11,64246908,64247058,2,"1,3",1,0,1
chr11,64270073,64270323,2,"1,3",1,0,1
chr11,64778873,64779123,2,"1,3",1,0,1
chr11,64847240,64847490,2,"1,3",1,0,1
chr11,64854948,64855012,2,"2,3",0,1,1
chr11,64855012,64855164,3,"1,2,3",1,1,1
chr11,64855164,64855262,2,"1,3",1,0,1
chr11,65013545,65013795,2,"1,3",1,0,1
chr11,65014158,65014408,2,"1,3",1,0,1
chr11,65096005,65096041,2,"1,3",1,0,1
chr11,65096041,65096255,3,"1,2,3",1,1,1
chr11,65096255,65096257,2,"2,3",0,1,1
chr11,65134742,65134992,2,"1,3",1,0,1
chr11,65181646,65181896,2,"1,3",1,0,1
chr11,65416410,65416411,2,"1,3",1,0,1
chr11,65416411,65416613,3,"1,2,3",1,1,1
chr11,65416613,65416627,2,"2,3",0,1,1
chr11,65418936,65419186,2,"1,3",1,0,1
chr11,65421263,65421505,2,"1,3",1,0,1
chr11,65507062,65507234,2,"1,3",1,0,1
chr11,65507259,65507509,2,"1,3",1,0,1
chr11,65507770,65507952,2,"1,3",1,0,1
chr11,65614180,65614430,2,"1,3",1,0,1
chr11,65652568,65652818,2,"1,3",1,0,1
chr11,65712146,65712396,2,"1,3",1,0,1
chr11,65858095,65858247,2,"2,3",0,1,1
chr11,65860405,65860655,2,"1,3",1,0,1
chr11,65888487,65888600,2,"1,3",1,0,1
chr11,65888600,65888737,3,"1,2,3",1,1,1
chr11,65888737,65888816,2,"2,3",0,1,1
chr11,65919205,65919455,2,"1,3",1,0,1
chr11,66002116,66002366,2,"1,3",1,0,1
chr11,66045172,66045422,2,"1,3",1,0,1
chr11,66616341,66616460,2,"1,3",1,0,1
chr11,66616460,66616591,3,"1,2,3",1,1,1
chr11,66616591,66616676,2,"2,3",0,1,1
chr11,66856271,66856299,2,"2,3",0,1,1
chr11,66856299,66856487,3,"1,2,3",1,1,1
chr11,66856487,66856549,2,"1,3",1,0,1
chr11,67118942,67119192,2,"1,3",1,0,1
chr11,67288934,67288967,2,"2,3",0,1,1
chr11,67288967,67289150,3,"1,2,3",1,1,1
chr11,67289150,67289217,2,"1,3",1,0,1
chr11,67353379,67353841,2,"1,3",1,0,1
chr11,67373752,67373820,3,"1,2,3",1,1,1
chr11,67373820,67373885,2,"2,3",0,1,1
chr11,67374100,67374104,2,"2,3",0,1,1
chr11,67374104,67374316,3,"1,2,3",1,1,1
chr11,67374316,67374354,2,"1,3",1,0,1
chr11,67382648,67382836,2,"2,3",0,1,1
chr11,67469208,67469424,2,"2,3",0,1,1
chr11,67508512,67508516,2,"1,3",1,0,1
chr11,67508578,67508615,2,"1,3",1,0,1
chr11,67508615,67508762,3,"1,2,3",1,1,1
chr11,67508762,67508831,2,"2,3",0,1,1
chr11,67629307,67629522,2,"1,3",1,0,1
chr11,68010172,68010422,2,"1,3",1,0,1
chr11,68460178,68460394,2,"2,3",0,1,1
chr11,68903730,68903980,2,"1,3",1,0,1
chr11,72080462,72080928,2,"1,3",1,0,1
chr11,72103310,72103338,2,"1,3",1,0,1
chr11,72103338,72103554,3,"1,2,3",1,1,1
chr11,72103554,72103560,2,"1,3",1,0,1
chr11,74398646,74398896,2,"1,3",1,0,1
chr11,75241654,75241904,2,"1,3",1,0,1
chr11,76207666,76207863,2,"1,3",1,0,1
chr11,76381018,76381045,2,"1,3",1,0,1
chr11,76381045,76381261,3,"1,2,3",1,1,1
chr11,76381261,76381268,2,"1,3",1,0,1
chr11,76783036,76783084,2,"1,3",1,0,1
chr11,76783084,76783286,3,"1,2,3",1,1,1
chr11,76783286,76783300,2,"2,3",0,1,1
chr11,83156604,83156854,2,"1,3",1,0,1
chr11,85628474,85628724,2,"1,3",1,0,1
chr11,85854911,85855161,2,"1,3",1,0,1
chr11,86955581,86955831,2,"1,3",1,0,1
chr11,111602135,111602385,2,"1,3",1,0,1
chr11,116772836,116772863,2,"1,3",1,0,1
chr11,116772863,116773079,3,"1,2,3",1,1,1
chr11,116773079,116773086,2,"1,3",1,0,1
chr11,117098427,117098677,2,"1,3",1,0,1
chr11,118436210,118436460,2,"1,3",1,0,1
chr11,118919846,118920062,2,"2,3",0,1,1
chr11,123062389,123062639,2,"1,3",1,0,1
chr11,123195165,123195175,2,"1,3",1,0,1
chr11,124800421,124800671,2,"1,3",1,0,1
chr11,125626229,125626479,2,"1,3",1,0,1
chr11,126355458,126355708,2,"1,3",1,0,1
chr11,128905588,128905838,2,"1,3",1,0,1
chr11,130069761,130070011,2,"1,3",1,0,1
chr12,389218,389468,2,"1,3",1,0,1
chr12,569850,570100,2,"1,3",1,0,1
chr12,990817,991067,2,"1,3",1,0,1
chr12,2004469,2004494,2,"2,3",0,1,1
chr12,2004494,2004685,3,"1,2,3",1,1,1
chr12,2004685,2004744,2,"1,3",1,0,1
chr12,2794874,2795090,2,"2,3",0,1,1
chr12,3041582,3041832,2,"1,3",1,0,1
chr12,6278815,6279026,2,"1,3",1,0,1
chr12,6336169,6336419,2,"1,3",1,0,1
chr12,6493230,6493480,2,"1,3",1,0,1
chr12,6493675,6493925,2,"1,3",1,0,1
chr12,6533998,6534248,2,"1,3",1,0,1
chr12,6689274,6689325,2,"1,3",1,0,1
chr12,6689325,6689541,3,"1,2,3",1,1,1
chr12,6689541,6689723,2,"1,3",1,0,1
chr12,6753530,6753780,2,"1,3",1,0,1
chr12,6764346,6764423,2,"1,3",1,0,1
chr12,6764423,6764596,3,"1,2,3",1,1,1
chr12,6764596,6764639,2,"2,3",0,1,1
chr12,6766159,6766266,2,"1,3",1,0,1
chr12,6766266,6766409,3,"1,2,3",1,1,1
chr12,6766409,6766482,2,"2,3",0,1,1
chr12,6766955,6767043,2,"2,3",0,1,1
chr12,6778934,6779184,2,"1,3",1,0,1
chr12,6873374,6873624,2,"1,3",1,0,1
chr12,6891122,6891372,2,"1,3",1,0,1
chr12,6943743,6943993,2,"1,3",1,0,1
chr12,7109158,7109368,2,"1,3",1,0,1
chr12,10212297,10212332,2,"1,3",1,0,1
chr12,10212332,10212547,3,"1,2,3",1,1,1
chr12,10212547,10212548,2,"2,3",0,1,1
chr12,12562734,12562984,2,"1,3",1,0,1
chr12,12611714,12611964,2,"1,3",1,0,1
chr12,12725204,12725454,2,"1,3",1,0,1
chr12,12891422,12891672,2,"1,3",1,0,1
chr12,21437736,21437986,2,"1,3",1,0,1
chr12,21657762,21658012,2,"1,3",1,0,1
chr12,27549778,27550028,2,"1,3",1,0,1
chr12,28190316,28190566,2,"1,3",1,0,1
chr12,30754780,30755030,2,"1,3",1,0,1
chr12,38906653,38906903,2,"1,3",1,0,1
chr12,45215889,45216139,2,"1,3",1,0,1
chr12,45727514,45727764,2,"1,3",1,0,1
chr12,46372643,46372853,3,"1,2,3",1,1,1
chr12,46372853,46372883,2,"1,3",1,0,1
chr12,46383876,46384126,2,"1,3",1,0,1
chr12,47820629,47820879,2,"1,3",1,0,1
chr12,48852058,48852114,2,"1,3",1,0,1
chr12,48852114,48852308,3,"1,2,3",1,1,1
chr12,48852308,48852330,2,"2,3",0,1,1
chr12,48957504,48957720,2,"2,3",0,1,1
chr12,49018663,49018766,2,"1,3",1,0,1
chr12,49018766,49018913,3,"1,2,3",1,1,1
chr12,49018913,49018982,2,"2,3",0,1,1
chr12,49060721,49060740,2,"2,3",0,1,1
chr12,49060740,49060937,3,"1,2,3",1,1,1
chr12,49060937,49060990,2,"1,3",1,0,1
chr12,49234508,49234758,2,"1,3",1,0,1
chr12,49264974,49265224,2,"1,3",1,0,1
chr12,49337100,49337350,2,"1,3",1,0,1
chr12,49347655,49347871,2,"2,3",0,1,1
chr12,49623416,49623542,2,"1,3",1,0,1
chr12,49623542,49623666,3,"1,2,3",1,1,1
chr12,49623666,49623758,2,"2,3",0,1,1
chr12,50085042,50085292,2,"1,3",1,0,1
chr12,50763881,50764097,2,"2,3",0,1,1
chr12,51083663,51083733,2,"1,3",1,0,1
chr12,51172768,51172901,2,"1,3",1,0,1
chr12,52051105,52051355,2,"1,3",1,0,1
chr12,52163980,52164196,2,"2,3",0,1,1
chr12,52244111,52244361,2,"1,3",1,0,1
chr12,52281266,52281484,2,"1,3",1,0,1
chr12,53180641,53180857,2,"2,3",0,1,1
chr12,53321558,53321802,2,"1,3",1,0,1
chr12,53370862,53371112,2,"1,3",1,0,1
chr12,53371156,53371237,2,"1,3",1,0,1
chr12,53371237,53371406,3,"1,2,3",1,1,1
chr12,53371406,53371453,2,"2,3",0,1,1
chr12,53379984,53380044,2,"1,3",1,0,1
chr12,53380044,53380234,3,"1,2,3",1,1,1
chr12,53380234,53380260,2,"2,3",0,1,1
chr12,53380446,53380696,2,"1,3",1,0,1
chr12,53626172,53626627,2,"1,3",1,0,1
chr12,53938366,53938496,2,"2,3",0,1,1
chr12,53938496,53938582,3,"1,2,3",1,1,1
chr12,53938582,53938746,2,"1,3",1,0,1
chr12,54359231,54359274,2,"1,3",1,0,1
chr12,54359274,54359481,3,"1,2,3",1,1,1
chr12,54359481,54359490,2,"2,3",0,1,1
chr12,55817611,55817640,2,"1,3",1,0,1
chr12,55817640,55817856,3,"1,2,3",1,1,1
chr12,55817856,55817861,2,"1,3",1,0,1
chr12,56152471,56152663,2,"1,3",1,0,1
chr12,56258300,56258516,2,"2,3",0,1,1
chr12,56521760,56522019,2,"1,3",1,0,1
chr12,56630262,56630503,2,"1,3",1,0,1
chr12,56636804,56636827,2,"1,3",1,0,1
chr12,56636827,56637043,3,"1,2,3",1,1,1
chr12,56637043,56637054,2,"1,3",1,0,1
chr12,56725249,56725499,2,"1,3",1,0,1
chr12,57462379,57462629,2,"1,3",1,0,1
chr12,57462716,57462932,2,"2,3",0,1,1
chr12,57633150,57633387,2,"1,3",1,0,1
chr12,57752321,57752517,2,"1,3",1,0,1
chr12,57752517,57752733,3,"1,2,3",1,1,1
chr12,57752733,57752771,2,"1,3",1,0,1
chr12,57772080,57772330,2,"1,3",1,0,1
chr12,57846557,57846807,2,"1,3",1,0,1
chr12,62603105,62603355,2,"1,3",1,0,1
chr12,62935151,62935401,2,"1,3",1,0,1
chr12,65824586,65824836,2,"1,3",1,0,1
chr12,67647966,67648216,2,"1,3",1,0,1
chr12,68610731,68610981,2,"1,3",1,0,1
chr12,68807989,68808005,2,"1,3",1,0,1
chr12,68808005,68808221,3,"1,2,3",1,1,1
chr12,68808221,68808239,2,"1,3",1,0,1
chr12,69239341,69239397,2,"1,3",1,0,1
chr12,69239397,69239591,3,"1,2,3",1,1,1
chr12,69239591,69239613,2,"2,3",0,1,1
chr12,69470232,69470482,2,"1,3",1,0,1
chr12,70242728,70242978,2,"1,3",1,0,1
chr12,75330227,75330477,2,"1,3",1,0,1
chr12,75391006,75391256,2,"1,3",1,0,1
chr12,76031550,76031800,2,"1,3",1,0,1
chr12,76764000,76764250,2,"1,3",1,0,1
chr12,82358304,82358554,2,"1,3",1,0,1
chr12,92145703,92145953,2,"1,3",1,0,1
chr12,93570785,93571035,2,"1,3",1,0,1
chr12,94459760,94460010,2,"1,3",1,0,1
chr12,95942908,95943158,2,"1,3",1,0,1
chr12,100267010,100267260,2,"1,3",1,0,1
chr12,104958779,104958944,2,"1,3",1,0,1
chr12,105107789,105108039,2,"1,3",1,0,1
chr12,109052413,109052663,2,"1,3",1,0,1
chr12,109093381,109093631,2,"1,3",1,0,1
chr12,110048514,110048764,2,"1,3",1,0,1
chr12,110468319,110468569,2,"1,3",1,0,1
chr12,112013270,112013520,2,"1,3",1,0,1
chr12,112418785,112418801,2,"1,3",1,0,1
chr12,112418801,112418952,3,"1,2,3",1,1,1
chr12,112418952,112418973,2,"1,3",1,0,1
chr12,116426377,116426627,2,"1,3",1,0,1
chr12,120200978,120201194,2,"2,3",0,1,1
chr12,120291661,120291911,2,"1,3",1,0,1
chr12,120495902,120496152,2,"1,3",1,0,1
chr12,120686904,120687154,2,"1,3",1,0,1
chr12,121793647,121793897,2,"1,3",1,0,1
chr12,121812054,121812069,2,"1,3",1,0,1
chr12,121812069,121812285,3,"1,2,3",1,1,1
chr12,122527027,122527277,2,"1,3",1,0,1
chr12,122980532,122980782,2,"1,3",1,0,1
chr12,123364749,123364999,2,"1,3",1,0,1
chr12,123633659,123633909,2,"1,3",1,0,1
chr12,123972772,123973022,2,"1,3",1,0,1
chr12,124898494,124898744,2,"1,3",1,0,1
chr12,124917208,124917458,2,"1,3",1,0,1
chr12,124939908,124940158,2,"1,3",1,0,1
chr12,131710858,131711108,2,"1,3",1,0,1
chr12,131830383,131830633,2,"1,3",1,0,1
chr12,131949719,131949969,2,"1,3",1,0,1
chr12,132144216,132144268,2,"2,3",0,1,1
chr12,132144268,132144432,3,"1,2,3",1,1,1
chr12,132144432,132144518,2,"1,3",1,0,1
chr12,132828770,132829020,2,"1,3",1,0,1
chr12,133080757,133080973,2,"2,3",0,1,1
chr13,28658906,28659156,2,"1,3",1,0,1
chr13,32586285,32586535,2,"1,3",1,0,1
chr13,41060336,41060586,2,"1,3",1,0,1
chr13,41061452,41061702,2,"1,3",1,0,1
chr13,41960930,41961180,2,"1,3",1,0,1
chr13,51584247,51584497,2,"1,3",1,0,1
chr13,108218360,108218610,2,"1,3",1,0,1
chr13,109786830,109787080,2,"1,3",1,0,1
chr13,113449239,113449489,2,"1,3",1,0,1
chr14,21384316,21384566,2,"1,3",1,0,1
chr14,22929625,22929857,2,"1,3",1,0,1
chr14,23306658,23306701,2,"2,3",0,1,1
chr14,23306701,23306831,3,"1,2,3",1,1,1
chr14,23306831,23306874,2,"2,3",0,1,1
chr14,24188812,24189062,2,"1,3",1,0,1
chr14,24299622,24299872,2,"1,3",1,0,1
chr14,30558982,30559232,2,"1,3",1,0,1
chr14,31457337,31457587,2,"1,3",1,0,1
chr14,32076615,32076865,2,"1,3",1,0,1
chr14,35122565,35122815,2,"1,3",1,0,1
chr14,35292171,35292421,2,"1,3",1,0,1
chr14,49634265,49634515,2,"1,3",1,0,1
chr14,49862207,49862457,2,"1,3",1,0,1
chr14,50312333,50312583,2,"1,3",1,0,1
chr14,54509631,54509881,2,"1,3",1,0,1
chr14,55051480,55051501,2,"2,3",0,1,1
chr14,55051501,55051696,3,"1,2,3",1,1,1
chr14,55051696,55051751,2,"1,3",1,0,1
chr14,57390340,57390590,2,"1,3",1,0,1
chr14,64540574,64540824,2,"1,3",1,0,1
chr14,67695453,67695703,2,"1,3",1,0,1
chr14,68793125,68793235,2,"1,3",1,0,1
chr14,69191393,69191643,2,"1,3",1,0,1
chr14,70359663,70359913,2,"1,3",1,0,1
chr14,73458656,73458906,2,"1,3",1,0,1
chr14,73851698,73851715,2,"1,3",1,0,1
chr14,73851715,73851931,3,"1,2,3",1,1,1
chr14,73851931,73852160,2,"1,3",1,0,1
chr14,73886677,73886927,2,"1,3",1,0,1
chr14,75294161,75294411,2,"1,3",1,0,1
chr14,75295315,75295356,2,"1,3",1,0,1
chr14,76956519,76956606,2,"2,3",0,1,1
chr14,76956606,76956735,3,"1,2,3",1,1,1
chr14,76956735,76956856,2,"1,3",1,0,1
chr14,77027838,77028088,2,"1,3",1,0,1
chr14,77028792,77028833,2,"2,3",0,1,1
chr14,77028833,77028993,3,"1,2,3",1,1,1
chr14,77028993,77029008,2,"2,3",0,1,1
chr14,77097956,77098027,2,"1,3",1,0,1
chr14,77098027,77098206,3,"1,2,3",1,1,1
chr14,77098206,77098243,2,"2,3",0,1,1
chr14,81219308,81219558,2,"1,3",1,0,1
chr14,88563378,88563628,2,"1,3",1,0,1
chr14,89417181,89417431,2,"1,3",1,0,1
chr14,92106196,92106446,2,"1,3",1,0,1
chr14,95157505,95157755,2,"1,3",1,0,1
chr14,99481244,99481494,2,"1,3",1,0,1
chr14,99604250,99604500,2,"1,3",1,0,1
chr14,100285616,100285693,2,"2,3",0,1,1
chr14,100285693,100285832,3,"1,2,3",1,1,1
chr14,100285832,100285943,2,"1,3",1,0,1
chr14,102316947,102317197,2,"1,3",1,0,1
chr14,102592390,102592397,2,"2,3",0,1,1
chr14,102592397,102592606,3,"1,2,3",1,1,1
chr14,102592606,102592647,2,"1,3",1,0,1
chr14,103121991,103122207,2,"2,3",0,1,1
chr14,103333788,103334038,2,"1,3",1,0,1
chr14,104688673,104688879,2,"1,3",1,0,1
chr14,104752666,104752916,2,"1,3",1,0,1
chr14,104815923,104816173,2,"1,3",1,0,1
chr14,105474096,105474346,2,"1,3",1,0,1
chr14,105481389,105481639,2,"1,3",1,0,1
chr15,22838528,22838778,2,"1,3",1,0,1
chr15,30991492,30991742,2,"1,3",1,0,1
chr15,34988220,34988470,2,"1,3",1,0,1
chr15,38251767,38252017,2,"1,3",1,0,1
chr15,40873795,40874045,2,"1,3",1,0,1
chr15,41116232,41116482,2,"1,3",1,0,1
chr15,42273065,42273315,2,"1,3",1,0,1
chr15,44427282,44427532,2,"1,3",1,0,1
chr15,49046429,49046679,2,"1,3",1,0,1
chr15,50355378,50355582,2,"1,3",1,0,1
chr15,50908412,50908662,2,"1,3",1,0,1
chr15,52019034,52019284,2,"1,3",1,0,1
chr15,52568971,52569221,2,"1,3",1,0,1
chr15,55318998,55319248,2,"1,3",1,0,1
chr15,56246097,56246347,2,"1,3",1,0,1
chr15,56733523,56733773,2,"1,3",1,0,1
chr15,56887302,56887552,2,"1,3",1,0,1
chr15,56918466,56918716,2,"1,3",1,0,1
chr15,57324449,57324665,2,"2,3",0,1,1
chr15,60397832,60398082,2,"1,3",1,0,1
chr15,62897168,62897418,2,"1,3",1,0,1
chr15,63042479,63042486,2,"1,3",1,0,1
chr15,63042486,63042702,3,"1,2,3",1,1,1
chr15,63042702,63042729,2,"1,3",1,0,1
chr15,63189369,63189619,2,"1,3",1,0,1
chr15,63449804,63450054,2,"1,3",1,0,1
chr15,63503263,63503513,2,"1,3",1,0,1
chr15,63504503,63504753,2,"1,3",1,0,1
chr15,64356166,64356382,2,"2,3",0,1,1
chr15,64387672,64387922,2,"1,3",1,0,1
chr15,64460356,64460606,2,"1,3",1,0,1
chr15,64703194,64703444,2,"1,3",1,0,1
chr15,65286772,65287022,2,"1,3",1,0,1
chr15,65296026,65296276,2,"1,3",1,0,1
chr15,65304651,65304901,2,"1,3",1,0,1
chr15,65611049,65611299,2,"1,3",1,0,1
chr15,66386693,66386909,2,"2,3",0,1,1
chr15,66702169,66702419,2,"1,3",1,0,1
chr15,68210878,68211120,2,"1,3",1,0,1
chr15,68277745,68277995,2,"1,3",1,0,1
chr15,71115273,71115489,2,"2,3",0,1,1
chr15,72117651,72117901,2,"1,3",1,0,1
chr15,72118530,72118714,2,"1,3",1,0,1
chr15,72231195,72231445,2,"1,3",1,0,1
chr15,72272698,72272948,2,"1,3",1,0,1
chr15,72375895,72375913,2,"1,3",1,0,1
chr15,72375913,72376129,3,"1,2,3",1,1,1
chr15,72376129,72376145,2,"1,3",1,0,1
chr15,72783676,72783926,2,"1,3",1,0,1
chr15,72784092,72784342,2,"1,3",1,0,1
chr15,74889922,74890172,2,"1,3",1,0,1
chr15,74906687,74906937,2,"1,3",1,0,1
chr15,74957047,74957297,2,"1,3",1,0,1
chr15,75204834,75205047,3,"1,2,3",1,1,1
chr15,75205047,75205080,2,"1,3",1,0,1
chr15,75335851,75335897,2,"2,3",0,1,1
chr15,75335897,75336067,3,"1,2,3",1,1,1
chr15,75336067,75336147,2,"1,3",1,0,1
chr15,75368469,75368719,2,"1,3",1,0,1
chr15,75625694,75625910,2,"2,3",0,1,1
chr15,75640264,75640514,2,"1,3",1,0,1
chr15,78000124,78000340,2,"2,3",0,1,1
chr15,78437834,78438084,2,"1,3",1,0,1
chr15,78751115,78751344,2,"1,3",1,0,1
chr15,79896644,79896860,2,"2,3",0,1,1
chr15,79897027,79897277,2,"1,3",1,0,1
chr15,80059426,80059676,2,"1,3",1,0,1
chr15,80060266,80060329,2,"1,3",1,0,1
chr15,82047054,82047304,2,"1,3",1,0,1
chr15,82262634,82262884,2,"1,3",1,0,1
chr15,82540437,82540687,2,"1,3",1,0,1
chr15,83067129,83067379,2,"1,3",1,0,1
chr15,84658217,84658467,2,"1,3",1,0,1
chr15,84981289,84981539,2,"1,3",1,0,1
chr15,88638647,88638897,2,"1,3",1,0,1
chr15,89334787,89335037,2,"1,3",1,0,1
chr15,90157969,90158185,2,"1,3",1,0,1
chr15,90165811,90166061,2,"1,3",1,0,1
chr15,90954760,90955010,2,"1,3",1,0,1
chr15,92803908,92804158,2,"1,3",1,0,1
chr15,92809074,92809120,2,"1,3",1,0,1
chr15,92809120,92809324,3,"1,2,3",1,1,1
chr15,92809324,92809336,2,"2,3",0,1,1
chr15,92820285,92820665,2,"1,3",1,0,1
chr15,92882663,92882682,2,"1,3",1,0,1
chr15,92882682,92882898,3,"1,2,3",1,1,1
chr15,92882898,92882913,2,"1,3",1,0,1
chr15,98647530,98647746,2,"2,3",0,1,1
chr15,98648285,98648535,2,"1,3",1,0,1
chr15,98873921,98874171,2,"1,3",1,0,1
chr15,99565807,99566057,2,"1,3",1,0,1
chr15,100350143,100350393,2,"1,3",1,0,1
chr15,100602293,100602543,2,"1,3",1,0,1
chr15,101652297,101652547,2,"1,3",1,0,1
chr16,370507,370757,2,"1,3",1,0,1
chr16,589686,589936,2,"1,3",1,0,1
chr16,636694,636944,2,"1,3",1,0,1
chr16,667965,667982,2,"2,3",0,1,1
chr16,667982,668181,3,"1,2,3",1,1,1
chr16,668181,668232,2,"1,3",1,0,1
chr16,1722160,1722376,2,"2,3",0,1,1
chr16,1984028,1984276,2,"1,3",1,0,1
chr16,2009941,2010086,2,"1,3",1,0,1
chr16,2023187,2023201,2,"2,3",0,1,1
chr16,2023201,2023403,3,"1,2,3",1,1,1
chr16,2023403,2023664,2,"1,3",1,0,1
chr16,2155246,2155449,2,"1,3",1,0,1
chr16,2251568,2251784,2,"2,3",0,1,1
chr16,2267964,2268214,2,"1,3",1,0,1
chr16,2340870,2341120,2,"1,3",1,0,1
chr16,2537708,2537958,2,"1,3",1,0,1
chr16,3022359,3022570,2,"1,3",1,0,1
chr16,3023823,3024073,2,"1,3",1,0,1
chr16,3059295,3059299,2,"2,3",0,1,1
chr16,3059299,3059511,3,"1,2,3",1,1,1
chr16,3059511,3059549,2,"1,3",1,0,1
chr16,3112389,3112639,2,"1,3",1,0,1
chr16,4253685,4253935,2,"1,3",1,0,1
chr16,4254029,4254245,2,"2,3",0,1,1
chr16,4307797,4308047,2,"1,3",1,0,1
chr16,4315443,4315710,2,"1,3",1,0,1
chr16,4734192,4734442,2,"1,3",1,0,1
chr16,8868652,8868831,2,"1,3",1,0,1
chr16,8868886,8869136,2,"1,3",1,0,1
chr16,9091140,9091390,2,"1,3",1,0,1
chr16,10743867,10744117,2,"1,3",1,0,1
chr16,11915930,11915955,2,"1,3",1,0,1
chr16,11915955,11916171,3,"1,2,3",1,1,1
chr16,11916171,11916180,2,"1,3",1,0,1
chr16,14632621,14632838,2,"1,3",1,0,1
chr16,18801336,18801586,2,"1,3",1,0,1
chr16,21599419,21599669,2,"1,3",1,0,1
chr16,21952857,21953107,2,"1,3",1,0,1
chr16,22298355,22298605,2,"1,3",1,0,1
chr16,23557411,23557661,2,"1,3",1,0,1
chr16,24729473,24729723,2,"1,3",1,0,1
chr16,28823056,28823306,2,"1,3",1,0,1
chr16,28823922,28824172,2,"1,3",1,0,1
chr16,28846416,28846666,2,"1,3",1,0,1
chr16,28863294,28863544,2,"1,3",1,0,1
chr16,28945614,28945864,2,"1,3",1,0,1
chr16,29805397,29805563,2,"1,3",1,0,1
chr16,29805563,29805646,3,"1,2,3",1,1,1
chr16,29805646,29805779,2,"2,3",0,1,1
chr16,29805811,29806027,2,"2,3",0,1,1
chr16,29811204,29811454,2,"1,3",1,0,1
chr16,29973526,29973776,2,"1,3",1,0,1
chr16,30527091,30527341,2,"1,3",1,0,1
chr16,30658299,30658549,2,"1,3",1,0,1
chr16,30659225,30659366,2,"1,3",1,0,1
chr16,30698346,30698596,2,"1,3",1,0,1
chr16,30787093,30787310,2,"1,3",1,0,1
chr16,30957562,30957751,2,"1,3",1,0,1
chr16,31073594,31073844,2,"1,3",1,0,1
chr16,31142359,31142609,2,"1,3",1,0,1
chr16,31180055,31180305,2,"1,3",1,0,1
chr16,50025057,50025098,2,"2,3",0,1,1
chr16,50025098,50025202,3,"1,2,3",1,1,1
chr16,50025202,50025273,2,"2,3",0,1,1
chr16,53703934,53704184,2,"1,3",1,0,1
chr16,54930508,54930520,2,"1,3",1,0,1
chr16,54930520,54930736,3,"1,2,3",1,1,1
chr16,54930736,54930758,2,"1,3",1,0,1
chr16,57462516,57462766,2,"1,3",1,0,1
chr16,58392235,58392484,2,"1,3",1,0,1
chr16,67226935,67227151,2,"2,3",0,1,1
chr16,67872899,67872936,2,"1,3",1,0,1
chr16,67872936,67873149,3,"1,2,3",1,1,1
chr16,67873149,67873152,2,"2,3",0,1,1
chr16,67968578,67968828,2,"1,3",1,0,1
chr16,68237598,68237681,2,"2,3",0,1,1
chr16,68237681,68237814,3,"1,2,3",1,1,1
chr16,68237814,68237931,2,"1,3",1,0,1
chr16,68245095,68245345,2,"1,3",1,0,1
chr16,68448476,68448726,2,"1,3",1,0,1
chr16,69565796,69565802,2,"1,3",1,0,1
chr16,69565802,69566018,3,"1,2,3",1,1,1
chr16,69566018,69566046,2,"1,3",1,0,1
chr16,69726498,69726710,2,"2,3",0,1,1
chr16,69726710,69726714,3,"1,2,3",1,1,1
chr16,69726714,69726960,2,"1,3",1,0,1
chr16,70289578,70289766,2,"1,3",1,0,1
chr16,70439143,70439195,2,"1,3",1,0,1
chr16,70439195,70439393,3,"1,2,3",1,1,1
chr16,70439393,70439411,2,"2,3",0,1,1
chr16,70738441,70738645,2,"2,3",0,1,1
chr16,71845808,71845828,2,"1,3",1,0,1
chr16,71845828,71846044,3,"1,2,3",1,1,1
chr16,71846044,71846058,2,"1,3",1,0,1
chr16,74998879,74999095,2,"2,3",0,1,1
chr16,81007309,81007525,2,"2,3",0,1,1
chr16,81444663,81444734,2,"2,3",0,1,1
chr16,85611711,85612177,2,"1,3",1,0,1
chr16,86555136,86555587,2,"1,3",1,0,1
chr16,87391987,87392237,2,"1,3",1,0,1
chr16,87951291,87951541,2,"1,3",1,0,1
chr16,88570248,88570305,2,"1,3",1,0,1
chr16,88570305,88570498,3,"1,2,3",1,1,1
chr16,88570498,88570521,2,"2,3",0,1,1
chr16,88737422,88737638,2,"2,3",0,1,1
chr16,89720817,89720845,2,"2,3",0,1,1
chr16,89720845,89721033,3,"1,2,3",1,1,1
chr16,89721033,89721095,2,"1,3",1,0,1
chr17,1469263,1469479,2,"2,3",0,1,1
chr17,1648882,1649098,2,"2,3",0,1,1
chr17,1714738,1714953,2,"1,3",1,0,1
chr17,1716847,1717097,2,"1,3",1,0,1
chr17,2029974,2030026,2,"1,3",1,0,1
chr17,2030026,2030224,3,"1,2,3",1,1,1
chr17,2030224,2030242,2,"2,3",0,1,1
chr17,2303620,2303870,2,"1,3",1,0,1
chr17,2336354,2336516,2,"1,3",1,0,1
chr17,2392782,2393032,2,"1,3",1,0,1
chr17,2401003,2401009,2,"1,3",1,0,1
chr17,2401009,2401225,3,"1,2,3",1,1,1
chr17,2401225,2401251,2,"1,3",1,0,1
chr17,2401563,2401813,2,"1,3",1,0,1
chr17,2593922,2594172,2,"1,3",1,0,1
chr17,2711711,2711723,2,"1,3",1,0,1
chr17,2711723,2711939,3,"1,2,3",1,1,1
chr17,2711939,2711961,2,"1,3",1,0,1
chr17,2749801,2750051,2,"1,3",1,0,1
chr17,2960247,2960463,2,"2,3",0,1,1
chr17,3723697,3723947,2,"1,3",1,0,1
chr17,3737752,3737989,2,"1,3",1,0,1
chr17,4704044,4704086,2,"1,3",1,0,1
chr17,4704086,4704294,3,"1,2,3",1,1,1
chr17,4704294,4704302,2,"2,3",0,1,1
chr17,4710310,4710468,2,"1,3",1,0,1
chr17,4710468,4710560,3,"1,2,3",1,1,1
chr17,4710560,4710684,2,"2,3",0,1,1
chr17,4948604,4948727,2,"1,3",1,0,1
chr17,4949694,4949944,2,"1,3",1,0,1
chr17,4967753,4968003,2,"1,3",1,0,1
chr17,4987392,4987642,2,"1,3",1,0,1
chr17,5282133,5282148,2,"2,3",0,1,1
chr17,5282210,5282349,2,"2,3",0,1,1
chr17,5468974,5469214,2,"1,3",1,0,1
chr17,5486406,5486656,2,"1,3",1,0,1
chr17,6640625,6640875,2,"1,3",1,0,1
chr17,7014620,7014870,2,"1,3",1,0,1
chr17,7177470,7177675,2,"1,3",1,0,1
chr17,7214601,7214851,2,"1,3",1,0,1
chr17,7214906,7215320,2,"1,3",1,0,1
chr17,7239449,7239469,2,"1,3",1,0,1
chr17,7239469,7239685,3,"1,2,3",1,1,1
chr17,7239685,7239699,2,"1,3",1,0,1
chr17,7307410,7307660,2,"1,3",1,0,1
chr17,7329404,7329862,2,"1,3",1,0,1
chr17,7437010,7437260,2,"1,3",1,0,1
chr17,7484252,7484278,2,"1,3",1,0,1
chr17,7484278,7484494,3,"1,2,3",1,1,1
chr17,7484494,7484502,2,"1,3",1,0,1
chr17,7484662,7484695,2,"1,3",1,0,1
chr17,7484695,7484911,3,"1,2,3",1,1,1
chr17,7484911,7484912,2,"1,3",1,0,1
chr17,7573365,7573503,2,"1,3",1,0,1
chr17,7573619,7573869,2,"1,3",1,0,1
chr17,7717193,7717198,2,"2,3",0,1,1
chr17,7717198,7717409,3,"1,2,3",1,1,1
chr17,7717409,7717448,2,"1,3",1,0,1
chr17,7835561,7835629,2,"1,3",1,0,1
chr17,7835629,7835811,3,"1,2,3",1,1,1
chr17,7835811,7835845,2,"2,3",0,1,1
chr17,7851788,7852038,2,"1,3",1,0,1
chr17,7915777,7916027,2,"1,3",1,0,1
chr17,8138810,8139060,2,"1,3",1,0,1
chr17,8139428,8139678,2,"1,3",1,0,1
chr17,8154259,8154475,2,"2,3",0,1,1
chr17,8156823,8157073,2,"1,3",1,0,1
chr17,8173410,8173417,2,"1,3",1,0,1
chr17,8173417,8173633,3,"1,2,3",1,1,1
chr17,8173633,8173660,2,"1,3",1,0,1
chr17,8186786,8187036,2,"1,3",1,0,1
chr17,8187428,8187540,2,"1,3",1,0,1
chr17,8187625,8187678,2,"1,3",1,0,1
chr17,8221455,8221665,2,"1,3",1,0,1
chr17,8222219,8222469,2,"1,3",1,0,1
chr17,8376675,8376925,2,"1,3",1,0,1
chr17,8383146,8383396,2,"1,3",1,0,1
chr17,8746006,8746256,2,"1,3",1,0,1
chr17,15262450,15262689,2,"1,3",1,0,1
chr17,15999669,15999919,2,"1,3",1,0,1
chr17,16215439,16215689,2,"1,3",1,0,1
chr17,16217042,16217261,2,"1,3",1,0,1
chr17,16381004,16381204,2,"1,3",1,0,1
chr17,16438948,16439198,2,"1,3",1,0,1
chr17,17021288,17021538,2,"1,3",1,0,1
chr17,17042149,17042399,2,"1,3",1,0,1
chr17,17206385,17206601,2,"2,3",0,1,1
chr17,17476862,17476870,2,"2,3",0,1,1
chr17,17476870,17477078,3,"1,2,3",1,1,1
chr17,17477078,17477120,2,"1,3",1,0,1
chr17,17591614,17591864,2,"1,3",1,0,1
chr17,17860243,17860493,2,"1,3",1,0,1
chr17,17972358,17972370,2,"2,3",0,1,1
chr17,17972370,17972574,3,"1,2,3",1,1,1
chr17,17972574,17972620,2,"1,3",1,0,1
chr17,18039092,18039511,2,"2,3",0,1,1
chr17,18087747,18087997,2,"1,3",1,0,1
chr17,20009184,20009434,2,"1,3",1,0,1
chr17,20908503,20908753,2,"1,3",1,0,1
chr17,27245321,27245571,2,"1,3",1,0,1
chr17,27293917,27294167,2,"1,3",1,0,1
chr17,27353714,27353964,2,"1,3",1,0,1
chr17,28335419,28335669,2,"1,3",1,0,1
chr17,28370307,28370557,2,"1,3",1,0,1
chr17,28645164,28645414,2,"1,3",1,0,1
chr17,28725948,28726164,2,"2,3",0,1,1
chr17,28726332,28726582,2,"1,3",1,0,1
chr17,28726907,28726908,2,"2,3",0,1,1
chr17,28726908,28727123,3,"1,2,3",1,1,1
chr17,28727123,28727158,2,"1,3",1,0,1
chr17,28812407,28812444,2,"1,3",1,0,1
chr17,28903040,28903290,2,"1,3",1,0,1
chr17,29148875,29149125,2,"1,3",1,0,1
chr17,29591712,29591922,2,"1,3",1,0,1
chr17,30292021,30292271,2,"1,3",1,0,1
chr17,30731583,30731799,2,"2,3",0,1,1
chr17,31094776,31095026,2,"1,3",1,0,1
chr17,31549996,31550177,3,"1,2,3",1,1,1
chr17,31550177,31550181,2,"1,3",1,0,1
chr17,31558742,31558958,2,"2,3",0,1,1
chr17,32007191,32007243,2,"1,3",1,0,1
chr17,32007243,32007441,3,"1,2,3",1,1,1
chr17,32007441,32007459,2,"2,3",0,1,1
chr17,32444246,32444496,2,"1,3",1,0,1
chr17,35587190,35587440,2,"1,3",1,0,1
chr17,35809389,35809605,2,"2,3",0,1,1
chr17,36534791,36535007,2,"2,3",0,1,1
chr17,36544857,36545107,2,"1,3",1,0,1
chr17,36545430,36545680,2,"1,3",1,0,1
chr17,36948623,36948719,2,"2,3",0,1,1
chr17,36948719,36948839,3,"1,2,3",1,1,1
chr17,36948839,36948969,2,"1,3",1,0,1
chr17,36949010,36949260,2,"1,3",1,0,1
chr17,38853546,38853796,2,"1,3",1,0,1
chr17,38869306,38869507,2,"1,3",1,0,1
chr17,39154442,39154633,2,"1,3",1,0,1
chr17,39461249,39461387,2,"1,3",1,0,1
chr17,39730326,39730420,2,"1,3",1,0,1
chr17,39730420,39730576,3,"1,2,3",1,1,1
chr17,39730576,39730636,2,"2,3",0,1,1
chr17,39754242,39754695,2,"1,3",1,0,1
chr17,39980375,39980625,2,"1,3",1,0,1
chr17,40111719,40111786,2,"1,3",1,0,1
chr17,40111786,40111969,3,"1,2,3",1,1,1
chr17,40111969,40111983,2,"2,3",0,1,1
chr17,40341189,40341285,2,"1,3",1,0,1
chr17,40341285,40341439,3,"1,2,3",1,1,1
chr17,40341439,40341501,2,"2,3",0,1,1
chr17,40443437,40443575,2,"1,3",1,0,1
chr17,40521555,40521805,2,"1,3",1,0,1
chr17,40551962,40552212,2,"1,3",1,0,1
chr17,40647826,40647907,2,"1,3",1,0,1
chr17,40647999,40648076,2,"1,3",1,0,1
chr17,41689200,41689278,2,"1,3",1,0,1
chr17,41689278,41689450,3,"1,2,3",1,1,1
chr17,41689450,41689494,2,"2,3",0,1,1
chr17,42458615,42458643,2,"1,3",1,0,1
chr17,42458643,42458859,3,"1,2,3",1,1,1
chr17,42458859,42458865,2,"1,3",1,0,1
chr17,42517589,42517793,2,"1,3",1,0,1
chr17,42609327,42609577,2,"1,3",1,0,1
chr17,42677085,42677301,2,"2,3",0,1,1
chr17,42773292,42773542,2,"1,3",1,0,1
chr17,42998138,42998388,2,"1,3",1,0,1
chr17,43171029,43171279,2,"1,3",1,0,1
chr17,43361131,43361177,2,"1,3",1,0,1
chr17,43361177,43361381,3,"1,2,3",1,1,1
chr17,43361381,43361393,2,"2,3",0,1,1
chr17,43367903,43368132,2,"1,3",1,0,1
chr17,43369019,43369269,2,"1,3",1,0,1
chr17,43483656,43483906,2,"1,3",1,0,1
chr17,43546226,43546476,2,"1,3",1,0,1
chr17,44014883,44015133,2,"1,3",1,0,1
chr17,44066490,44066740,2,"1,3",1,0,1
chr17,44070563,44070813,2,"1,3",1,0,1
chr17,44123627,44123877,2,"1,3",1,0,1
chr17,44138366,44138578,2,"1,3",1,0,1
chr17,44186560,44186810,2,"1,3",1,0,1
chr17,44199803,44200053,2,"1,3",1,0,1
chr17,44200225,44200475,2,"1,3",1,0,1
chr17,44324754,44325004,2,"1,3",1,0,1
chr17,44326860,44327076,2,"2,3",0,1,1
chr17,44344976,44345226,2,"1,3",1,0,1
chr17,44385284,44385483,3,"1,2,3",1,1,1
chr17,44385483,44385521,2,"1,3",1,0,1
chr17,44656284,44656534,2,"1,3",1,0,1
chr17,44899416,44899666,2,"1,3",1,0,1
chr17,44947595,44947845,2,"1,3",1,0,1
chr17,45135391,45135405,2,"1,3",1,0,1
chr17,45135405,45135621,3,"1,2,3",1,1,1
chr17,45135621,45135641,2,"1,3",1,0,1
chr17,45148128,45148134,2,"1,3",1,0,1
chr17,45148370,45148393,2,"2,3",0,1,1
chr17,45148393,45148586,3,"1,2,3",1,1,1
chr17,45148586,45148643,2,"1,3",1,0,1
chr17,45149203,45149238,2,"1,3",1,0,1
chr17,45149238,45149446,3,"1,2,3",1,1,1
chr17,45161434,45161684,2,"1,3",1,0,1
chr17,45172599,45172614,2,"1,3",1,0,1
chr17,45172614,45172830,3,"1,2,3",1,1,1
chr17,45172830,45172849,2,"1,3",1,0,1
chr17,45197847,45198097,2,"1,3",1,0,1
chr17,45229083,45229299,2,"2,3",0,1,1
chr17,45584456,45584706,2,"1,3",1,0,1
chr17,45894232,45894482,2,"1,3",1,0,1
chr17,46193266,46193332,2,"2,3",0,1,1
chr17,46193332,46193482,3,"1,2,3",1,1,1
chr17,46193482,46193582,2,"1,3",1,0,1
chr17,46193953,46194203,2,"1,3",1,0,1
chr17,46922871,46923121,2,"1,3",1,0,1
chr17,47649781,47649817,2,"1,3",1,0,1
chr17,47649817,47650031,3,"1,2,3",1,1,1
chr17,47650031,47650033,2,"2,3",0,1,1
chr17,47831387,47831637,2,"1,3",1,0,1
chr17,47896438,47896454,2,"1,3",1,0,1
chr17,47896454,47896670,3,"1,2,3",1,1,1
chr17,47896670,47896688,2,"1,3",1,0,1
chr17,48023401,48023651,2,"1,3",1,0,1
chr17,48025180,48025430,2,"1,3",1,0,1
chr17,48107769,48108019,2,"1,3",1,0,1
chr17,48626003,48626253,2,"1,3",1,0,1
chr17,48626577,48626827,2,"1,3",1,0,1
chr17,48909018,48909268,2,"1,3",1,0,1
chr17,48954295,48954545,2,"1,3",1,0,1
chr17,48996102,48996352,2,"1,3",1,0,1
chr17,48997046,48997290,2,"1,3",1,0,1
chr17,49362092,49362342,2,"1,3",1,0,1
chr17,49414940,49415190,2,"1,3",1,0,1
chr17,50055795,50056045,2,"1,3",1,0,1
chr17,50095138,50095388,2,"1,3",1,0,1
chr17,50151054,50151071,2,"1,3",1,0,1
chr17,50151071,50151287,3,"1,2,3",1,1,1
chr17,50151287,50151304,2,"1,3",1,0,1
chr17,50200576,50200625,2,"1,3",1,0,1
chr17,50200625,50200826,3,"1,2,3",1,1,1
chr17,50200826,50200841,2,"2,3",0,1,1
chr17,50397473,50397689,2,"2,3",0,1,1
chr17,50542037,50542287,2,"1,3",1,0,1
chr17,50719338,50719588,2,"1,3",1,0,1
chr17,50866201,50866243,2,"2,3",0,1,1
chr17,50866243,50866417,3,"1,2,3",1,1,1
chr17,50866417,50866493,2,"1,3",1,0,1
chr17,51153390,51153640,2,"1,3",1,0,1
chr17,51260337,51260587,2,"1,3",1,0,1
chr17,56914058,56914308,2,"1,3",1,0,1
chr17,56960972,56961008,2,"1,3",1,0,1
chr17,56961008,56961222,3,"1,2,3",1,1,1
chr17,56961222,56961224,2,"2,3",0,1,1
chr17,57256306,57256460,2,"2,3",0,1,1
chr17,57256460,57256522,3,"1,2,3",1,1,1
chr17,57256522,57256710,2,"1,3",1,0,1
chr17,58007070,58007320,2,"1,3",1,0,1
chr17,58417596,58417846,2,"1,3",1,0,1
chr17,58518599,58518849,2,"1,3",1,0,1
chr17,58659108,58659358,2,"1,3",1,0,1
chr17,59565433,59565451,2,"1,3",1,0,1
chr17,59565451,59565667,3,"1,2,3",1,1,1
chr17,59565667,59565683,2,"1,3",1,0,1
chr17,59619224,59619474,2,"1,3",1,0,1
chr17,59619678,59619928,2,"1,3",1,0,1
chr17,59707548,59707798,2,"1,3",1,0,1
chr17,59837842,59838092,2,"1,3",1,0,1
chr17,59843184,59843434,2,"1,3",1,0,1
chr17,59845666,59845916,2,"1,3",1,0,1
chr17,59846448,59846698,2,"1,3",1,0,1
chr17,60392228,60392478,2,"1,3",1,0,1
chr17,60525850,60525875,2,"1,3",1,0,1
chr17,60525875,60526091,3,"1,2,3",1,1,1
chr17,60526091,60526100,2,"1,3",1,0,1
chr17,60599616,60599832,2,"2,3",0,1,1
chr17,63479000,63479217,2,"1,3",1,0,1
chr17,63550075,63550325,2,"1,3",1,0,1
chr17,63600702,63600952,2,"1,3",1,0,1
chr17,63741907,63742157,2,"1,3",1,0,1
chr17,63826976,63827183,2,"1,3",1,0,1
chr17,63843068,63843318,2,"1,3",1,0,1
chr17,64496862,64497112,2,"1,3",1,0,1
chr17,64506158,64506408,2,"1,3",1,0,1
chr17,64661992,64662208,2,"2,3",0,1,1
chr17,64919412,64919628,2,"2,3",0,1,1
chr17,64975757,64976007,2,"1,3",1,0,1
chr17,65137144,65137394,2,"1,3",1,0,1
chr17,67717722,67717972,2,"1,3",1,0,1
chr17,67825334,67825357,2,"1,3",1,0,1
chr17,67825357,67825573,3,"1,2,3",1,1,1
chr17,67825573,67825584,2,"1,3",1,0,1
chr17,68035497,68035747,2,"1,3",1,0,1
chr17,69327132,69327382,2,"1,3",1,0,1
chr17,74770805,74771029,2,"1,3",1,0,1
chr17,74776200,74776450,2,"1,3",1,0,1
chr17,74873224,74873474,2,"1,3",1,0,1
chr17,75012505,75012721,2,"2,3",0,1,1
chr17,75033754,75034004,2,"1,3",1,0,1
chr17,75047039,75047289,2,"1,3",1,0,1
chr17,75087712,75087962,2,"1,3",1,0,1
chr17,75109854,75110103,2,"1,3",1,0,1
chr17,75124253,75124274,2,"1,3",1,0,1
chr17,75124274,75124490,3,"1,2,3",1,1,1
chr17,75124490,75124503,2,"1,3",1,0,1
chr17,75205327,75205577,2,"1,3",1,0,1
chr17,75393782,75393832,2,"2,3",0,1,1
chr17,75393832,75393998,3,"1,2,3",1,1,1
chr17,75393998,75394082,2,"1,3",1,0,1
chr17,75515827,75516077,2,"1,3",1,0,1
chr17,75516310,75516526,2,"2,3",0,1,1
chr17,75525437,75525687,2,"1,3",1,0,1
chr17,75589091,75589341,2,"1,3",1,0,1
chr17,75779675,75779706,2,"1,3",1,0,1
chr17,75779706,75779898,3,"1,2,3",1,1,1
chr17,75779898,75779922,2,"2,3",0,1,1
chr17,75876461,75876619,2,"1,3",1,0,1
chr17,75877276,75877301,2,"1,3",1,0,1
chr17,75877301,75877517,3,"1,2,3",1,1,1
chr17,75877517,75877526,2,"1,3",1,0,1
chr17,75904884,75905134,2,"1,3",1,0,1
chr17,75979440,75979690,2,"1,3",1,0,1
chr17,76353801,76354051,2,"1,3",1,0,1
chr17,76557538,76557788,2,"1,3",1,0,1
chr17,76726563,76726779,2,"2,3",0,1,1
chr17,76736436,76736686,2,"1,3",1,0,1
chr17,76737541,76737556,2,"1,3",1,0,1
chr17,76737556,76737772,3,"1,2,3",1,1,1
chr17,76737772,76737791,2,"1,3",1,0,1
chr17,78250973,78251223,2,"1,3",1,0,1
chr17,78359977,78360227,2,"1,3",1,0,1
chr17,78360818,78361034,2,"2,3",0,1,1
chr17,78840955,78841094,2,"2,3",0,1,1
chr17,78841094,78841171,3,"1,2,3",1,1,1
chr17,78841171,78841344,2,"1,3",1,0,1
chr17,79797010,79797087,2,"1,3",1,0,1
chr17,79797087,79797303,3,"1,2,3",1,1,1
chr17,79797303,79797461,2,"1,3",1,0,1
chr17,79991670,79991920,2,"1,3",1,0,1
chr17,80035886,80036136,2,"1,3",1,0,1
chr17,80101322,80101572,2,"1,3",1,0,1
chr17,81484313,81484529,2,"2,3",0,1,1
chr17,81637000,81637047,2,"2,3",0,1,1
chr17,81637047,81637216,3,"1,2,3",1,1,1
chr17,81637216,81637279,2,"1,3",1,0,1
chr17,81683606,81683856,2,"1,3",1,0,1
chr17,81821747,81821997,2,"1,3",1,0,1
chr17,81833202,81833452,2,"1,3",1,0,1
chr17,81860517,81860584,2,"1,3",1,0,1
chr17,81861124,81861374,2,"1,3",1,0,1
chr17,82023031,82023281,2,"1,3",1,0,1
chr17,82212777,82212786,2,"1,3",1,0,1
chr17,82212786,82212994,3,"1,2,3",1,1,1
chr17,82230978,82231228,2,"1,3",1,0,1
chr17,82231368,82231436,2,"1,3",1,0,1
chr17,82231510,82231618,2,"1,3",1,0,1
chr17,82418465,82418513,2,"1,3",1,0,1
chr17,82418513,82418715,3,"1,2,3",1,1,1
chr17,82418715,82418729,2,"2,3",0,1,1
chr18,9102485,9102520,2,"1,3",1,0,1
chr18,9102520,9102735,3,"1,2,3",1,1,1
chr18,9102735,9102736,2,"2,3",0,1,1
chr18,9334533,9334783,2,"1,3",1,0,1
chr18,74597895,74598145,2,"1,3",1,0,1
chr19,1812954,1813170,2,"2,3",0,1,1
chr19,1905113,1905326,2,"2,3",0,1,1
chr19,2476028,2476278,2,"1,3",1,0,1
chr19,3557666,3557916,2,"1,3",1,0,1
chr19,4246797,4247047,2,"1,3",1,0,1
chr19,4791155,4791342,2,"1,3",1,0,1
chr19,6737503,6737655,2,"1,3",1,0,1
chr19,6744946,6745162,2,"2,3",0,1,1
chr19,10027803,10027940,3,"1,2,3",1,1,1
chr19,10027940,10027955,2,"1,3",1,0,1
chr19,10404183,10404433,2,"1,3",1,0,1
chr19,11482663,11482884,2,"1,3",1,0,1
chr19,11559140,11559390,2,"1,3",1,0,1
chr19,12610554,12610804,2,"1,3",1,0,1
chr19,12734632,12734747,2,"1,3",1,0,1
chr19,12777688,12777856,2,"1,3",1,0,1
chr19,12791324,12791369,2,"2,3",0,1,1
chr19,12791369,12791540,3,"1,2,3",1,1,1
chr19,12791540,12791619,2,"1,3",1,0,1
chr19,12890918,12891168,2,"1,3",1,0,1
chr19,12938218,12938297,2,"1,3",1,0,1
chr19,12938297,12938468,3,"1,2,3",1,1,1
chr19,12938468,12938513,2,"2,3",0,1,1
chr19,12965353,12965603,2,"1,3",1,0,1
chr19,13150291,13150518,2,"1,3",1,0,1
chr19,13833791,13834007,2,"2,3",0,1,1
chr19,17075497,17075747,2,"1,3",1,0,1
chr19,17391068,17391318,2,"1,3",1,0,1
chr19,18291593,18291793,2,"1,3",1,0,1
chr19,18416889,18417139,2,"1,3",1,0,1
chr19,19192083,19192333,2,"1,3",1,0,1
chr19,29213115,29213365,2,"1,3",1,0,1
chr19,29844866,29845116,2,"1,3",1,0,1
chr19,32405529,32405577,2,"2,3",0,1,1
chr19,32405577,32405745,3,"1,2,3",1,1,1
chr19,32405745,32405827,2,"1,3",1,0,1
chr19,32675137,32675387,2,"1,3",1,0,1
chr19,33080979,33081044,2,"2,3",0,1,1
chr19,33081044,33081195,3,"1,2,3",1,1,1
chr19,33081195,33081294,2,"1,3",1,0,1
chr19,33176808,33177139,2,"1,3",1,0,1
chr19,33177139,33177278,3,"1,2,3",1,1,1
chr19,33177278,33177355,2,"2,3",0,1,1
chr19,33374136,33374351,2,"1,3",1,0,1
chr19,33795359,33795541,2,"1,3",1,0,1
chr19,34254345,34254595,2,"1,3",1,0,1
chr19,34481540,34481790,2,"1,3",1,0,1
chr19,34995009,34995011,2,"2,3",0,1,1
chr19,34995011,34995225,3,"1,2,3",1,1,1
chr19,34995225,34995261,2,"1,3",1,0,1
chr19,35000017,35000267,2,"1,3",1,0,1
chr19,35006456,35006916,2,"1,3",1,0,1
chr19,35612549,35612765,2,"2,3",0,1,1
chr19,35643659,35643909,2,"1,3",1,0,1
chr19,35644342,35644592,2,"1,3",1,0,1
chr19,35716962,35717016,2,"1,3",1,0,1
chr19,35717016,35717212,3,"1,2,3",1,1,1
chr19,35717212,35717232,2,"2,3",0,1,1
chr19,35758425,35758669,2,"1,3",1,0,1
chr19,35931674,35931924,2,"1,3",1,0,1
chr19,36114877,36115127,2,"1,3",1,0,1
chr19,36139884,36140134,2,"1,3",1,0,1
chr19,36214543,36214793,2,"1,3",1,0,1
chr19,36215146,36215396,2,"1,3",1,0,1
chr19,36378836,36379086,2,"1,3",1,0,1
chr19,36666770,36666773,2,"2,3",0,1,1
chr19,36666773,36666986,3,"1,2,3",1,1,1
chr19,36666986,36667023,2,"1,3",1,0,1
chr19,37469242,37469492,2,"1,3",1,0,1
chr19,38256553,38256800,2,"1,3",1,0,1
chr19,38300578,38300748,2,"1,3",1,0,1
chr19,38300917,38301139,2,"1,3",1,0,1
chr19,38305051,38305267,2,"2,3",0,1,1
chr19,38336324,38336540,2,"2,3",0,1,1
chr19,38362174,38362424,2,"1,3",1,0,1
chr19,38374475,38374725,2,"1,3",1,0,1
chr19,38403016,38403266,2,"1,3",1,0,1
chr19,38647370,38647620,2,"1,3",1,0,1
chr19,38684362,38684421,2,"1,3",1,0,1
chr19,38684421,38684612,3,"1,2,3",1,1,1
chr19,38684612,38684637,2,"2,3",0,1,1
chr19,38849334,38849566,2,"1,3",1,0,1
chr19,38849904,38849907,2,"1,3",1,0,1
chr19,38849907,38850123,3,"1,2,3",1,1,1
chr19,38850123,38850154,2,"1,3",1,0,1
chr19,38851868,38851873,2,"2,3",0,1,1
chr19,38851873,38852084,3,"1,2,3",1,1,1
chr19,38852084,38852123,2,"1,3",1,0,1
chr19,38930382,38930632,2,"1,3",1,0,1
chr19,39031597,39031847,2,"1,3",1,0,1
chr19,39342101,39342351,2,"1,3",1,0,1
chr19,39397708,39397924,2,"2,3",0,1,1
chr19,39403850,39404066,2,"2,3",0,1,1
chr19,39406735,39406985,2,"1,3",1,0,1
chr19,39411855,39411922,2,"1,3",1,0,1
chr19,39412036,39412078,2,"1,3",1,0,1
chr19,39412172,39412286,2,"1,3",1,0,1
chr19,39430916,39431073,2,"1,3",1,0,1
chr19,39431073,39431166,3,"1,2,3",1,1,1
chr19,39431166,39431289,2,"2,3",0,1,1
chr19,39445172,39445276,2,"2,3",0,1,1
chr19,39480608,39480858,2,"1,3",1,0,1
chr19,39540143,39540199,2,"2,3",0,1,1
chr19,39540199,39540359,3,"1,2,3",1,1,1
chr19,39540359,39540421,2,"1,3",1,0,1
chr19,39834055,39834069,2,"2,3",0,1,1
chr19,39834069,39834271,3,"1,2,3",1,1,1
chr19,39834271,39834319,2,"1,3",1,0,1
chr19,39996830,39997080,2,"1,3",1,0,1
chr19,40190886,40191136,2,"1,3",1,0,1
chr19,40285057,40285273,2,"2,3",0,1,1
chr19,40285494,40285744,2,"1,3",1,0,1
chr19,40348484,40348700,2,"2,3",0,1,1
chr19,40421209,40421240,2,"1,3",1,0,1
chr19,40421240,40421456,3,"1,2,3",1,1,1
chr19,40421456,40421459,2,"1,3",1,0,1
chr19,40433852,40433865,2,"1,3",1,0,1
chr19,40433865,40434081,3,"1,2,3",1,1,1
chr19,40434081,40434102,2,"1,3",1,0,1
chr19,40443158,40443219,2,"1,3",1,0,1
chr19,40443219,40443408,3,"1,2,3",1,1,1
chr19,40443408,40443435,2,"2,3",0,1,1
chr19,40444626,40444842,2,"2,3",0,1,1
chr19,40465503,40465719,2,"2,3",0,1,1
chr19,40570722,40570748,2,"2,3",0,1,1
chr19,40570748,40570938,3,"1,2,3",1,1,1
chr19,40570938,40570998,2,"1,3",1,0,1
chr19,40598639,40598855,2,"2,3",0,1,1
chr19,40690879,40691129,2,"1,3",1,0,1
chr19,40714981,40715207,2,"1,3",1,0,1
chr19,40716802,40716833,2,"1,3",1,0,1
chr19,40716833,40717049,3,"1,2,3",1,1,1
chr19,40717049,40717052,2,"1,3",1,0,1
chr19,40750435,40750685,2,"1,3",1,0,1
chr19,40798852,40798869,2,"1,3",1,0,1
chr19,40798869,40799085,3,"1,2,3",1,1,1
chr19,40799085,40799102,2,"1,3",1,0,1
chr19,40806889,40806950,2,"1,3",1,0,1
chr19,40806950,40807139,3,"1,2,3",1,1,1
chr19,40807139,40807166,2,"2,3",0,1,1
chr19,40921160,40921410,2,"1,3",1,0,1
chr19,41218962,41219212,2,"1,3",1,0,1
chr19,41225740,41225990,2,"1,3",1,0,1
chr19,41226051,41226093,2,"1,3",1,0,1
chr19,41226093,41226301,3,"1,2,3",1,1,1
chr19,41226301,41226497,2,"2,3",0,1,1
chr19,41226497,41226514,3,"1,2,3",1,1,1
chr19,41226514,41226747,2,"1,3",1,0,1
chr19,41262386,41262636,2,"1,3",1,0,1
chr19,41264241,41264457,2,"2,3",0,1,1
chr19,41310291,41310541,2,"1,3",1,0,1
chr19,41352515,41352756,2,"1,3",1,0,1
chr19,41353569,41353685,2,"1,3",1,0,1
chr19,41353685,41353819,3,"1,2,3",1,1,1
chr19,41353819,41353901,2,"2,3",0,1,1
chr19,41363877,41364127,2,"1,3",1,0,1
chr19,41706879,41707129,2,"1,3",1,0,1
chr19,41859600,41859816,2,"2,3",0,1,1
chr19,41884265,41884295,2,"1,3",1,0,1
chr19,41884295,41884511,3,"1,2,3",1,1,1
chr19,41884511,41884515,2,"1,3",1,0,1
chr19,41958479,41958729,2,"1,3",1,0,1
chr19,42075600,42075850,2,"1,3",1,0,1
chr19,42076034,42076250,2,"2,3",0,1,1
chr19,42133135,42133157,2,"1,3",1,0,1
chr19,42133157,42133373,3,"1,2,3",1,1,1
chr19,42133373,42133385,2,"1,3",1,0,1
chr19,42243008,42243224,2,"2,3",0,1,1
chr19,42243255,42243474,2,"1,3",1,0,1
chr19,42254104,42254354,2,"1,3",1,0,1
chr19,42255047,42255263,2,"2,3",0,1,1
chr19,42268426,42268876,2,"1,3",1,0,1
chr19,42290925,42290996,2,"1,3",1,0,1
chr19,42290996,42291152,3,"1,2,3",1,1,1
chr19,42291152,42291195,2,"2,3",0,1,1
chr19,42296032,42296282,2,"1,3",1,0,1
chr19,42302536,42302786,2,"1,3",1,0,1
chr19,42325361,42325611,2,"1,3",1,0,1
chr19,43533362,43533612,2,"1,3",1,0,1
chr19,43533891,43534141,2,"1,3",1,0,1
chr19,43784478,43784507,2,"1,3",1,0,1
chr19,43784507,43784723,3,"1,2,3",1,1,1
chr19,43784723,43784728,2,"1,3",1,0,1
chr19,44500443,44500693,2,"1,3",1,0,1
chr19,44689306,44689556,2,"1,3",1,0,1
chr19,44741863,44741971,2,"2,3",0,1,1
chr19,44741971,44742079,3,"1,2,3",1,1,1
chr19,44742079,44742221,2,"1,3",1,0,1
chr19,44747475,44747535,2,"1,3",1,0,1
chr19,44747535,44747725,3,"1,2,3",1,1,1
chr19,44747725,44747751,2,"2,3",0,1,1
chr19,44747984,44748200,2,"2,3",0,1,1
chr19,44748392,44748426,2,"1,3",1,0,1
chr19,44748426,44748642,3,"1,2,3",1,1,1
chr19,44770742,44770893,2,"1,3",1,0,1
chr19,44844769,44844826,2,"1,3",1,0,1
chr19,44844826,44845019,3,"1,2,3",1,1,1
chr19,44845019,44845042,2,"2,3",0,1,1
chr19,44890564,44890814,2,"1,3",1,0,1
chr19,45076382,45076632,2,"1,3",1,0,1
chr19,45079114,45079330,2,"2,3",0,1,1
chr19,45092894,45092998,2,"1,3",1,0,1
chr19,45093079,45093144,2,"1,3",1,0,1
chr19,45443497,45443747,2,"1,3",1,0,1
chr19,45485680,45485930,2,"1,3",1,0,1
chr19,45506519,45506769,2,"1,3",1,0,1
chr19,45507285,45507535,2,"1,3",1,0,1
chr19,45642169,45642419,2,"1,3",1,0,1
chr19,45717543,45717759,2,"2,3",0,1,1
chr19,45769362,45769612,2,"1,3",1,0,1
chr19,45770624,45770874,2,"1,3",1,0,1
chr19,45886660,45886772,2,"1,3",1,0,1
chr19,45886772,45886910,3,"1,2,3",1,1,1
chr19,45886910,45886979,2,"2,3",0,1,1
chr19,45995018,45995035,2,"1,3",1,0,1
chr19,45995035,45995251,3,"1,2,3",1,1,1
chr19,45995251,45995268,2,"1,3",1,0,1
chr19,46717054,46717304,2,"1,3",1,0,1
chr19,46784865,46785107,2,"1,3",1,0,1
chr19,47113047,47113263,2,"2,3",0,1,1
chr19,47227469,47227719,2,"1,3",1,0,1
chr19,47227929,47227958,2,"1,3",1,0,1
chr19,47227958,47228174,3,"1,2,3",1,1,1
chr19,47228174,47228179,2,"1,3",1,0,1
chr19,47348974,47349072,2,"1,3",1,0,1
chr19,47349072,47349198,3,"1,2,3",1,1,1
chr19,47349198,47349288,2,"2,3",0,1,1
chr19,47483812,47483850,2,"1,3",1,0,1
chr19,47483850,47484062,3,"1,2,3",1,1,1
chr19,47484062,47484066,2,"2,3",0,1,1
chr19,47484169,47484385,2,"2,3",0,1,1
chr19,47600260,47600510,2,"1,3",1,0,1
chr19,47608660,47608698,2,"2,3",0,1,1
chr19,47608698,47608876,3,"1,2,3",1,1,1
chr19,47608876,47608879,2,"1,3",1,0,1
chr19,47713213,47713463,2,"1,3",1,0,1
chr19,47719000,47719216,2,"2,3",0,1,1
chr19,47743236,47743486,2,"1,3",1,0,1
chr19,47745376,47745626,2,"1,3",1,0,1
chr19,47778282,47778532,2,"1,3",1,0,1
chr19,48320114,48320324,2,"2,3",0,1,1
chr19,48325354,48325400,2,"2,3",0,1,1
chr19,48325400,48325568,3,"1,2,3",1,1,1
chr19,48325568,48325645,2,"1,3",1,0,1
chr19,48364176,48364426,2,"1,3",1,0,1
chr19,48469662,48469893,2,"1,3",1,0,1
chr19,48553823,48553831,2,"2,3",0,1,1
chr19,48553831,48554039,3,"1,2,3",1,1,1
chr19,48554039,48554081,2,"1,3",1,0,1
chr19,48619218,48619699,2,"1,3",1,0,1
chr19,48634489,48634493,2,"2,3",0,1,1
chr19,48634493,48634705,3,"1,2,3",1,1,1
chr19,48634705,48634743,2,"1,3",1,0,1
chr19,48637415,48637665,2,"1,3",1,0,1
chr19,48637800,48637876,2,"1,3",1,0,1
chr19,48646608,48646824,2,"2,3",0,1,1
chr19,48714615,48714674,2,"1,3",1,0,1
chr19,48720859,48720976,2,"1,3",1,0,1
chr19,48720976,48721109,3,"1,2,3",1,1,1
chr19,48721109,48721192,2,"2,3",0,1,1
chr19,48788218,48788447,2,"1,3",1,0,1
chr19,48836609,48836724,2,"1,3",1,0,1
chr19,48836852,48836859,2,"1,3",1,0,1
chr19,48872366,48872616,2,"1,3",1,0,1
chr19,48900017,48900267,2,"1,3",1,0,1
chr19,49119102,49119318,2,"2,3",0,1,1
chr19,49128174,49128424,2,"1,3",1,0,1
chr19,49451943,49452103,2,"1,3",1,0,1
chr19,49533803,49534053,2,"1,3",1,0,1
chr19,49640675,49640682,2,"2,3",0,1,1
chr19,49640682,49640891,3,"1,2,3",1,1,1
chr19,49640891,49640932,2,"1,3",1,0,1
chr19,49641855,49641871,2,"1,3",1,0,1
chr19,49641871,49642087,3,"1,2,3",1,1,1
chr19,49642087,49642105,2,"1,3",1,0,1
chr19,49676638,49676695,2,"1,3",1,0,1
chr19,49677116,49677332,2,"2,3",0,1,1
chr19,49766697,49766947,2,"1,3",1,0,1
chr19,49813587,49813798,2,"1,3",1,0,1
chr19,49850779,49851223,2,"1,3",1,0,1
chr19,49867453,49867703,2,"1,3",1,0,1
chr19,49929225,49929475,2,"1,3",1,0,1
chr19,50329299,50329549,2,"1,3",1,0,1
chr19,50376210,50376460,2,"1,3",1,0,1
chr19,50476195,50476445,2,"1,3",1,0,1
chr19,50510984,50511234,2,"1,3",1,0,1
chr19,50511422,50511638,3,"1,2,3",1,1,1
chr19,50511638,50511672,2,"1,3",1,0,1
chr19,50724724,50724974,2,"1,3",1,0,1
chr19,50804461,50804711,2,"1,3",1,0,1
chr19,50922339,50922589,2,"1,3",1,0,1
chr19,51338817,51339039,2,"1,3",1,0,1
chr19,51339801,51340051,2,"1,3",1,0,1
chr19,51367527,51367777,2,"1,3",1,0,1
chr19,51689040,51689290,2,"1,3",1,0,1
chr19,51689799,51690049,2,"1,3",1,0,1
chr19,51704004,51704254,2,"1,3",1,0,1
chr19,52189930,52190180,2,"1,3",1,0,1
chr19,53867312,53867335,2,"2,3",0,1,1
chr19,53867335,53867528,3,"1,2,3",1,1,1
chr19,53867528,53867790,2,"1,3",1,0,1
chr19,54115512,54115762,2,"1,3",1,0,1
chr19,54190038,54190288,2,"1,3",1,0,1
chr19,55146130,55146369,2,"1,3",1,0,1
chr19,55160600,55160639,2,"1,3",1,0,1
chr19,55160639,55160838,3,"1,2,3",1,1,1
chr19,55160838,55160855,2,"2,3",0,1,1
chr19,55216465,55216695,2,"1,3",1,0,1
chr19,55339095,55339167,2,"1,3",1,0,1
chr19,55339167,55339345,3,"1,2,3",1,1,1
chr19,55339345,55339383,2,"2,3",0,1,1
chr19,55339726,55339942,2,"2,3",0,1,1
chr19,55408058,55408308,2,"1,3",1,0,1
chr19,55476849,55477034,2,"1,3",1,0,1
chr19,55477098,55477099,2,"1,3",1,0,1
chr19,55526315,55526565,2,"1,3",1,0,1
chr19,55599491,55599509,2,"1,3",1,0,1
chr19,55599509,55599725,3,"1,2,3",1,1,1
chr19,55599725,55599741,2,"1,3",1,0,1
chr19,55605312,55605562,2,"1,3",1,0,1
chr19,55606266,55606488,2,"1,3",1,0,1
chr19,55624384,55624634,2,"1,3",1,0,1
chr19,55643440,55643441,2,"2,3",0,1,1
chr19,55643441,55643652,3,"1,2,3",1,1,1
chr19,55643652,55643681,2,"1,3",1,0,1
chr19,55671580,55671807,2,"1,3",1,0,1
chr19,55675051,55675301,2,"1,3",1,0,1
chr19,56121339,56121589,2,"1,3",1,0,1
chr19,57280202,57280452,2,"1,3",1,0,1
chr19,57633011,57633261,2,"1,3",1,0,1
chr19,58278669,58278919,2,"1,3",1,0,1
chr19,58380663,58380913,2,"1,3",1,0,1
chr19,58499390,58499606,2,"2,3",0,1,1
chr19,58519535,58519685,2,"1,3",1,0,1
chr19,58519685,58519785,3,"1,2,3",1,1,1
chr19,58519785,58519901,2,"2,3",0,1,1
chr19,58543959,58544209,2,"1,3",1,0,1
chr19,58555013,58555035,2,"1,3",1,0,1
chr19,58555035,58555251,3,"1,2,3",1,1,1
chr19,58555251,58555263,2,"1,3",1,0,1
chr19,58559479,58559712,2,"1,3",1,0,1
chr19,58572817,58573067,2,"1,3",1,0,1
chr2,677099,677349,2,"1,3",1,0,1
chr2,3575025,3575275,2,"1,3",1,0,1
chr2,9423331,9423377,2,"1,3",1,0,1
chr2,9423377,9423581,3,"1,2,3",1,1,1
chr2,9423581,9423593,2,"2,3",0,1,1
chr2,9555739,9555989,2,"1,3",1,0,1
chr2,9630989,9631239,2,"1,3",1,0,1
chr2,10120167,10120415,2,"1,3",1,0,1
chr2,10120544,10120760,2,"2,3",0,1,1
chr2,10302595,10302811,2,"2,3",0,1,1
chr2,11132651,11132901,2,"1,3",1,0,1
chr2,11154917,11155167,2,"1,3",1,0,1
chr2,11344942,11345192,2,"1,3",1,0,1
chr2,15591706,15591956,2,"1,3",1,0,1
chr2,20052163,20052278,2,"1,3",1,0,1
chr2,24076319,24076323,2,"1,3",1,0,1
chr2,24076323,24076539,3,"1,2,3",1,1,1
chr2,24076539,24076569,2,"1,3",1,0,1
chr2,24793201,24793650,2,"1,3",1,0,1
chr2,24971390,24971640,2,"1,3",1,0,1
chr2,25376812,25377028,2,"2,3",0,1,1
chr2,25878464,25878714,2,"1,3",1,0,1
chr2,27050645,27050895,2,"1,3",1,0,1
chr2,27356726,27356976,2,"1,3",1,0,1
chr2,27370382,27370632,2,"1,3",1,0,1
chr2,27890348,27890797,2,"1,3",1,0,1
chr2,28392215,28392465,2,"1,3",1,0,1
chr2,28392630,28392658,2,"2,3",0,1,1
chr2,28392658,28392846,3,"1,2,3",1,1,1
chr2,28392846,28392908,2,"1,3",1,0,1
chr2,28452482,28452732,2,"1,3",1,0,1
chr2,28751770,28752020,2,"1,3",1,0,1
chr2,28894419,28894503,2,"1,3",1,0,1
chr2,28894503,28894651,3,"1,2,3",1,1,1
chr2,28894651,28894719,2,"2,3",0,1,1
chr2,30146310,30146387,2,"1,3",1,0,1
chr2,30231328,30231578,2,"1,3",1,0,1
chr2,32010940,32010945,2,"1,3",1,0,1
chr2,32010945,32011161,3,"1,2,3",1,1,1
chr2,32011161,32011190,2,"1,3",1,0,1
chr2,32063490,32063740,2,"1,3",1,0,1
chr2,36966567,36966817,2,"1,3",1,0,1
chr2,38602873,38603089,2,"2,3",0,1,1
chr2,43226740,43226990,2,"1,3",1,0,1
chr2,45014121,45014337,2,"2,3",0,1,1
chr2,46296919,46297135,2,"2,3",0,1,1
chr2,46698699,46698728,2,"1,3",1,0,1
chr2,46698728,46698944,3,"1,2,3",1,1,1
chr2,46698944,46698949,2,"1,3",1,0,1
chr2,47191890,47192140,2,"1,3",1,0,1
chr2,47323204,47323454,2,"1,3",1,0,1
chr2,47783455,47783705,2,"1,3",1,0,1
chr2,47906151,47906401,2,"1,3",1,0,1
chr2,47906630,47906880,2,"1,3",1,0,1
chr2,47906936,47907157,2,"1,3",1,0,1
chr2,54456050,54456300,2,"1,3",1,0,1
chr2,54723403,54723653,2,"1,3",1,0,1
chr2,60881136,60881386,2,"1,3",1,0,1
chr2,60881538,60881788,2,"1,3",1,0,1
chr2,61017026,61017276,2,"1,3",1,0,1
chr2,63050661,63050877,2,"2,3",0,1,1
chr2,63841501,63841751,2,"1,3",1,0,1
chr2,64524165,64524196,2,"2,3",0,1,1
chr2,64524196,64524381,3,"1,2,3",1,1,1
chr2,64524381,64524446,2,"1,3",1,0,1
chr2,65227543,65227793,2,"1,3",1,0,1
chr2,65432624,65432657,2,"2,3",0,1,1
chr2,65432657,65432840,3,"1,2,3",1,1,1
chr2,65432840,65432883,2,"1,3",1,0,1
chr2,65435770,65435785,2,"2,3",0,1,1
chr2,65435785,65435986,3,"1,2,3",1,1,1
chr2,65435986,65436035,2,"1,3",1,0,1
chr2,66433458,66433690,2,"1,3",1,0,1
chr2,66434908,66435158,2,"1,3",1,0,1
chr2,68157491,68157741,2,"1,3",1,0,1
chr2,68252467,68252717,2,"1,3",1,0,1
chr2,68467320,68467570,2,"1,3",1,0,1
chr2,69893819,69894069,2,"1,3",1,0,1
chr2,70142714,70142776,2,"2,3",0,1,1
chr2,70142776,70142930,3,"1,2,3",1,1,1
chr2,70142930,70143014,2,"1,3",1,0,1
chr2,71068103,71068353,2,"1,3",1,0,1
chr2,72887884,72888132,2,"1,3",1,0,1
chr2,73212555,73212790,2,"1,3",1,0,1
chr2,73737202,73737452,2,"1,3",1,0,1
chr2,74392001,74392178,2,"1,3",1,0,1
chr2,74454844,74455094,2,"1,3",1,0,1
chr2,74529948,74530115,2,"1,3",1,0,1
chr2,84905568,84905575,2,"2,3",0,1,1
chr2,84905575,84905784,3,"1,2,3",1,1,1
chr2,84905784,84905825,2,"1,3",1,0,1
chr2,84907168,84907418,2,"1,3",1,0,1
chr2,84925826,84925868,2,"1,3",1,0,1
chr2,85418360,85418510,2,"1,3",1,0,1
chr2,85729039,85729289,2,"1,3",1,0,1
chr2,85889046,85889066,2,"1,3",1,0,1
chr2,85889066,85889282,3,"1,2,3",1,1,1
chr2,85889282,85889296,2,"1,3",1,0,1
chr2,86105927,86106006,2,"1,3",1,0,1
chr2,86106056,86106177,2,"1,3",1,0,1
chr2,86441154,86441404,2,"1,3",1,0,1
chr2,88016307,88016557,2,"1,3",1,0,1
chr2,88691465,88691715,2,"1,3",1,0,1
chr2,96638265,96638515,2,"1,3",1,0,1
chr2,112645791,112646041,2,"1,3",1,0,1
chr2,113889762,113889794,2,"1,3",1,0,1
chr2,113889794,113890010,3,"1,2,3",1,1,1
chr2,113890010,113890012,2,"1,3",1,0,1
chr2,119366737,119366987,2,"1,3",1,0,1
chr2,119759814,119760064,2,"1,3",1,0,1
chr2,121530906,121531156,2,"1,3",1,0,1
chr2,121736941,121737191,2,"1,3",1,0,1
chr2,130182021,130182271,2,"1,3",1,0,1
chr2,131492322,131492572,2,"1,3",1,0,1
chr2,131492661,131492911,2,"1,3",1,0,1
chr2,148020813,148021029,2,"2,3",0,1,1
chr2,148644572,148644822,2,"1,3",1,0,1
chr2,152717513,152717763,2,"1,3",1,0,1
chr2,152717812,152718062,2,"1,3",1,0,1
chr2,153871624,153871874,2,"1,3",1,0,1
chr2,159712345,159712374,2,"1,3",1,0,1
chr2,159712374,159712590,3,"1,2,3",1,1,1
chr2,159712590,159712595,2,"1,3",1,0,1
chr2,169824909,169825159,2,"1,3",1,0,1
chr2,170929040,170929084,2,"2,3",0,1,1
chr2,170929084,170929256,3,"1,2,3",1,1,1
chr2,170929256,170929334,2,"1,3",1,0,1
chr2,173964685,173964935,2,"1,3",1,0,1
chr2,177263503,177263719,2,"2,3",0,1,1
chr2,178194330,178194363,2,"1,3",1,0,1
chr2,178194363,178194579,3,"1,2,3",1,1,1
chr2,178194579,178194580,2,"1,3",1,0,1
chr2,178451066,178451174,2,"2,3",0,1,1
chr2,178451174,178451282,3,"1,2,3",1,1,1
chr2,178451282,178451424,2,"1,3",1,0,1
chr2,178451435,178451685,2,"1,3",1,0,1
chr2,196799601,196799851,2,"1,3",1,0,1
chr2,197499894,197500144,2,"1,3",1,0,1
chr2,197500202,197500418,2,"2,3",0,1,1
chr2,200811457,200811491,2,"2,3",0,1,1
chr2,200811491,200811673,3,"1,2,3",1,1,1
chr2,200811673,200811741,2,"1,3",1,0,1
chr2,202033425,202033675,2,"1,3",1,0,1
chr2,203014889,203015139,2,"1,3",1,0,1
chr2,203328066,203328316,2,"1,3",1,0,1
chr2,206159265,206159515,2,"1,3",1,0,1
chr2,207166075,207166291,2,"2,3",0,1,1
chr2,207769779,207769991,2,"2,3",0,1,1
chr2,207769991,207769995,3,"1,2,3",1,1,1
chr2,207769995,207770241,2,"1,3",1,0,1
chr2,216412433,216412683,2,"1,3",1,0,1
chr2,218396127,218396154,2,"2,3",0,1,1
chr2,218396154,218396334,3,"1,2,3",1,1,1
chr2,218399725,218399865,2,"1,3",1,0,1
chr2,218406532,218406782,2,"1,3",1,0,1
chr2,218996106,218996138,2,"2,3",0,1,1
chr2,218996138,218996322,3,"1,2,3",1,1,1
chr2,218996322,218996388,2,"1,3",1,0,1
chr2,219177755,219177950,2,"2,3",0,1,1
chr2,219206690,219206940,2,"1,3",1,0,1
chr2,219543772,219544022,2,"1,3",1,0,1
chr2,219597603,219597724,2,"1,3",1,0,1
chr2,223957271,223957521,2,"1,3",1,0,1
chr2,226799695,226799945,2,"1,3",1,0,1
chr2,231781319,231781770,2,"1,3",1,0,1
chr2,237501189,237501292,2,"1,3",1,0,1
chr2,240025288,240025538,2,"1,3",1,0,1
chr2,241102217,241102239,2,"1,3",1,0,1
chr2,241102239,241102455,3,"1,2,3",1,1,1
chr2,241102455,241102467,2,"1,3",1,0,1
chr2,241701393,241701609,2,"2,3",0,1,1
chr20,297255,297662,2,"1,3",1,0,1
chr20,324413,324629,2,"2,3",0,1,1
chr20,347692,347713,2,"1,3",1,0,1
chr20,347713,347929,3,"1,2,3",1,1,1
chr20,347929,347942,2,"1,3",1,0,1
chr20,354536,354542,2,"1,3",1,0,1
chr20,354542,354758,3,"1,2,3",1,1,1
chr20,354758,354786,2,"1,3",1,0,1
chr20,653397,653647,2,"1,3",1,0,1
chr20,1118428,1118678,2,"1,3",1,0,1
chr20,1466833,1467083,2,"1,3",1,0,1
chr20,2470700,2470950,2,"1,3",1,0,1
chr20,2471020,2471247,2,"1,3",1,0,1
chr20,3470922,3471138,2,"2,3",0,1,1
chr20,3786796,3787030,2,"1,3",1,0,1
chr20,3807327,3807501,2,"2,3",0,1,1
chr20,3807501,3807543,3,"1,2,3",1,1,1
chr20,3807543,3807751,2,"1,3",1,0,1
chr20,3808118,3808368,2,"1,3",1,0,1
chr20,3811708,3811766,2,"2,3",0,1,1
chr20,3811766,3811924,3,"1,2,3",1,1,1
chr20,3811924,3812016,2,"1,3",1,0,1
chr20,3820134,3820384,2,"1,3",1,0,1
chr20,3888869,3889085,2,"2,3",0,1,1
chr20,3889322,3889572,2,"1,3",1,0,1
chr20,4221180,4221430,2,"1,3",1,0,1
chr20,4760622,4760872,2,"1,3",1,0,1
chr20,9067689,9067837,2,"1,3",1,0,1
chr20,9067837,9067939,3,"1,2,3",1,1,1
chr20,9067939,9068053,2,"2,3",0,1,1
chr20,10434470,10434720,2,"1,3",1,0,1
chr20,10671484,10671549,2,"1,3",1,0,1
chr20,10671549,10671734,3,"1,2,3",1,1,1
chr20,10671734,10671765,2,"2,3",0,1,1
chr20,16573348,16573598,2,"1,3",1,0,1
chr20,17558577,17558827,2,"1,3",1,0,1
chr20,17569016,17569217,2,"1,3",1,0,1
chr20,18288107,18288357,2,"1,3",1,0,1
chr20,22584329,22584545,2,"2,3",0,1,1
chr20,23350025,23350275,2,"1,3",1,0,1
chr20,25195548,25195798,2,"1,3",1,0,1
chr20,31572945,31573195,2,"1,3",1,0,1
chr20,31604034,31604284,2,"1,3",1,0,1
chr20,31604344,31604508,2,"1,3",1,0,1
chr20,31605173,31605362,2,"1,3",1,0,1
chr20,31608574,31608824,2,"1,3",1,0,1
chr20,31661596,31661846,2,"1,3",1,0,1
chr20,32277431,32277681,2,"1,3",1,0,1
chr20,34825254,34825470,2,"2,3",0,1,1
chr20,35171814,35172064,2,"1,3",1,0,1
chr20,35227104,35227333,2,"1,3",1,0,1
chr20,35284561,35284811,2,"1,3",1,0,1
chr20,36605443,36605693,2,"1,3",1,0,1
chr20,41693446,41693620,2,"1,3",1,0,1
chr20,44531715,44531965,2,"1,3",1,0,1
chr20,44609992,44610242,2,"1,3",1,0,1
chr20,44885428,44885644,2,"2,3",0,1,1
chr20,45363224,45363474,2,"1,3",1,0,1
chr20,45935072,45935322,2,"1,3",1,0,1
chr20,46089800,46090050,2,"1,3",1,0,1
chr20,47384060,47384310,2,"1,3",1,0,1
chr20,50120919,50121123,2,"1,3",1,0,1
chr20,50166169,50166407,2,"1,3",1,0,1
chr20,56629035,56629280,2,"1,3",1,0,1
chr20,57709987,57710237,2,"1,3",1,0,1
chr20,58651079,58651083,2,"2,3",0,1,1
chr20,58651083,58651295,3,"1,2,3",1,1,1
chr20,58651295,58651333,2,"1,3",1,0,1
chr20,62350048,62350264,2,"2,3",0,1,1
chr20,62382802,62383018,2,"2,3",0,1,1
chr20,63658176,63658412,2,"1,3",1,0,1
chr21,46286181,46286431,2,"1,3",1,0,1
chr22,21002068,21002318,2,"1,3",1,0,1
chr22,31346275,31346525,2,"1,3",1,0,1
chr22,35372001,35372251,2,"1,3",1,0,1
chr22,40951170,40951386,2,"2,3",0,1,1
chr22,41688818,41689046,2,"1,3",1,0,1
chr22,42615228,42615478,2,"1,3",1,0,1
chr3,4493310,4493560,2,"1,3",1,0,1
chr3,4978238,4978488,2,"1,3",1,0,1
chr3,4978706,4978724,2,"1,3",1,0,1
chr3,4978724,4978940,3,"1,2,3",1,1,1
chr3,4978940,4978956,2,"1,3",1,0,1
chr3,4979176,4979426,2,"1,3",1,0,1
chr3,4987054,4987304,2,"1,3",1,0,1
chr3,9362915,9363165,2,"1,3",1,0,1
chr3,10321096,10321346,2,"1,3",1,0,1
chr3,20039834,20039877,2,"1,3",1,0,1
chr3,20039877,20040084,3,"1,2,3",1,1,1
chr3,20040084,20040093,2,"2,3",0,1,1
chr3,23946060,23946073,2,"2,3",0,1,1
chr3,23946073,23946276,3,"1,2,3",1,1,1
chr3,23946276,23946323,2,"1,3",1,0,1
chr3,32106362,32106612,2,"1,3",1,0,1
chr3,32781618,32781849,2,"1,3",1,0,1
chr3,38165426,38165642,2,"2,3",0,1,1
chr3,38496158,38496408,2,"1,3",1,0,1
chr3,41199309,41199559,2,"1,3",1,0,1
chr3,48473125,48473375,2,"1,3",1,0,1
chr3,49007839,49008089,2,"1,3",1,0,1
chr3,57597196,57597446,2,"1,3",1,0,1
chr3,69739259,69739297,2,"1,3",1,0,1
chr3,69739297,69739509,3,"1,2,3",1,1,1
chr3,69739509,69739513,2,"2,3",0,1,1
chr3,88149755,88150005,2,"1,3",1,0,1
chr3,101686573,101686823,2,"1,3",1,0,1
chr3,105366064,105366282,2,"1,3",1,0,1
chr3,105366695,105366719,2,"2,3",0,1,1
chr3,105366719,105366911,3,"1,2,3",1,1,1
chr3,105366911,105366969,2,"1,3",1,0,1
chr3,112562145,112562395,2,"1,3",1,0,1
chr3,119702800,119703050,2,"1,3",1,0,1
chr3,120094955,120095205,2,"1,3",1,0,1
chr3,120095610,120095860,2,"1,3",1,0,1
chr3,135965672,135965922,2,"1,3",1,0,1
chr3,141738144,141738394,2,"1,3",1,0,1
chr3,149658006,149658256,2,"1,3",1,0,1
chr3,150408170,150408316,2,"1,3",1,0,1
chr3,150546388,150546837,2,"1,3",1,0,1
chr3,155744996,155745246,2,"1,3",1,0,1
chr3,157160259,157160509,2,"1,3",1,0,1
chr3,159765180,159765430,2,"1,3",1,0,1
chr3,160399544,160399783,2,"1,3",1,0,1
chr3,170358199,170358415,2,"2,3",0,1,1
chr3,179148154,179148404,2,"1,3",1,0,1
chr3,194003104,194003354,2,"1,3",1,0,1
chr4,2843734,2843984,2,"1,3",1,0,1
chr4,6987007,6987257,2,"1,3",1,0,1
chr4,25312548,25312798,2,"1,3",1,0,1
chr4,39458848,39459098,2,"1,3",1,0,1
chr4,39639020,39639270,2,"1,3",1,0,1
chr4,39977920,39978136,2,"2,3",0,1,1
chr4,41214496,41214712,2,"2,3",0,1,1
chr4,70688206,70688456,2,"1,3",1,0,1
chr4,76949640,76949856,2,"2,3",0,1,1
chr4,98260883,98261133,2,"1,3",1,0,1
chr4,99894326,99894576,2,"1,3",1,0,1
chr4,105708609,105708859,2,"1,3",1,0,1
chr4,128288165,128288415,2,"1,3",1,0,1
chr4,128809534,128809564,2,"2,3",0,1,1
chr4,128809564,128809689,3,"1,2,3",1,1,1
chr4,128809689,128809750,2,"2,3",0,1,1
chr4,139177253,139177469,2,"2,3",0,1,1
chr4,140523895,140524145,2,"1,3",1,0,1
chr4,145619325,145619575,2,"1,3",1,0,1
chr4,152536101,152536351,2,"1,3",1,0,1
chr4,153344499,153344749,2,"1,3",1,0,1
chr4,183504443,183504693,2,"1,3",1,0,1
chr5,1380471,1380711,2,"1,3",1,0,1
chr5,6765845,6766053,2,"1,3",1,0,1
chr5,16936113,16936363,2,"1,3",1,0,1
chr5,17306150,17306400,2,"1,3",1,0,1
chr5,38845796,38846046,2,"1,3",1,0,1
chr5,55308016,55308118,2,"1,3",1,0,1
chr5,57173435,57173581,2,"1,3",1,0,1
chr5,57173581,57173685,3,"1,2,3",1,1,1
chr5,57173685,57173797,2,"2,3",0,1,1
chr5,58459932,58460081,2,"2,3",0,1,1
chr5,58460081,58460148,3,"1,2,3",1,1,1
chr5,58460148,58460331,2,"1,3",1,0,1
chr5,62306334,62306584,2,"1,3",1,0,1
chr5,65925664,65925914,2,"1,3",1,0,1
chr5,75511508,75511758,2,"1,3",1,0,1
chr5,79612312,79612562,2,"1,3",1,0,1
chr5,93581443,93581672,2,"1,3",1,0,1
chr5,96808133,96808219,2,"2,3",0,1,1
chr5,96808290,96808349,2,"2,3",0,1,1
chr5,98773320,98773549,2,"1,3",1,0,1
chr5,103258664,103258914,2,"1,3",1,0,1
chr5,108748997,108749247,2,"1,3",1,0,1
chr5,111512468,111512718,2,"1,3",1,0,1
chr5,115841743,115841993,2,"1,3",1,0,1
chr5,126776896,126777209,2,"1,3",1,0,1
chr5,128538131,128538381,2,"1,3",1,0,1
chr5,132293559,132293809,2,"1,3",1,0,1
chr5,132495790,132496040,2,"1,3",1,0,1
chr5,134371199,134371315,2,"1,3",1,0,1
chr5,134371315,134371449,3,"1,2,3",1,1,1
chr5,134371449,134371531,2,"2,3",0,1,1
chr5,134411844,134412060,2,"2,3",0,1,1
chr5,134632743,134632993,2,"1,3",1,0,1
chr5,134738247,134738497,2,"1,3",1,0,1
chr5,138338197,138338413,2,"2,3",0,1,1
chr5,138464973,138465223,2,"1,3",1,0,1
chr5,138470007,138470257,2,"1,3",1,0,1
chr5,138470500,138470750,2,"1,3",1,0,1
chr5,138543158,138543174,2,"2,3",0,1,1
chr5,138543174,138543374,3,"1,2,3",1,1,1
chr5,138543374,138543424,2,"1,3",1,0,1
chr5,139775128,139775378,2,"1,3",1,0,1
chr5,140639212,140639462,2,"1,3",1,0,1
chr5,141619050,141619266,2,"2,3",0,1,1
chr5,150449960,150450210,2,"1,3",1,0,1
chr5,154190300,154190325,2,"1,3",1,0,1
chr5,154190325,154190541,3,"1,2,3",1,1,1
chr5,154190541,154190550,2,"1,3",1,0,1
chr5,154682542,154682758,2,"2,3",0,1,1
chr5,160199396,160199612,2,"2,3",0,1,1
chr5,160419065,160419315,2,"1,3",1,0,1
chr5,168486306,168486329,2,"1,3",1,0,1
chr5,168486329,168486497,3,"1,2,3",1,1,1
chr5,168486497,168486513,2,"1,3",1,0,1
chr5,171387517,171387538,2,"2,3",0,1,1
chr5,171387538,171387733,3,"1,2,3",1,1,1
chr5,171387733,171387788,2,"1,3",1,0,1
chr5,171388520,171388770,2,"1,3",1,0,1
chr5,172765516,172765766,2,"1,3",1,0,1
chr5,172766572,172766822,2,"1,3",1,0,1
chr5,172772060,172772310,2,"1,3",1,0,1
chr5,173144349,173144599,2,"1,3",1,0,1
chr5,174045487,174045727,2,"1,3",1,0,1
chr5,175796923,175797139,2,"2,3",0,1,1
chr5,176388875,176389125,2,"1,3",1,0,1
chr5,176448119,176448148,2,"1,3",1,0,1
chr5,176448148,176448364,3,"1,2,3",1,1,1
chr5,176448364,176448369,2,"1,3",1,0,1
chr5,176537238,176537383,2,"2,3",0,1,1
chr5,176537383,176537618,3,"1,2,3",1,1,1
chr5,177312219,177312230,2,"1,3",1,0,1
chr5,177312230,177312446,3,"1,2,3",1,1,1
chr5,177312446,177312469,2,"1,3",1,0,1
chr5,177454584,177454834,2,"1,3",1,0,1
chr5,179550657,179550907,2,"1,3",1,0,1
chr5,179858829,179859079,2,"1,3",1,0,1
chr5,180072076,180072312,2,"1,3",1,0,1
chr5,180293427,180293677,2,"1,3",1,0,1
chr5,180810019,180810269,2,"1,3",1,0,1
chr5,181191545,181191795,2,"1,3",1,0,1
chr5,181221936,181222186,2,"1,3",1,0,1
chr5,181243767,181244017,2,"1,3",1,0,1
chr6,5003843,5004093,2,"1,3",1,0,1
chr6,10412272,10412522,2,"1,3",1,0,1
chr6,10886901,10887151,2,"1,3",1,0,1
chr6,11044416,11044632,2,"2,3",0,1,1
chr6,15245283,15245533,2,"1,3",1,0,1
chr6,19837196,19837412,2,"2,3",0,1,1
chr6,25992524,25992740,2,"2,3",0,1,1
chr6,28838915,28839165,2,"1,3",1,0,1
chr6,29633028,29633278,2,"1,3",1,0,1
chr6,30326756,30327212,2,"1,3",1,0,1
chr6,30617116,30617366,2,"1,3",1,0,1
chr6,30744343,30744593,2,"1,3",1,0,1
chr6,31620496,31620525,2,"2,3",0,1,1
chr6,31620525,31620712,3,"1,2,3",1,1,1
chr6,31620712,31620775,2,"1,3",1,0,1
chr6,32972109,32972124,2,"1,3",1,0,1
chr6,33425787,33426037,2,"1,3",1,0,1
chr6,33789073,33789289,2,"2,3",0,1,1
chr6,35342353,35342569,2,"2,3",0,1,1
chr6,36594415,36594665,2,"1,3",1,0,1
chr6,37819306,37819312,2,"2,3",0,1,1
chr6,37819312,37819522,3,"1,2,3",1,1,1
chr6,37819522,37819562,2,"1,3",1,0,1
chr6,42563805,42564055,2,"1,3",1,0,1
chr6,43053778,43054028,2,"1,3",1,0,1
chr6,73520907,73521157,2,"1,3",1,0,1
chr6,75284784,75285034,2,"1,3",1,0,1
chr6,85678629,85678879,2,"1,3",1,0,1
chr6,99515421,99515671,2,"1,3",1,0,1
chr6,99568580,99568830,2,"1,3",1,0,1
chr6,109382418,109382541,2,"1,3",1,0,1
chr6,109483160,109483376,2,"2,3",0,1,1
chr6,111483748,111483998,2,"1,3",1,0,1
chr6,118934463,118934713,2,"1,3",1,0,1
chr6,143450653,143450903,2,"1,3",1,0,1
chr6,158818179,158818633,2,"1,3",1,0,1
chr7,4682119,4682335,2,"2,3",0,1,1
chr7,4973842,4974092,2,"1,3",1,0,1
chr7,5530489,5530716,2,"1,3",1,0,1
chr7,5556542,5556792,2,"1,3",1,0,1
chr7,5596133,5596353,2,"1,3",1,0,1
chr7,6374362,6374578,2,"2,3",0,1,1
chr7,10940356,10940606,2,"1,3",1,0,1
chr7,12211189,12211439,2,"1,3",1,0,1
chr7,12686709,12686925,2,"2,3",0,1,1
chr7,16645920,16646170,2,"1,3",1,0,1
chr7,28179819,28180053,2,"1,3",1,0,1
chr7,30284674,30284890,2,"2,3",0,1,1
chr7,32495322,32495572,2,"1,3",1,0,1
chr7,35800912,35800914,2,"2,3",0,1,1
chr7,35800914,35801128,3,"1,2,3",1,1,1
chr7,35801128,35801164,2,"1,3",1,0,1
chr7,39623412,39623662,2,"1,3",1,0,1
chr7,40134592,40134810,2,"1,3",1,0,1
chr7,40134810,40135026,3,"1,2,3",1,1,1
chr7,40135026,40135043,2,"1,3",1,0,1
chr7,42911917,42912167,2,"1,3",1,0,1
chr7,44748648,44748898,2,"1,3",1,0,1
chr7,44885485,44885735,2,"1,3",1,0,1
chr7,44986468,44986718,2,"1,3",1,0,1
chr7,45111851,45112101,2,"1,3",1,0,1
chr7,66654391,66654607,2,"2,3",0,1,1
chr7,73704903,73705153,2,"1,3",1,0,1
chr7,73734780,73735030,2,"1,3",1,0,1
chr7,75914998,75915248,2,"1,3",1,0,1
chr7,76178197,76178447,2,"1,3",1,0,1
chr7,76359235,76359485,2,"1,3",1,0,1
chr7,76379833,76380049,2,"2,3",0,1,1
chr7,77798651,77798901,2,"1,3",1,0,1
chr7,87152287,87152537,2,"1,3",1,0,1
chr7,87876293,87876543,2,"1,3",1,0,1
chr7,91264242,91264492,2,"1,3",1,0,1
chr7,92447275,92447491,2,"2,3",0,1,1
chr7,100081711,100081767,2,"2,3",0,1,1
chr7,100081767,100081927,3,"1,2,3",1,1,1
chr7,100081927,100082017,2,"1,3",1,0,1
chr7,100126999,100127249,2,"1,3",1,0,1
chr7,100158620,100158870,2,"1,3",1,0,1
chr7,100428753,100429003,2,"1,3",1,0,1
chr7,100429215,100429263,2,"1,3",1,0,1
chr7,100429263,100429465,3,"1,2,3",1,1,1
chr7,100429465,100429479,2,"2,3",0,1,1
chr7,100586087,100586097,2,"2,3",0,1,1
chr7,100586097,100586303,3,"1,2,3",1,1,1
chr7,100586303,100586347,2,"1,3",1,0,1
chr7,100966310,100966560,2,"1,3",1,0,1
chr7,101085326,101085576,2,"1,3",1,0,1
chr7,101154217,101154467,2,"1,3",1,0,1
chr7,101815530,101815708,2,"1,3",1,0,1
chr7,101815850,101816073,2,"1,3",1,0,1
chr7,102279525,102279741,2,"2,3",0,1,1
chr7,103344685,103344935,2,"1,3",1,0,1
chr7,105013704,105013954,2,"1,3",1,0,1
chr7,106284887,106285137,2,"1,3",1,0,1
chr7,106285404,106285654,2,"1,3",1,0,1
chr7,106660077,106660293,2,"2,3",0,1,1
chr7,107044479,107044695,2,"2,3",0,1,1
chr7,107168449,107168699,2,"1,3",1,0,1
chr7,112206361,112206611,2,"1,3",1,0,1
chr7,121396278,121396528,2,"1,3",1,0,1
chr7,129825778,129826028,2,"1,3",1,0,1
chr7,130070269,130070519,2,"1,3",1,0,1
chr7,135662375,135662591,2,"2,3",0,1,1
chr7,139359637,139360092,2,"1,3",1,0,1
chr7,139360196,139360446,2,"1,3",1,0,1
chr7,140175240,140175485,2,"1,3",1,0,1
chr7,149126198,149126448,2,"1,3",1,0,1
chr7,150368604,150368854,2,"1,3",1,0,1
chr7,151080796,151081046,2,"1,3",1,0,1
chr7,151227251,151227501,2,"1,3",1,0,1
chr7,152464367,152464617,2,"1,3",1,0,1
chr7,155003213,155003246,2,"1,3",1,0,1
chr7,155003296,155003463,2,"1,3",1,0,1
chr7,155070007,155070257,2,"1,3",1,0,1
chr7,158856344,158856594,2,"1,3",1,0,1
chr8,8310609,8310859,2,"1,3",1,0,1
chr8,10839807,10840057,2,"1,3",1,0,1
chr8,17246771,17247021,2,"1,3",1,0,1
chr8,17922863,17923113,2,"1,3",1,0,1
chr8,19817194,19817444,2,"1,3",1,0,1
chr8,22244860,22245110,2,"1,3",1,0,1
chr8,22574427,22574643,2,"2,3",0,1,1
chr8,22604549,22604799,2,"1,3",1,0,1
chr8,23019263,23019505,2,"1,3",1,0,1
chr8,26449168,26449418,2,"1,3",1,0,1
chr8,27772498,27772748,2,"1,3",1,0,1
chr8,27872934,27873184,2,"1,3",1,0,1
chr8,28411987,28412436,2,"1,3",1,0,1
chr8,29350598,29351054,2,"1,3",1,0,1
chr8,30156183,30156433,2,"1,3",1,0,1
chr8,33513419,33513669,2,"1,3",1,0,1
chr8,37695181,37695431,2,"1,3",1,0,1
chr8,37736453,37736703,2,"1,3",1,0,1
chr8,38105277,38105527,2,"1,3",1,0,1
chr8,41528893,41529143,2,"1,3",1,0,1
chr8,41577988,41578238,2,"1,3",1,0,1
chr8,42152535,42152783,2,"1,3",1,0,1
chr8,47960076,47960326,2,"1,3",1,0,1
chr8,56074472,56074722,2,"1,3",1,0,1
chr8,65645014,65645264,2,"1,3",1,0,1
chr8,66114017,66114267,2,"1,3",1,0,1
chr8,70669055,70669305,2,"1,3",1,0,1
chr8,81732451,81732701,2,"1,3",1,0,1
chr8,89902935,89903121,2,"1,3",1,0,1
chr8,94553479,94553519,2,"1,3",1,0,1
chr8,94553519,94553729,3,"1,2,3",1,1,1
chr8,94553729,94553735,2,"2,3",0,1,1
chr8,94719703,94719709,2,"2,3",0,1,1
chr8,94719709,94719919,3,"1,2,3",1,1,1
chr8,94719919,94719959,2,"1,3",1,0,1
chr8,99013131,99013381,2,"1,3",1,0,1
chr8,100145787,100146037,2,"1,3",1,0,1
chr8,100952712,100952962,2,"1,3",1,0,1
chr8,101205637,101205713,2,"1,3",1,0,1
chr8,101205713,101205887,3,"1,2,3",1,1,1
chr8,101205887,101205929,2,"2,3",0,1,1
chr8,102653727,102653912,2,"1,3",1,0,1
chr8,102655653,102655903,2,"1,3",1,0,1
chr8,102863112,102863362,2,"1,3",1,0,1
chr8,123396580,123396830,2,"1,3",1,0,1
chr8,125091653,125091869,2,"2,3",0,1,1
chr8,125429922,125430374,2,"1,3",1,0,1
chr8,126558435,126558470,2,"2,3",0,1,1
chr8,126558470,126558588,3,"1,2,3",1,1,1
chr8,126558588,126558651,2,"2,3",0,1,1
chr8,127330329,127330579,2,"1,3",1,0,1
chr8,127735936,127736186,2,"1,3",1,0,1
chr8,127743058,127743308,2,"1,3",1,0,1
chr8,129939683,129940141,2,"1,3",1,0,1
chr8,140511593,140511602,2,"1,3",1,0,1
chr8,140511602,140511818,3,"1,2,3",1,1,1
chr8,140511818,140511843,2,"1,3",1,0,1
chr8,140511973,140512223,2,"1,3",1,0,1
chr8,142669925,142670175,2,"1,3",1,0,1
chr8,142726966,142727216,2,"1,3",1,0,1
chr8,143281616,143281866,2,"1,3",1,0,1
chr8,143541371,143541392,2,"1,3",1,0,1
chr8,143541392,143541608,3,"1,2,3",1,1,1
chr8,143541608,143541621,2,"1,3",1,0,1
chr8,143635761,143636011,2,"1,3",1,0,1
chr8,143829215,143829465,2,"1,3",1,0,1
chr8,143942566,143942758,2,"2,3",0,1,1
chr8,144019802,144020052,2,"1,3",1,0,1
chr8,144103668,144103736,2,"1,3",1,0,1
chr8,144103736,144103918,3,"1,2,3",1,1,1
chr8,144103918,144103952,2,"2,3",0,1,1
chr8,144104107,144104357,2,"1,3",1,0,1
chr8,144326721,144326971,2,"1,3",1,0,1
chr8,144413551,144413801,2,"1,3",1,0,1
chr8,144428446,144428472,2,"1,3",1,0,1
chr8,144428472,144428688,3,"1,2,3",1,1,1
chr8,144428688,144428696,2,"1,3",1,0,1
chr8,144477858,144478108,2,"1,3",1,0,1
chr8,144522377,144522627,2,"1,3",1,0,1
chr8,144787273,144787523,2,"1,3",1,0,1
chr8,145052314,145052564,2,"1,3",1,0,1
chr9,3525803,3526053,2,"1,3",1,0,1
chr9,6015568,6015572,2,"1,3",1,0,1
chr9,6015572,6015733,3,"1,2,3",1,1,1
chr9,6015733,6015766,2,"1,3",1,0,1
chr9,19380104,19380320,2,"1,3",1,0,1
chr9,21335385,21335635,2,"1,3",1,0,1
chr9,33722094,33722344,2,"1,3",1,0,1
chr9,34612035,34612285,2,"1,3",1,0,1
chr9,34665489,34665739,2,"1,3",1,0,1
chr9,35071892,35072142,2,"1,3",1,0,1
chr9,35490028,35490278,2,"1,3",1,0,1
chr9,35732256,35732506,2,"1,3",1,0,1
chr9,35733217,35733467,2,"1,3",1,0,1
chr9,36258425,36258532,2,"1,3",1,0,1
chr9,36258532,36258675,3,"1,2,3",1,1,1
chr9,36258675,36258748,2,"2,3",0,1,1
chr9,37800648,37800898,2,"1,3",1,0,1
chr9,62838273,62838523,2,"1,3",1,0,1
chr9,68779842,68780092,2,"1,3",1,0,1
chr9,72527432,72527682,2,"1,3",1,0,1
chr9,75890480,75890505,2,"2,3",0,1,1
chr9,75890505,75890696,3,"1,2,3",1,1,1
chr9,75890696,75890755,2,"1,3",1,0,1
chr9,77177152,77177402,2,"1,3",1,0,1
chr9,83980619,83980869,2,"1,3",1,0,1
chr9,88534043,88534293,2,"1,3",1,0,1
chr9,92325231,92325481,2,"1,3",1,0,1
chr9,93566462,93566712,2,"1,3",1,0,1
chr9,97983109,97983359,2,"1,3",1,0,1
chr9,99819456,99819672,2,"2,3",0,1,1
chr9,99819732,99819948,2,"2,3",0,1,1
chr9,104926479,104926695,2,"2,3",0,1,1
chr9,112379666,112379916,2,"1,3",1,0,1
chr9,124659130,124659158,2,"1,3",1,0,1
chr9,124659158,124659374,3,"1,2,3",1,1,1
chr9,124659374,124659380,2,"1,3",1,0,1
chr9,124940987,124941203,2,"2,3",0,1,1
chr9,125189821,125190071,2,"1,3",1,0,1
chr9,125746583,125746799,2,"2,3",0,1,1
chr9,126804901,126805151,2,"1,3",1,0,1
chr9,127785032,127785033,2,"1,3",1,0,1
chr9,127785033,127785249,3,"1,2,3",1,1,1
chr9,127785249,127785282,2,"1,3",1,0,1
chr9,128203236,128203244,2,"1,3",1,0,1
chr9,128203244,128203460,3,"1,2,3",1,1,1
chr9,128203460,128203486,2,"1,3",1,0,1
chr9,128370836,128371086,2,"1,3",1,0,1
chr9,128371122,128371372,2,"1,3",1,0,1
chr9,128702592,128702842,2,"1,3",1,0,1
chr9,128787090,128787340,2,"1,3",1,0,1
chr9,128947492,128947742,2,"1,3",1,0,1
chr9,129080886,129081136,2,"1,3",1,0,1
chr9,129334382,129334632,2,"1,3",1,0,1
chr9,129488555,129488585,2,"1,3",1,0,1
chr9,129488585,129488801,3,"1,2,3",1,1,1
chr9,129488801,129488805,2,"1,3",1,0,1
chr9,129496728,129496967,2,"1,3",1,0,1
chr9,131393506,131393756,2,"1,3",1,0,1
chr9,132878247,132878463,2,"2,3",0,1,1
chr9,133348059,133348309,2,"1,3",1,0,1
chr9,134025245,134025461,2,"2,3",0,1,1
chr9,136728101,136728186,2,"1,3",1,0,1
chr9,136728186,136728351,3,"1,2,3",1,1,1
chr9,136728351,136728396,2,"2,3",0,1,1
chr9,136842323,136842561,2,"1,3",1,0,1
chr9,137188997,137189213,2,"2,3",0,1,1
chr9,137240544,137241000,2,"1,3",1,0,1
chr9,137423099,137423153,2,"1,3",1,0,1
chr9,137423153,137423349,3,"1,2,3",1,1,1
chr9,137423349,137423369,2,"2,3",0,1,1
chrX,1391582,1391832,2,"1,3",1,0,1
chrX,1392620,1392870,2,"1,3",1,0,1
chrX,2609107,2609357,2,"1,3",1,0,1
chrX,41084777,41085275,2,"1,3",1,0,1
chrX,48631427,48631677,2,"1,3",1,0,1
chrX,52921210,52921460,2,"1,3",1,0,1
chrX,52934717,52934773,2,"2,3",0,1,1
chrX,52934773,52934918,3,"1,2,3",1,1,1
chrX,52934918,52934933,2,"2,3",0,1,1
chrX,54183228,54183478,2,"1,3",1,0,1
chrX,115561109,115561359,2,"1,3",1,0,1
chrX,118345797,118346047,2,"1,3",1,0,1
chrX,119693245,119693495,2,"1,3",1,0,1
chrX,123961523,123961538,2,"1,3",1,0,1
chrX,123961538,123961754,3,"1,2,3",1,1,1
chrX,123961754,123961773,2,"1,3",1,0,1
chrX,129982387,129982459,2,"2,3",0,1,1
chrX,129982459,129982530,3,"1,2,3",1,1,1
chrX,129982530,129982603,2,"2,3",0,1,1
chrX,131704225,131704446,2,"1,3",1,0,1
chrX,131704969,131705190,2,"1,3",1,0,1
chrX,131792387,131792637,2,"1,3",1,0,1
chrX,131793169,131793173,2,"2,3",0,1,1
chrX,131793173,131793364,3,"1,2,3",1,1,1
chrX,149940411,149940661,2,"1,3",1,0,1
chrX,154371380,154371442,2,"1,3",1,0,1
