chrom,start,end,num,list,ENCFF424JZR_ESRRA_sorted.bed,ENCFF693QBI_ESRRA_sorted.bed,../ATAC-seq/consensuspeaks_all_targets_10kb_sorted.bed
chr1,1375240,1375496,2,"2,3",0,1,1
chr1,1407208,1407564,2,"1,3",1,0,1
chr1,1471437,1471693,2,"2,3",0,1,1
chr1,1630298,1630654,2,"1,3",1,0,1
chr1,1780391,1780710,2,"1,3",1,0,1
chr1,2578272,2578628,2,"1,3",1,0,1
chr1,2585580,2585936,2,"1,3",1,0,1
chr1,3900450,3900806,2,"1,3",1,0,1
chr1,8878960,8879215,2,"2,3",0,1,1
chr1,8879215,8879216,3,"1,2,3",1,1,1
chr1,8879216,8879459,2,"1,3",1,0,1
chr1,9078073,9078429,2,"1,3",1,0,1
chr1,9080382,9080565,2,"2,3",0,1,1
chr1,9943268,9943293,2,"2,3",0,1,1
chr1,9943293,9943524,3,"1,2,3",1,1,1
chr1,9943524,9943583,2,"1,3",1,0,1
chr1,10430244,10430286,2,"2,3",0,1,1
chr1,10430286,10430642,3,"1,2,3",1,1,1
chr1,10430642,10430699,2,"2,3",0,1,1
chr1,10472442,10472698,2,"2,3",0,1,1
chr1,10474755,10474774,2,"1,3",1,0,1
chr1,10474774,10475030,3,"1,2,3",1,1,1
chr1,10475030,10475058,2,"1,3",1,0,1
chr1,11908142,11908344,2,"1,3",1,0,1
chr1,11908344,11908600,3,"1,2,3",1,1,1
chr1,11908600,11908718,2,"1,3",1,0,1
chr1,11980209,11980329,2,"1,3",1,0,1
chr1,11980329,11980565,3,"1,2,3",1,1,1
chr1,11980565,11980585,2,"2,3",0,1,1
chr1,12078612,12078968,2,"1,3",1,0,1
chr1,12161941,12162297,2,"1,3",1,0,1
chr1,13701500,13701639,2,"1,3",1,0,1
chr1,15247033,15247256,2,"1,3",1,0,1
chr1,15455562,15455917,2,"1,3",1,0,1
chr1,15834312,15834865,2,"1,3",1,0,1
chr1,15975690,15976261,2,"1,3",1,0,1
chr1,16366924,16367180,2,"2,3",0,1,1
chr1,16644488,16644640,2,"1,3",1,0,1
chr1,16644640,16644844,3,"1,2,3",1,1,1
chr1,16644844,16644896,2,"2,3",0,1,1
chr1,19210231,19210587,2,"1,3",1,0,1
chr1,19251419,19251775,2,"1,3",1,0,1
chr1,19582251,19582552,2,"1,3",1,0,1
chr1,19596684,19596698,2,"2,3",0,1,1
chr1,19596698,19596904,3,"1,2,3",1,1,1
chr1,19596904,19596940,2,"2,3",0,1,1
chr1,22451759,22452115,2,"1,3",1,0,1
chr1,23577341,23577478,2,"1,3",1,0,1
chr1,23800796,23801052,2,"2,3",0,1,1
chr1,23959653,23960009,2,"1,3",1,0,1
chr1,24964901,24965077,2,"2,3",0,1,1
chr1,25239670,25240128,2,"2,3",0,1,1
chr1,25247377,25247633,2,"2,3",0,1,1
chr1,25998243,25998499,2,"2,3",0,1,1
chr1,26169772,26170028,2,"2,3",0,1,1
chr1,26695457,26695546,2,"1,3",1,0,1
chr1,26695546,26695802,3,"1,2,3",1,1,1
chr1,26695802,26695813,2,"1,3",1,0,1
chr1,26826541,26826797,2,"2,3",0,1,1
chr1,27234292,27234548,2,"2,3",0,1,1
chr1,27321961,27322217,2,"2,3",0,1,1
chr1,27609206,27609391,2,"2,3",0,1,1
chr1,27609587,27609646,2,"1,3",1,0,1
chr1,27609646,27609902,3,"1,2,3",1,1,1
chr1,27609902,27609943,2,"1,3",1,0,1
chr1,27663065,27663348,2,"1,3",1,0,1
chr1,28199527,28200175,2,"1,3",1,0,1
chr1,28235838,28235977,2,"1,3",1,0,1
chr1,28505951,28506207,2,"2,3",0,1,1
chr1,28517992,28518248,2,"2,3",0,1,1
chr1,28552844,28553100,2,"2,3",0,1,1
chr1,28581644,28581692,2,"1,3",1,0,1
chr1,28581692,28581948,3,"1,2,3",1,1,1
chr1,28581948,28582204,2,"1,3",1,0,1
chr1,28648011,28648247,2,"1,3",1,0,1
chr1,28648536,28648537,2,"1,3",1,0,1
chr1,28648537,28648793,3,"1,2,3",1,1,1
chr1,28648793,28648891,2,"1,3",1,0,1
chr1,28648893,28649149,2,"2,3",0,1,1
chr1,29202839,29202873,2,"2,3",0,1,1
chr1,29230772,29230830,2,"1,3",1,0,1
chr1,29230830,29231086,3,"1,2,3",1,1,1
chr1,29231086,29231128,2,"1,3",1,0,1
chr1,31509334,31509590,2,"2,3",0,1,1
chr1,31644470,31644497,2,"1,3",1,0,1
chr1,31644497,31644753,3,"1,2,3",1,1,1
chr1,31644753,31644826,2,"1,3",1,0,1
chr1,32107891,32108147,2,"2,3",0,1,1
chr1,32336076,32336250,2,"2,3",0,1,1
chr1,32414029,32414036,2,"2,3",0,1,1
chr1,32414036,32414185,3,"1,2,3",1,1,1
chr1,32414185,32414285,2,"2,3",0,1,1
chr1,32650305,32650632,2,"1,3",1,0,1
chr1,32650843,32651308,2,"2,3",0,1,1
chr1,32981125,32981481,2,"1,3",1,0,1
chr1,34852663,34852898,2,"1,3",1,0,1
chr1,34866318,34866378,2,"1,3",1,0,1
chr1,34866378,34866634,3,"1,2,3",1,1,1
chr1,34866634,34866674,2,"1,3",1,0,1
chr1,35930952,35931308,2,"1,3",1,0,1
chr1,36088753,36088760,2,"2,3",0,1,1
chr1,36088760,36089009,3,"1,2,3",1,1,1
chr1,36089009,36089116,2,"1,3",1,0,1
chr1,36223869,36224225,2,"1,3",1,0,1
chr1,36224317,36224573,2,"2,3",0,1,1
chr1,36342699,36342938,2,"2,3",0,1,1
chr1,36349233,36349589,2,"1,3",1,0,1
chr1,36464068,36464424,2,"1,3",1,0,1
chr1,37989910,37989965,2,"1,3",1,0,1
chr1,37989965,37990221,3,"1,2,3",1,1,1
chr1,37990221,37990266,2,"1,3",1,0,1
chr1,38990711,38991067,2,"1,3",1,0,1
chr1,39025964,39026158,2,"1,3",1,0,1
chr1,39576709,39576909,2,"2,3",0,1,1
chr1,40039255,40039550,2,"1,3",1,0,1
chr1,40257878,40258234,2,"1,3",1,0,1
chr1,42766891,42767147,2,"2,3",0,1,1
chr1,44684460,44684692,2,"1,3",1,0,1
chr1,44714999,44715255,2,"2,3",0,1,1
chr1,44721382,44721738,2,"1,3",1,0,1
chr1,44775302,44775558,2,"2,3",0,1,1
chr1,44819606,44819658,2,"1,3",1,0,1
chr1,44819658,44819914,3,"1,2,3",1,1,1
chr1,44819914,44819962,2,"1,3",1,0,1
chr1,45500254,45500495,2,"2,3",0,1,1
chr1,45687035,45687291,2,"2,3",0,1,1
chr1,45688045,45688236,3,"1,2,3",1,1,1
chr1,51519335,51519389,2,"1,3",1,0,1
chr1,51519389,51519513,3,"1,2,3",1,1,1
chr1,53292642,53292998,2,"1,3",1,0,1
chr1,53838423,53838679,2,"2,3",0,1,1
chr1,54053329,54053585,2,"2,3",0,1,1
chr1,56135721,56135854,2,"1,3",1,0,1
chr1,58546740,58546996,2,"2,3",0,1,1
chr1,58573736,58574092,2,"1,3",1,0,1
chr1,62436657,62436786,2,"2,3",0,1,1
chr1,62436786,62437115,3,"1,2,3",1,1,1
chr1,62437115,62437142,2,"1,3",1,0,1
chr1,67685006,67685362,2,"1,3",1,0,1
chr1,75724198,75724348,2,"1,3",1,0,1
chr1,75786183,75786472,2,"1,3",1,0,1
chr1,86913947,86914203,2,"2,3",0,1,1
chr1,92968511,92968730,2,"1,3",1,0,1
chr1,93079028,93079284,2,"2,3",0,1,1
chr1,93345627,93345983,2,"1,3",1,0,1
chr1,94417900,94418256,2,"1,3",1,0,1
chr1,103525702,103526058,2,"1,3",1,0,1
chr1,108075069,108075396,2,"1,3",1,0,1
chr1,109090579,109090835,2,"2,3",0,1,1
chr1,109099922,109100278,2,"1,3",1,0,1
chr1,109484064,109484320,2,"2,3",0,1,1
chr1,109656020,109656087,2,"1,3",1,0,1
chr1,109656087,109656343,3,"1,2,3",1,1,1
chr1,109656343,109656376,2,"1,3",1,0,1
chr1,110338345,110338701,2,"1,3",1,0,1
chr1,110407586,110407842,2,"2,3",0,1,1
chr1,110872393,110872544,2,"1,3",1,0,1
chr1,111755582,111755659,2,"1,3",1,0,1
chr1,111755659,111755915,3,"1,2,3",1,1,1
chr1,111755915,111755938,2,"1,3",1,0,1
chr1,113812419,113812675,2,"2,3",0,1,1
chr1,113905097,113905444,2,"1,3",1,0,1
chr1,116737360,116737662,2,"1,3",1,0,1
chr1,117366940,117367522,2,"1,3",1,0,1
chr1,119140008,119140364,2,"1,3",1,0,1
chr1,119318251,119318593,2,"1,3",1,0,1
chr1,120850827,120851083,2,"2,3",0,1,1
chr1,145281134,145281390,2,"2,3",0,1,1
chr1,145824029,145824385,2,"1,3",1,0,1
chr1,146376913,146377169,2,"2,3",0,1,1
chr1,147084551,147084612,2,"1,3",1,0,1
chr1,147084612,147084868,3,"1,2,3",1,1,1
chr1,147084868,147084907,2,"1,3",1,0,1
chr1,147084948,147085204,2,"2,3",0,1,1
chr1,147172454,147172710,2,"2,3",0,1,1
chr1,148522607,148522863,2,"2,3",0,1,1
chr1,149886895,149887199,2,"2,3",0,1,1
chr1,150268724,150269080,2,"1,3",1,0,1
chr1,150293664,150293682,2,"1,3",1,0,1
chr1,150293682,150293938,3,"1,2,3",1,1,1
chr1,150293938,150294020,2,"1,3",1,0,1
chr1,150579412,150579668,2,"2,3",0,1,1
chr1,151057977,151058171,2,"1,3",1,0,1
chr1,151058281,151058333,2,"1,3",1,0,1
chr1,151165863,151166119,2,"2,3",0,1,1
chr1,151281177,151281667,2,"1,3",1,0,1
chr1,152968272,152968599,2,"1,3",1,0,1
chr1,153677731,153677942,2,"2,3",0,1,1
chr1,154983075,154983431,2,"1,3",1,0,1
chr1,155017451,155017807,2,"1,3",1,0,1
chr1,155061550,155061804,2,"2,3",0,1,1
chr1,155064332,155064519,2,"1,3",1,0,1
chr1,155563102,155563458,2,"1,3",1,0,1
chr1,155934104,155934408,2,"1,3",1,0,1
chr1,156193890,156194204,2,"2,3",0,1,1
chr1,156338090,156338446,2,"1,3",1,0,1
chr1,156421596,156421952,2,"1,3",1,0,1
chr1,156660035,156660391,2,"1,3",1,0,1
chr1,156728700,156729056,2,"1,3",1,0,1
chr1,156740999,156741355,2,"1,3",1,0,1
chr1,159077087,159077443,2,"1,3",1,0,1
chr1,160193147,160193403,2,"2,3",0,1,1
chr1,160789919,160790275,2,"1,3",1,0,1
chr1,160795910,160796243,2,"1,3",1,0,1
chr1,161068218,161068768,2,"1,3",1,0,1
chr1,161096146,161096174,2,"2,3",0,1,1
chr1,161096174,161096311,3,"1,2,3",1,1,1
chr1,161096311,161096382,2,"2,3",0,1,1
chr1,161097582,161097802,3,"1,2,3",1,1,1
chr1,161097802,161097925,2,"1,3",1,0,1
chr1,161153893,161154149,2,"2,3",0,1,1
chr1,161227413,161227756,2,"1,3",1,0,1
chr1,161523830,161524086,2,"2,3",0,1,1
chr1,161540100,161540356,2,"2,3",0,1,1
chr1,165630763,165631119,2,"1,3",1,0,1
chr1,166876021,166876377,2,"1,3",1,0,1
chr1,167220115,167220690,2,"1,3",1,0,1
chr1,167628051,167628407,2,"1,3",1,0,1
chr1,172533371,172533627,2,"2,3",0,1,1
chr1,175209557,175209982,2,"1,3",1,0,1
chr1,176207233,176207589,2,"1,3",1,0,1
chr1,179215186,179215542,2,"1,3",1,0,1
chr1,179882509,179882558,2,"1,3",1,0,1
chr1,179882558,179882814,3,"1,2,3",1,1,1
chr1,179882814,179882865,2,"1,3",1,0,1
chr1,179954620,179954976,2,"1,3",1,0,1
chr1,183470212,183470462,2,"1,3",1,0,1
chr1,183471902,183472258,2,"1,3",1,0,1
chr1,184051571,184051827,2,"2,3",0,1,1
chr1,185559738,185560054,2,"1,3",1,0,1
chr1,186375466,186375822,2,"1,3",1,0,1
chr1,192575462,192575818,2,"1,3",1,0,1
chr1,200207900,200208256,2,"1,3",1,0,1
chr1,201955649,201955951,2,"1,3",1,0,1
chr1,202159319,202159566,2,"1,3",1,0,1
chr1,202341729,202341985,2,"2,3",0,1,1
chr1,203006482,203006751,2,"1,3",1,0,1
chr1,203287177,203287400,2,"2,3",0,1,1
chr1,203305445,203305701,2,"2,3",0,1,1
chr1,203861313,203861358,2,"1,3",1,0,1
chr1,203861358,203861614,3,"1,2,3",1,1,1
chr1,203861614,203861655,2,"1,3",1,0,1
chr1,204516012,204516268,2,"2,3",0,1,1
chr1,204530911,204531267,2,"1,3",1,0,1
chr1,205211597,205211853,2,"2,3",0,1,1
chr1,205631910,205632266,2,"1,3",1,0,1
chr1,205826617,205826845,2,"1,3",1,0,1
chr1,206470420,206470676,2,"2,3",0,1,1
chr1,206925089,206925445,2,"1,3",1,0,1
chr1,207321511,207321767,2,"2,3",0,1,1
chr1,210373880,210373938,2,"2,3",0,1,1
chr1,210373938,210374136,3,"1,2,3",1,1,1
chr1,210374136,210374294,2,"1,3",1,0,1
chr1,212035113,212035143,2,"1,3",1,0,1
chr1,212035143,212035469,3,"1,2,3",1,1,1
chr1,212035469,212035598,2,"2,3",0,1,1
chr1,212558293,212558735,2,"1,3",1,0,1
chr1,212559149,212559404,2,"1,3",1,0,1
chr1,212791530,212791990,2,"2,3",0,1,1
chr1,218284645,218284972,2,"1,3",1,0,1
chr1,218285144,218285400,2,"2,3",0,1,1
chr1,222048511,222048610,2,"1,3",1,0,1
chr1,222465396,222465652,2,"2,3",0,1,1
chr1,228165756,228166012,2,"2,3",0,1,1
chr1,230978778,230979134,2,"1,3",1,0,1
chr1,234271222,234271578,2,"1,3",1,0,1
chr1,234373293,234373590,2,"1,3",1,0,1
chr1,234373590,234373846,3,"1,2,3",1,1,1
chr1,234373846,234373910,2,"1,3",1,0,1
chr1,234610737,234611028,2,"1,3",1,0,1
chr1,234980477,234980806,2,"1,3",1,0,1
chr1,235104245,235104501,2,"2,3",0,1,1
chr1,235328647,235329003,2,"1,3",1,0,1
chr1,244834845,244835101,3,"1,2,3",1,1,1
chr1,244835101,244835201,2,"1,3",1,0,1
chr1,244864383,244864639,2,"2,3",0,1,1
chr1,244970920,244970933,2,"2,3",0,1,1
chr1,244970933,244971176,3,"1,2,3",1,1,1
chr1,244971176,244971289,2,"1,3",1,0,1
chr1,247409898,247410254,2,"1,3",1,0,1
chr1,248825845,248826201,2,"1,3",1,0,1
chr10,988161,988517,2,"1,3",1,0,1
chr10,3068867,3069132,2,"1,3",1,0,1
chr10,5813585,5813941,2,"1,3",1,0,1
chr10,5862403,5862964,2,"1,3",1,0,1
chr10,6151105,6151342,2,"2,3",0,1,1
chr10,7818266,7818622,2,"1,3",1,0,1
chr10,14648166,14648194,2,"1,3",1,0,1
chr10,14648194,14648450,3,"1,2,3",1,1,1
chr10,14648450,14648724,2,"1,3",1,0,1
chr10,14659869,14660225,2,"1,3",1,0,1
chr10,22316105,22316361,2,"2,3",0,1,1
chr10,26697691,26698149,2,"1,3",1,0,1
chr10,27504097,27504353,2,"2,3",0,1,1
chr10,37976602,37976858,2,"2,3",0,1,1
chr10,43436615,43436871,2,"2,3",0,1,1
chr10,45461003,45461259,2,"2,3",0,1,1
chr10,48306357,48306713,2,"1,3",1,0,1
chr10,49761873,49762229,2,"1,3",1,0,1
chr10,50624468,50624556,2,"1,3",1,0,1
chr10,50624556,50624812,3,"1,2,3",1,1,1
chr10,50624812,50625024,2,"1,3",1,0,1
chr10,58269052,58269240,2,"2,3",0,1,1
chr10,58269240,58269308,3,"1,2,3",1,1,1
chr10,58269308,58269501,2,"1,3",1,0,1
chr10,61896983,61897238,2,"2,3",0,1,1
chr10,62816292,62816403,2,"2,3",0,1,1
chr10,69179956,69180530,2,"1,3",1,0,1
chr10,69229319,69229675,2,"1,3",1,0,1
chr10,70132788,70132794,2,"1,3",1,0,1
chr10,70132794,70133050,3,"1,2,3",1,1,1
chr10,70133050,70133073,2,"1,3",1,0,1
chr10,72334903,72334908,2,"2,3",0,1,1
chr10,72334908,72335159,3,"1,2,3",1,1,1
chr10,72335159,72335264,2,"1,3",1,0,1
chr10,73088388,73088424,2,"1,3",1,0,1
chr10,73088424,73088643,3,"1,2,3",1,1,1
chr10,73167914,73168170,2,"2,3",0,1,1
chr10,73743841,73744172,2,"1,3",1,0,1
chr10,73781974,73782330,2,"1,3",1,0,1
chr10,73849082,73849560,2,"1,3",1,0,1
chr10,73998370,73998517,2,"1,3",1,0,1
chr10,74151625,74151743,2,"1,3",1,0,1
chr10,74738102,74738403,2,"1,3",1,0,1
chr10,75235410,75235766,2,"1,3",1,0,1
chr10,78033753,78034009,2,"2,3",0,1,1
chr10,79348025,79348281,2,"2,3",0,1,1
chr10,80444741,80444997,2,"2,3",0,1,1
chr10,84139331,84139687,2,"1,3",1,0,1
chr10,84328240,84328370,2,"2,3",0,1,1
chr10,84328542,84328798,2,"2,3",0,1,1
chr10,87862362,87862618,2,"2,3",0,1,1
chr10,88825335,88825670,2,"1,3",1,0,1
chr10,92591495,92591951,2,"1,3",1,0,1
chr10,95245400,95245420,2,"1,3",1,0,1
chr10,95245420,95245676,3,"1,2,3",1,1,1
chr10,95245676,95245743,2,"1,3",1,0,1
chr10,95758305,95758356,2,"1,3",1,0,1
chr10,95758455,95758661,2,"1,3",1,0,1
chr10,95837746,95837807,2,"2,3",0,1,1
chr10,95837807,95838002,3,"1,2,3",1,1,1
chr10,95838002,95838155,2,"1,3",1,0,1
chr10,96287908,96288264,2,"1,3",1,0,1
chr10,99430712,99431226,2,"1,3",1,0,1
chr10,101353671,101354010,2,"1,3",1,0,1
chr10,102056126,102056382,2,"2,3",0,1,1
chr10,102132835,102133091,2,"2,3",0,1,1
chr10,102421048,102421304,2,"2,3",0,1,1
chr10,102450352,102450608,2,"2,3",0,1,1
chr10,103966763,103966843,2,"1,3",1,0,1
chr10,104122020,104122376,2,"1,3",1,0,1
chr10,110441997,110442288,2,"1,3",1,0,1
chr10,110567493,110567849,2,"1,3",1,0,1
chr10,110919157,110919413,2,"2,3",0,1,1
chr10,113854811,113855167,2,"1,3",1,0,1
chr10,117425900,117426256,2,"1,3",1,0,1
chr10,119165259,119165375,2,"1,3",1,0,1
chr10,119165375,119165615,3,"1,2,3",1,1,1
chr10,119165615,119165631,2,"2,3",0,1,1
chr10,121975001,121975257,2,"2,3",0,1,1
chr10,122954073,122954101,2,"1,3",1,0,1
chr10,122954101,122954357,3,"1,2,3",1,1,1
chr10,122954357,122954429,2,"1,3",1,0,1
chr10,123133033,123133285,2,"2,3",0,1,1
chr10,123327572,123327862,2,"1,3",1,0,1
chr10,133378443,133378799,2,"1,3",1,0,1
chr10,133388872,133389228,2,"1,3",1,0,1
chr10,133393996,133394552,2,"1,3",1,0,1
chr11,207523,207779,2,"2,3",0,1,1
chr11,236554,236910,2,"1,3",1,0,1
chr11,326825,327181,2,"1,3",1,0,1
chr11,448129,448485,2,"1,3",1,0,1
chr11,809444,809913,2,"2,3",0,1,1
chr11,1574718,1574951,2,"1,3",1,0,1
chr11,3057364,3057620,2,"2,3",0,1,1
chr11,3854895,3855251,2,"1,3",1,0,1
chr11,3894335,3894384,2,"2,3",0,1,1
chr11,3894384,3894481,3,"1,2,3",1,1,1
chr11,3894481,3894591,2,"2,3",0,1,1
chr11,4094678,4094934,2,"2,3",0,1,1
chr11,6390055,6390613,2,"1,3",1,0,1
chr11,7986884,7986933,2,"1,3",1,0,1
chr11,7986933,7987189,3,"1,2,3",1,1,1
chr11,7987189,7987477,2,"1,3",1,0,1
chr11,9385052,9385408,2,"1,3",1,0,1
chr11,9460504,9460860,2,"1,3",1,0,1
chr11,10857667,10857923,2,"2,3",0,1,1
chr11,17230830,17231186,2,"1,3",1,0,1
chr11,29334144,29334500,2,"1,3",1,0,1
chr11,32105784,32105796,2,"2,3",0,1,1
chr11,32105796,32106040,3,"1,2,3",1,1,1
chr11,32106040,32106152,2,"1,3",1,0,1
chr11,33656200,33656556,2,"1,3",1,0,1
chr11,34916037,34916293,2,"2,3",0,1,1
chr11,43311750,43312006,2,"2,3",0,1,1
chr11,44569176,44569355,2,"1,3",1,0,1
chr11,45817350,45817706,2,"1,3",1,0,1
chr11,46239120,46239466,2,"2,3",0,1,1
chr11,46594022,46594278,2,"2,3",0,1,1
chr11,47578831,47578887,2,"1,3",1,0,1
chr11,47578887,47579143,3,"1,2,3",1,1,1
chr11,47579143,47579187,2,"1,3",1,0,1
chr11,57530467,57530552,3,"1,2,3",1,1,1
chr11,57530552,57530584,2,"1,3",1,0,1
chr11,57667207,57667215,2,"1,3",1,0,1
chr11,57667215,57667471,3,"1,2,3",1,1,1
chr11,57667471,57667764,2,"1,3",1,0,1
chr11,57712523,57712879,2,"1,3",1,0,1
chr11,57741163,57741519,2,"1,3",1,0,1
chr11,58577741,58578097,2,"1,3",1,0,1
chr11,59199773,59200129,2,"1,3",1,0,1
chr11,59668352,59668760,2,"1,3",1,0,1
chr11,60914090,60914325,2,"2,3",0,1,1
chr11,61061101,61061657,2,"1,3",1,0,1
chr11,61362080,61362436,2,"1,3",1,0,1
chr11,61581364,61581691,2,"1,3",1,0,1
chr11,61756571,61757128,2,"1,3",1,0,1
chr11,62664903,62665259,2,"1,3",1,0,1
chr11,62709491,62709847,2,"1,3",1,0,1
chr11,62728349,62728578,2,"2,3",0,1,1
chr11,62839529,62839785,2,"2,3",0,1,1
chr11,62841351,62841607,2,"2,3",0,1,1
chr11,62855564,62855881,2,"1,3",1,0,1
chr11,63531519,63531792,2,"1,3",1,0,1
chr11,63974422,63974778,2,"1,3",1,0,1
chr11,64207504,64208061,2,"1,3",1,0,1
chr11,64225980,64226336,2,"1,3",1,0,1
chr11,64269167,64269433,2,"1,3",1,0,1
chr11,64269627,64269983,2,"1,3",1,0,1
chr11,64304344,64304591,2,"2,3",0,1,1
chr11,64304700,64304870,2,"1,3",1,0,1
chr11,64304870,64304993,3,"1,2,3",1,1,1
chr11,64304993,64305056,2,"1,3",1,0,1
chr11,64331803,64332138,2,"1,3",1,0,1
chr11,64878433,64878689,2,"2,3",0,1,1
chr11,65084045,65084077,2,"2,3",0,1,1
chr11,65084077,65084301,3,"1,2,3",1,1,1
chr11,65084301,65084433,2,"1,3",1,0,1
chr11,65096016,65096234,2,"2,3",0,1,1
chr11,65280340,65280466,2,"1,3",1,0,1
chr11,65418782,65419138,2,"1,3",1,0,1
chr11,65422763,65422922,2,"2,3",0,1,1
chr11,65497331,65497587,2,"2,3",0,1,1
chr11,65506901,65507257,2,"1,3",1,0,1
chr11,65652880,65653236,2,"1,3",1,0,1
chr11,65802906,65802954,2,"1,3",1,0,1
chr11,65802954,65803210,3,"1,2,3",1,1,1
chr11,65803210,65803262,2,"1,3",1,0,1
chr11,65919147,65919503,2,"1,3",1,0,1
chr11,65961487,65961843,2,"1,3",1,0,1
chr11,66002001,66002357,2,"1,3",1,0,1
chr11,66068988,66069266,2,"1,3",1,0,1
chr11,66268331,66268587,2,"2,3",0,1,1
chr11,66616383,66616838,2,"2,3",0,1,1
chr11,66834280,66834575,2,"1,3",1,0,1
chr11,66843295,66843551,2,"2,3",0,1,1
chr11,67317693,67318151,2,"2,3",0,1,1
chr11,67588139,67588479,2,"1,3",1,0,1
chr11,67600419,67600478,2,"1,3",1,0,1
chr11,67600478,67600734,3,"1,2,3",1,1,1
chr11,67600734,67600748,2,"1,3",1,0,1
chr11,67606768,67607124,2,"1,3",1,0,1
chr11,67629290,67629802,2,"1,3",1,0,1
chr11,68121641,68121897,2,"2,3",0,1,1
chr11,68903697,68903751,2,"1,3",1,0,1
chr11,68903751,68904007,3,"1,2,3",1,1,1
chr11,68904007,68904053,2,"1,3",1,0,1
chr11,69056231,69056487,2,"2,3",0,1,1
chr11,71928695,71929051,2,"1,3",1,0,1
chr11,72091250,72091506,2,"2,3",0,1,1
chr11,72813933,72814189,2,"2,3",0,1,1
chr11,72815679,72815946,2,"1,3",1,0,1
chr11,73761235,73761699,2,"1,3",1,0,1
chr11,73787762,73787826,2,"1,3",1,0,1
chr11,73787826,73788082,3,"1,2,3",1,1,1
chr11,73788082,73788118,2,"1,3",1,0,1
chr11,73876574,73876930,2,"1,3",1,0,1
chr11,74948940,74949296,2,"1,3",1,0,1
chr11,75399362,75399618,2,"2,3",0,1,1
chr11,76672799,76673155,2,"1,3",1,0,1
chr11,77474352,77474542,2,"2,3",0,1,1
chr11,77820649,77820905,2,"2,3",0,1,1
chr11,78533231,78533587,2,"1,3",1,0,1
chr11,82971971,82972011,2,"1,3",1,0,1
chr11,83156943,83157199,2,"2,3",0,1,1
chr11,86302042,86302089,2,"2,3",0,1,1
chr11,86302089,86302298,3,"1,2,3",1,1,1
chr11,86302298,86302445,2,"1,3",1,0,1
chr11,93784944,93785219,2,"1,3",1,0,1
chr11,102317497,102317753,2,"2,3",0,1,1
chr11,108222546,108222902,2,"1,3",1,0,1
chr11,111417165,111417521,2,"1,3",1,0,1
chr11,111879114,111879470,2,"1,3",1,0,1
chr11,112024999,112025355,2,"1,3",1,0,1
chr11,112086742,112086875,2,"2,3",0,1,1
chr11,112086875,112086964,3,"1,2,3",1,1,1
chr11,112086964,112086998,2,"2,3",0,1,1
chr11,114400472,114400828,2,"1,3",1,0,1
chr11,117098587,117098621,2,"2,3",0,1,1
chr11,117098621,117098843,3,"1,2,3",1,1,1
chr11,117098843,117098901,2,"1,3",1,0,1
chr11,117189321,117189846,2,"1,3",1,0,1
chr11,117815222,117815223,2,"1,3",1,0,1
chr11,117815341,117815578,2,"1,3",1,0,1
chr11,117817787,117818043,2,"2,3",0,1,1
chr11,117986073,117986429,2,"1,3",1,0,1
chr11,118227909,118228243,2,"1,3",1,0,1
chr11,118401265,118401365,2,"2,3",0,1,1
chr11,118401365,118401721,3,"1,2,3",1,1,1
chr11,118401721,118401732,2,"2,3",0,1,1
chr11,118436195,118436232,2,"1,3",1,0,1
chr11,118436232,118436488,3,"1,2,3",1,1,1
chr11,118436488,118436551,2,"1,3",1,0,1
chr11,118820884,118821240,2,"1,3",1,0,1
chr11,118876716,118876781,2,"1,3",1,0,1
chr11,118876781,118877037,3,"1,2,3",1,1,1
chr11,118877037,118877072,2,"1,3",1,0,1
chr11,119095323,119095579,2,"2,3",0,1,1
chr11,120325110,120325366,2,"2,3",0,1,1
chr11,120335798,120336054,2,"2,3",0,1,1
chr11,123062190,123062446,2,"2,3",0,1,1
chr11,123517508,123517864,2,"1,3",1,0,1
chr11,125072416,125072772,2,"1,3",1,0,1
chr11,126305785,126305816,2,"1,3",1,0,1
chr11,126305816,126306018,3,"1,2,3",1,1,1
chr11,130003066,130003322,2,"2,3",0,1,1
chr12,389185,389541,2,"1,3",1,0,1
chr12,1933386,1933718,2,"1,3",1,0,1
chr12,2812394,2812578,3,"1,2,3",1,1,1
chr12,2812578,2812590,2,"1,3",1,0,1
chr12,2812778,2813034,2,"2,3",0,1,1
chr12,4118124,4118380,2,"2,3",0,1,1
chr12,4648962,4649026,2,"1,3",1,0,1
chr12,4649026,4649282,3,"1,2,3",1,1,1
chr12,4649282,4649318,2,"1,3",1,0,1
chr12,6278707,6279021,2,"1,3",1,0,1
chr12,6335799,6336036,2,"2,3",0,1,1
chr12,6452525,6452548,2,"2,3",0,1,1
chr12,6534363,6534619,2,"2,3",0,1,1
chr12,6663484,6663540,2,"1,3",1,0,1
chr12,6723892,6724248,2,"1,3",1,0,1
chr12,6852357,6852713,2,"1,3",1,0,1
chr12,6867385,6867741,2,"1,3",1,0,1
chr12,6943744,6943990,2,"2,3",0,1,1
chr12,6970540,6970750,2,"1,3",1,0,1
chr12,6970750,6970896,3,"1,2,3",1,1,1
chr12,6970896,6971006,2,"2,3",0,1,1
chr12,11545520,11545876,2,"1,3",1,0,1
chr12,11545975,11546331,2,"1,3",1,0,1
chr12,11553910,11554266,2,"1,3",1,0,1
chr12,12486700,12487031,2,"1,3",1,0,1
chr12,21501669,21502025,2,"1,3",1,0,1
chr12,21657300,21657656,2,"1,3",1,0,1
chr12,27014310,27014666,2,"1,3",1,0,1
chr12,31326186,31326470,2,"1,3",1,0,1
chr12,38316603,38316859,2,"2,3",0,1,1
chr12,42325900,42326156,2,"2,3",0,1,1
chr12,45727447,45727771,2,"1,3",1,0,1
chr12,45727906,45727945,2,"1,3",1,0,1
chr12,46180185,46180441,2,"2,3",0,1,1
chr12,48198628,48198853,2,"1,3",1,0,1
chr12,48852086,48852442,2,"1,3",1,0,1
chr12,48925634,48925902,2,"1,3",1,0,1
chr12,49060854,49061110,2,"2,3",0,1,1
chr12,49130248,49130504,2,"2,3",0,1,1
chr12,49131216,49131472,2,"2,3",0,1,1
chr12,50763584,50763815,2,"1,3",1,0,1
chr12,50763815,50763940,3,"1,2,3",1,1,1
chr12,50763940,50764071,2,"2,3",0,1,1
chr12,50924404,50924760,2,"1,3",1,0,1
chr12,52069792,52070048,2,"2,3",0,1,1
chr12,52083475,52083718,2,"2,3",0,1,1
chr12,53268215,53268471,2,"2,3",0,1,1
chr12,53321394,53321796,2,"2,3",0,1,1
chr12,53626288,53626544,2,"2,3",0,1,1
chr12,54399422,54399678,2,"2,3",0,1,1
chr12,56041791,56041965,2,"1,3",1,0,1
chr12,56042039,56042147,2,"1,3",1,0,1
chr12,56103995,56104570,2,"2,3",0,1,1
chr12,56118049,56118305,2,"2,3",0,1,1
chr12,56300415,56300642,2,"1,3",1,0,1
chr12,56631921,56632105,2,"1,3",1,0,1
chr12,56636763,56637019,2,"2,3",0,1,1
chr12,56645799,56645917,3,"1,2,3",1,1,1
chr12,56645917,56646055,2,"1,3",1,0,1
chr12,56646166,56646422,2,"2,3",0,1,1
chr12,57087752,57088008,2,"2,3",0,1,1
chr12,57520439,57520695,2,"2,3",0,1,1
chr12,57752168,57752424,2,"2,3",0,1,1
chr12,62760770,62760932,2,"1,3",1,0,1
chr12,67758191,67758547,2,"1,3",1,0,1
chr12,71754484,71754702,2,"1,3",1,0,1
chr12,75329992,75330498,2,"1,3",1,0,1
chr12,82358308,82358874,2,"1,3",1,0,1
chr12,92470517,92470873,2,"1,3",1,0,1
chr12,94831508,94831764,2,"2,3",0,1,1
chr12,95073331,95073687,2,"1,3",1,0,1
chr12,96489360,96489418,2,"1,3",1,0,1
chr12,96489418,96489674,3,"1,2,3",1,1,1
chr12,96489674,96489699,2,"1,3",1,0,1
chr12,98503638,98503994,2,"1,3",1,0,1
chr12,98504149,98504365,2,"2,3",0,1,1
chr12,98593495,98593851,2,"1,3",1,0,1
chr12,100142627,100142883,2,"2,3",0,1,1
chr12,100267014,100267370,2,"1,3",1,0,1
chr12,101407663,101407919,2,"2,3",0,1,1
chr12,101877499,101878056,2,"1,3",1,0,1
chr12,103957107,103957363,2,"2,3",0,1,1
chr12,104462973,104463021,2,"1,3",1,0,1
chr12,104463021,104463265,3,"1,2,3",1,1,1
chr12,106073288,106073326,2,"1,3",1,0,1
chr12,106073326,106073340,3,"1,2,3",1,1,1
chr12,106357674,106357713,2,"1,3",1,0,1
chr12,106357713,106357969,3,"1,2,3",1,1,1
chr12,106357969,106358030,2,"1,3",1,0,1
chr12,108563561,108563805,2,"1,3",1,0,1
chr12,108617466,108617598,2,"1,3",1,0,1
chr12,108617598,108617822,3,"1,2,3",1,1,1
chr12,108617822,108617854,2,"2,3",0,1,1
chr12,109052424,109052680,2,"2,3",0,1,1
chr12,109477270,109477725,2,"2,3",0,1,1
chr12,109573087,109573443,2,"1,3",1,0,1
chr12,109999029,109999285,2,"2,3",0,1,1
chr12,110913377,110913411,2,"1,3",1,0,1
chr12,110913411,110913667,3,"1,2,3",1,1,1
chr12,110913667,110913733,2,"1,3",1,0,1
chr12,118376171,118376527,2,"1,3",1,0,1
chr12,120200934,120201190,2,"2,3",0,1,1
chr12,120291611,120291765,2,"1,3",1,0,1
chr12,120291765,120291967,3,"1,2,3",1,1,1
chr12,120291967,120291987,2,"2,3",0,1,1
chr12,120437943,120438025,2,"2,3",0,1,1
chr12,120438025,120438199,3,"1,2,3",1,1,1
chr12,120438199,120438381,2,"1,3",1,0,1
chr12,121016221,121016677,2,"2,3",0,1,1
chr12,121110275,121110332,2,"1,3",1,0,1
chr12,121110332,121110588,3,"1,2,3",1,1,1
chr12,121110588,121110616,2,"1,3",1,0,1
chr12,121782380,121782636,2,"2,3",0,1,1
chr12,122266345,122266701,2,"1,3",1,0,1
chr12,122752929,122753185,2,"2,3",0,1,1
chr12,123601933,123602028,2,"2,3",0,1,1
chr12,123602028,123602189,3,"1,2,3",1,1,1
chr12,123602189,123602575,2,"1,3",1,0,1
chr12,124774327,124774683,2,"1,3",1,0,1
chr12,124914223,124914264,2,"1,3",1,0,1
chr12,124914381,124914579,3,"1,2,3",1,1,1
chr12,124914579,124914725,2,"2,3",0,1,1
chr12,124917244,124917324,2,"1,3",1,0,1
chr12,124917324,124917580,3,"1,2,3",1,1,1
chr12,124917580,124917600,2,"1,3",1,0,1
chr12,128797676,128798032,2,"1,3",1,0,1
chr12,128830167,128830423,2,"2,3",0,1,1
chr12,131710702,131710958,2,"2,3",0,1,1
chr12,131949753,131950009,2,"2,3",0,1,1
chr12,133080001,133080257,2,"2,3",0,1,1
chr12,133080305,133080561,2,"2,3",0,1,1
chr13,23889245,23889501,2,"2,3",0,1,1
chr13,26222187,26222443,2,"2,3",0,1,1
chr13,27251417,27251773,2,"1,3",1,0,1
chr13,27620566,27620822,2,"2,3",0,1,1
chr13,28718821,28719077,2,"2,3",0,1,1
chr13,30146038,30146294,2,"2,3",0,1,1
chr13,30617594,30617850,2,"2,3",0,1,1
chr13,33110305,33110329,2,"1,3",1,0,1
chr13,41811572,41811867,2,"1,3",1,0,1
chr13,41960403,41960723,2,"1,3",1,0,1
chr13,42811598,42811954,2,"1,3",1,0,1
chr13,45341013,45341085,2,"1,3",1,0,1
chr13,45341085,45341341,3,"1,2,3",1,1,1
chr13,45341341,45341369,2,"1,3",1,0,1
chr13,48037841,48038197,2,"1,3",1,0,1
chr13,75549710,75549966,2,"2,3",0,1,1
chr13,76991943,76992199,2,"2,3",0,1,1
chr13,79406046,79406402,2,"1,3",1,0,1
chr13,91348923,91349052,2,"1,3",1,0,1
chr13,91349052,91349219,3,"1,2,3",1,1,1
chr13,97433114,97433470,2,"1,3",1,0,1
chr13,99606726,99607028,2,"1,3",1,0,1
chr13,110712882,110713138,2,"2,3",0,1,1
chr13,110713217,110713351,2,"2,3",0,1,1
chr13,111153632,111153888,2,"2,3",0,1,1
chr13,112802515,112802564,2,"1,3",1,0,1
chr13,112802564,112802764,3,"1,2,3",1,1,1
chr13,112802863,112802871,2,"1,3",1,0,1
chr13,113208640,113208896,2,"2,3",0,1,1
chr13,114234689,114234909,2,"2,3",0,1,1
chr14,21104541,21104750,2,"2,3",0,1,1
chr14,21456173,21456429,2,"2,3",0,1,1
chr14,22556470,22556519,2,"1,3",1,0,1
chr14,22556519,22556775,3,"1,2,3",1,1,1
chr14,22556775,22556920,2,"1,3",1,0,1
chr14,22557001,22557072,2,"1,3",1,0,1
chr14,22766600,22766956,2,"1,3",1,0,1
chr14,22871009,22871365,2,"1,3",1,0,1
chr14,22886863,22887219,2,"1,3",1,0,1
chr14,22918882,22919061,3,"1,2,3",1,1,1
chr14,22919061,22919079,2,"1,3",1,0,1
chr14,23007174,23007410,2,"1,3",1,0,1
chr14,24114104,24114360,2,"2,3",0,1,1
chr14,24161250,24161398,2,"2,3",0,1,1
chr14,24161502,24161506,2,"2,3",0,1,1
chr14,24188814,24189070,2,"2,3",0,1,1
chr14,24296892,24297148,2,"2,3",0,1,1
chr14,24442782,24442835,2,"2,3",0,1,1
chr14,24442835,24443038,3,"1,2,3",1,1,1
chr14,24443038,24443079,2,"1,3",1,0,1
chr14,31420598,31421141,2,"1,3",1,0,1
chr14,32205961,32206317,2,"1,3",1,0,1
chr14,35404564,35404820,2,"2,3",0,1,1
chr14,35809211,35809239,2,"1,3",1,0,1
chr14,35809239,35809480,3,"1,2,3",1,1,1
chr14,39174816,39175111,2,"1,3",1,0,1
chr14,39175111,39175172,3,"1,2,3",1,1,1
chr14,39175172,39175367,2,"2,3",0,1,1
chr14,39266454,39266799,2,"1,3",1,0,1
chr14,49892704,49892960,2,"2,3",0,1,1
chr14,50001890,50002212,2,"1,3",1,0,1
chr14,50312346,50312702,2,"1,3",1,0,1
chr14,53613523,53613573,2,"1,3",1,0,1
chr14,53613573,53613829,3,"1,2,3",1,1,1
chr14,53613829,53613879,2,"1,3",1,0,1
chr14,55051826,55052182,2,"1,3",1,0,1
chr14,55271059,55271244,2,"1,3",1,0,1
chr14,55271244,55271415,3,"1,2,3",1,1,1
chr14,55271415,55271500,2,"2,3",0,1,1
chr14,57268874,57269230,2,"1,3",1,0,1
chr14,58244579,58244935,2,"1,3",1,0,1
chr14,60091803,60092159,2,"1,3",1,0,1
chr14,60204178,60204193,2,"1,3",1,0,1
chr14,60204193,60204417,3,"1,2,3",1,1,1
chr14,60204417,60204449,2,"2,3",0,1,1
chr14,60205312,60205589,2,"1,3",1,0,1
chr14,63641546,63641902,2,"1,3",1,0,1
chr14,64504127,64504383,2,"2,3",0,1,1
chr14,66507904,66508160,2,"2,3",0,1,1
chr14,67674553,67674809,2,"2,3",0,1,1
chr14,68685434,68685690,2,"2,3",0,1,1
chr14,69767079,69767335,2,"2,3",0,1,1
chr14,70359525,70359881,2,"1,3",1,0,1
chr14,70416785,70417141,2,"1,3",1,0,1
chr14,73058509,73058765,2,"2,3",0,1,1
chr14,74713004,74713360,2,"1,3",1,0,1
chr14,75069341,75069400,2,"2,3",0,1,1
chr14,75069400,75069516,3,"1,2,3",1,1,1
chr14,75069516,75069597,2,"2,3",0,1,1
chr14,75211001,75211357,2,"1,3",1,0,1
chr14,75249504,75249860,2,"1,3",1,0,1
chr14,75278434,75278690,2,"2,3",0,1,1
chr14,75294296,75294679,2,"1,3",1,0,1
chr14,76956492,76956495,2,"1,3",1,0,1
chr14,76956495,76956751,3,"1,2,3",1,1,1
chr14,76956751,76956951,2,"1,3",1,0,1
chr14,76961891,76962247,2,"1,3",1,0,1
chr14,77121087,77121443,2,"1,3",1,0,1
chr14,77457607,77457654,2,"2,3",0,1,1
chr14,77457654,77457863,3,"1,2,3",1,1,1
chr14,77457863,77458010,2,"1,3",1,0,1
chr14,77707880,77708236,2,"1,3",1,0,1
chr14,77761186,77761442,2,"2,3",0,1,1
chr14,81220723,81220919,2,"2,3",0,1,1
chr14,89416032,89416320,2,"1,3",1,0,1
chr14,90383298,90383654,2,"1,3",1,0,1
chr14,90396862,90397118,2,"2,3",0,1,1
chr14,92039958,92040214,2,"2,3",0,1,1
chr14,92259705,92259978,2,"1,3",1,0,1
chr14,92794242,92794498,2,"2,3",0,1,1
chr14,93989958,93990314,2,"1,3",1,0,1
chr14,101810149,101810505,2,"1,3",1,0,1
chr14,102316870,102316929,2,"1,3",1,0,1
chr14,102316929,102317185,3,"1,2,3",1,1,1
chr14,102317185,102317202,2,"1,3",1,0,1
chr14,102362748,102363004,2,"2,3",0,1,1
chr14,102509942,102510021,2,"1,3",1,0,1
chr14,102510021,102510277,3,"1,2,3",1,1,1
chr14,102510277,102510298,2,"1,3",1,0,1
chr14,102592067,102592323,2,"2,3",0,1,1
chr14,103334135,103334391,2,"2,3",0,1,1
chr14,103520936,103521292,2,"1,3",1,0,1
chr14,103921381,103921737,2,"1,3",1,0,1
chr14,104815993,104816249,2,"2,3",0,1,1
chr14,105045744,105046100,2,"1,3",1,0,1
chr14,105090555,105090779,2,"1,3",1,0,1
chr14,105490871,105491127,2,"2,3",0,1,1
chr14,106308832,106309188,2,"1,3",1,0,1
chr15,22838525,22838881,2,"1,3",1,0,1
chr15,29269754,29270110,2,"1,3",1,0,1
chr15,30903729,30903985,2,"2,3",0,1,1
chr15,34101792,34102048,2,"2,3",0,1,1
chr15,34224753,34224834,2,"1,3",1,0,1
chr15,34224834,34225090,3,"1,2,3",1,1,1
chr15,34225090,34225109,2,"1,3",1,0,1
chr15,34969603,34969959,2,"1,3",1,0,1
chr15,40807134,40807706,2,"1,3",1,0,1
chr15,40871679,40872027,3,"1,2,3",1,1,1
chr15,40872027,40872133,2,"2,3",0,1,1
chr15,41284385,41284418,2,"1,3",1,0,1
chr15,41402394,41402750,2,"1,3",1,0,1
chr15,41493352,41493708,2,"1,3",1,0,1
chr15,42273517,42273873,2,"1,3",1,0,1
chr15,43106133,43106472,2,"1,3",1,0,1
chr15,44728878,44729234,2,"1,3",1,0,1
chr15,45200369,45200725,2,"1,3",1,0,1
chr15,45201150,45201250,2,"2,3",0,1,1
chr15,48810408,48810696,2,"1,3",1,0,1
chr15,48811116,48811372,2,"2,3",0,1,1
chr15,49620905,49621261,2,"1,3",1,0,1
chr15,50908504,50908558,2,"1,3",1,0,1
chr15,50908558,50908814,3,"1,2,3",1,1,1
chr15,50908814,50908860,2,"1,3",1,0,1
chr15,50908936,50909108,2,"1,3",1,0,1
chr15,52568783,52569139,2,"1,3",1,0,1
chr15,55289829,55290287,2,"2,3",0,1,1
chr15,56245945,56246301,2,"1,3",1,0,1
chr15,57706429,57706785,2,"1,3",1,0,1
chr15,62060342,62060372,2,"1,3",1,0,1
chr15,62060372,62060628,3,"1,2,3",1,1,1
chr15,62060628,62060698,2,"1,3",1,0,1
chr15,63503215,63503571,2,"1,3",1,0,1
chr15,63504390,63504646,2,"2,3",0,1,1
chr15,63896677,63897033,2,"1,3",1,0,1
chr15,64093124,64093355,2,"1,3",1,0,1
chr15,64093842,64094098,2,"2,3",0,1,1
chr15,64162745,64163114,2,"1,3",1,0,1
chr15,64163114,64163331,3,"1,2,3",1,1,1
chr15,64163331,64163370,2,"2,3",0,1,1
chr15,64387637,64387693,2,"1,3",1,0,1
chr15,64387693,64387949,3,"1,2,3",1,1,1
chr15,64387949,64387993,2,"1,3",1,0,1
chr15,65296004,65296360,2,"1,3",1,0,1
chr15,65304649,65304747,2,"1,3",1,0,1
chr15,65304747,65305003,3,"1,2,3",1,1,1
chr15,65305003,65305074,2,"1,3",1,0,1
chr15,65305074,65305237,3,"1,2,3",1,1,1
chr15,65305237,65305330,2,"2,3",0,1,1
chr15,66497459,66497464,2,"1,3",1,0,1
chr15,66497464,66497720,3,"1,2,3",1,1,1
chr15,66497720,66497815,2,"1,3",1,0,1
chr15,67065614,67065870,2,"2,3",0,1,1
chr15,68277566,68277586,2,"2,3",0,1,1
chr15,68277586,68277759,3,"1,2,3",1,1,1
chr15,68277759,68277822,2,"2,3",0,1,1
chr15,72231196,72231552,2,"1,3",1,0,1
chr15,72783594,72783950,2,"1,3",1,0,1
chr15,74615919,74615975,2,"1,3",1,0,1
chr15,74787698,74788159,2,"1,3",1,0,1
chr15,74788678,74788712,2,"1,3",1,0,1
chr15,74788712,74788968,3,"1,2,3",1,1,1
chr15,74788968,74789015,2,"1,3",1,0,1
chr15,75204814,75205070,2,"2,3",0,1,1
chr15,75368052,75368408,2,"1,3",1,0,1
chr15,75368436,75368692,2,"2,3",0,1,1
chr15,75903774,75904030,2,"2,3",0,1,1
chr15,78108336,78108641,2,"1,3",1,0,1
chr15,78149376,78149732,2,"1,3",1,0,1
chr15,84631246,84631502,2,"2,3",0,1,1
chr15,84981179,84981535,2,"1,3",1,0,1
chr15,88467137,88467493,2,"1,3",1,0,1
chr15,89893982,89894338,2,"1,3",1,0,1
chr15,90648519,90648806,2,"1,3",1,0,1
chr15,90955085,90955341,2,"2,3",0,1,1
chr15,92809002,92809190,2,"1,3",1,0,1
chr15,92809190,92809358,3,"1,2,3",1,1,1
chr15,92809358,92809446,2,"2,3",0,1,1
chr15,92904107,92904437,2,"1,3",1,0,1
chr15,99564849,99565067,2,"1,3",1,0,1
chr15,101652290,101652546,2,"2,3",0,1,1
chr16,96911,97167,2,"2,3",0,1,1
chr16,636267,636523,2,"2,3",0,1,1
chr16,642145,642177,2,"1,3",1,0,1
chr16,642177,642433,3,"1,2,3",1,1,1
chr16,642433,642501,2,"1,3",1,0,1
chr16,667841,668179,2,"1,3",1,0,1
chr16,690287,690596,2,"1,3",1,0,1
chr16,720897,721253,2,"1,3",1,0,1
chr16,807704,807729,2,"1,3",1,0,1
chr16,807729,807985,3,"1,2,3",1,1,1
chr16,807985,808060,2,"1,3",1,0,1
chr16,1308587,1308924,2,"1,3",1,0,1
chr16,1309114,1309452,2,"1,3",1,0,1
chr16,1420611,1420867,2,"2,3",0,1,1
chr16,1705908,1705994,2,"1,3",1,0,1
chr16,1705994,1706250,3,"1,2,3",1,1,1
chr16,1706250,1706473,2,"1,3",1,0,1
chr16,1773020,1773273,2,"2,3",0,1,1
chr16,1964681,1964802,2,"2,3",0,1,1
chr16,1964802,1965136,3,"1,2,3",1,1,1
chr16,1965136,1965158,2,"1,3",1,0,1
chr16,1971875,1971939,2,"1,3",1,0,1
chr16,1971939,1972195,3,"1,2,3",1,1,1
chr16,1972195,1972231,2,"1,3",1,0,1
chr16,1984008,1984364,2,"1,3",1,0,1
chr16,2003829,2003988,2,"2,3",0,1,1
chr16,2155244,2155350,2,"2,3",0,1,1
chr16,2155350,2155481,3,"1,2,3",1,1,1
chr16,2155481,2155860,2,"1,3",1,0,1
chr16,2205620,2205876,2,"2,3",0,1,1
chr16,2537442,2537790,2,"1,3",1,0,1
chr16,2603150,2603502,2,"1,3",1,0,1
chr16,2673584,2673940,2,"1,3",1,0,1
chr16,2682253,2682607,2,"1,3",1,0,1
chr16,2868170,2868526,2,"1,3",1,0,1
chr16,2911685,2912041,2,"1,3",1,0,1
chr16,3150832,3151053,2,"2,3",0,1,1
chr16,3654308,3654632,2,"1,3",1,0,1
chr16,3717587,3717681,2,"2,3",0,1,1
chr16,3717681,3717843,3,"1,2,3",1,1,1
chr16,3717843,3717861,2,"1,3",1,0,1
chr16,4425776,4426032,2,"2,3",0,1,1
chr16,4505293,4505844,2,"1,3",1,0,1
chr16,4616444,4616488,2,"1,3",1,0,1
chr16,4616488,4616744,3,"1,2,3",1,1,1
chr16,4616744,4616769,2,"1,3",1,0,1
chr16,4624277,4624527,2,"1,3",1,0,1
chr16,4625139,4625395,2,"2,3",0,1,1
chr16,8797729,8797985,2,"2,3",0,1,1
chr16,8798175,8798370,2,"1,3",1,0,1
chr16,8891575,8891931,2,"1,3",1,0,1
chr16,10765818,10765834,2,"1,3",1,0,1
chr16,10765834,10766090,3,"1,2,3",1,1,1
chr16,10766090,10766164,2,"1,3",1,0,1
chr16,11370859,11370968,3,"1,2,3",1,1,1
chr16,11370968,11371017,2,"1,3",1,0,1
chr16,11678344,11678697,2,"1,3",1,0,1
chr16,12535725,12536081,2,"1,3",1,0,1
chr16,14302303,14302559,2,"2,3",0,1,1
chr16,14354725,14355081,2,"1,3",1,0,1
chr16,18790277,18790533,2,"2,3",0,1,1
chr16,18801764,18802020,2,"2,3",0,1,1
chr16,19067591,19067642,2,"2,3",0,1,1
chr16,19067642,19067847,3,"1,2,3",1,1,1
chr16,19067847,19067998,2,"1,3",1,0,1
chr16,19086472,19086828,2,"1,3",1,0,1
chr16,21599413,21599669,2,"2,3",0,1,1
chr16,21953155,21953727,2,"1,3",1,0,1
chr16,22297085,22297645,2,"1,3",1,0,1
chr16,22353588,22353882,2,"1,3",1,0,1
chr16,23641270,23641526,2,"2,3",0,1,1
chr16,23842143,23842459,2,"1,3",1,0,1
chr16,28846449,28846705,2,"2,3",0,1,1
chr16,28863275,28863276,2,"1,3",1,0,1
chr16,28863276,28863532,3,"1,2,3",1,1,1
chr16,29816266,29816522,2,"2,3",0,1,1
chr16,30092668,30093024,2,"1,3",1,0,1
chr16,30350493,30350849,2,"1,3",1,0,1
chr16,30430081,30430437,2,"1,3",1,0,1
chr16,30526770,30527026,2,"2,3",0,1,1
chr16,30571873,30572229,2,"1,3",1,0,1
chr16,30634411,30634767,2,"1,3",1,0,1
chr16,30658114,30658370,2,"2,3",0,1,1
chr16,30876483,30876571,2,"2,3",0,1,1
chr16,30876571,30876703,3,"1,2,3",1,1,1
chr16,30876703,30876739,2,"2,3",0,1,1
chr16,30922464,30922820,2,"1,3",1,0,1
chr16,30923233,30923489,2,"2,3",0,1,1
chr16,31033178,31033534,2,"1,3",1,0,1
chr16,31117584,31117840,2,"2,3",0,1,1
chr16,31117912,31118146,2,"1,3",1,0,1
chr16,31180030,31180286,2,"2,3",0,1,1
chr16,31443005,31443360,2,"1,3",1,0,1
chr16,31508182,31508320,2,"1,3",1,0,1
chr16,31508320,31508576,3,"1,2,3",1,1,1
chr16,31508576,31508742,2,"1,3",1,0,1
chr16,31713388,31713744,2,"1,3",1,0,1
chr16,47144217,47144573,2,"1,3",1,0,1
chr16,48158331,48158687,2,"1,3",1,0,1
chr16,50806291,50806547,2,"2,3",0,1,1
chr16,53457695,53457730,2,"2,3",0,1,1
chr16,53457730,53457907,3,"1,2,3",1,1,1
chr16,53457907,53457951,2,"2,3",0,1,1
chr16,56608246,56608502,2,"2,3",0,1,1
chr16,56911808,56912164,2,"1,3",1,0,1
chr16,56932064,56932320,2,"2,3",0,1,1
chr16,56964652,56964668,2,"2,3",0,1,1
chr16,56964668,56964872,3,"1,2,3",1,1,1
chr16,56964872,56964908,2,"2,3",0,1,1
chr16,57544214,57544239,2,"2,3",0,1,1
chr16,57544239,57544470,3,"1,2,3",1,1,1
chr16,57544470,57544595,2,"1,3",1,0,1
chr16,57735205,57735855,2,"1,3",1,0,1
chr16,67183737,67184093,2,"1,3",1,0,1
chr16,67226949,67227205,2,"2,3",0,1,1
chr16,67562127,67562383,2,"2,3",0,1,1
chr16,67719105,67719729,2,"1,3",1,0,1
chr16,67806572,67806828,2,"2,3",0,1,1
chr16,67846759,67847015,2,"2,3",0,1,1
chr16,67893116,67893674,2,"1,3",1,0,1
chr16,69565783,69566039,2,"2,3",0,1,1
chr16,69754839,69755095,2,"2,3",0,1,1
chr16,71845781,71846137,2,"1,3",1,0,1
chr16,75566338,75566594,2,"2,3",0,1,1
chr16,75647349,75647511,2,"1,3",1,0,1
chr16,78099396,78099450,2,"1,3",1,0,1
chr16,78099450,78099752,3,"1,2,3",1,1,1
chr16,78099752,78099917,2,"2,3",0,1,1
chr16,81481508,81481798,2,"1,3",1,0,1
chr16,84594098,84594234,2,"1,3",1,0,1
chr16,84594234,84594454,3,"1,2,3",1,1,1
chr16,84594454,84594490,2,"2,3",0,1,1
chr16,85447388,85447618,2,"1,3",1,0,1
chr16,85570617,85570748,2,"2,3",0,1,1
chr16,85799519,85799875,2,"1,3",1,0,1
chr16,85799941,85800297,2,"1,3",1,0,1
chr16,85888977,85889290,2,"1,3",1,0,1
chr16,86563849,86564172,2,"1,3",1,0,1
chr16,87388434,87388770,2,"1,3",1,0,1
chr16,87950783,87951039,2,"2,3",0,1,1
chr16,88681784,88682140,2,"1,3",1,0,1
chr16,88700766,88701122,2,"1,3",1,0,1
chr16,89093706,89093962,2,"2,3",0,1,1
chr16,89700180,89700436,2,"2,3",0,1,1
chr16,89720812,89721068,2,"2,3",0,1,1
chr17,1183494,1183850,2,"1,3",1,0,1
chr17,2711609,2711746,2,"1,3",1,0,1
chr17,2711746,2711800,3,"1,2,3",1,1,1
chr17,2711800,2712002,2,"2,3",0,1,1
chr17,3668736,3668992,2,"2,3",0,1,1
chr17,4939737,4939820,2,"1,3",1,0,1
chr17,4939820,4940076,3,"1,2,3",1,1,1
chr17,4940076,4940093,2,"1,3",1,0,1
chr17,5078497,5078540,2,"2,3",0,1,1
chr17,5078540,5078672,3,"1,2,3",1,1,1
chr17,5078672,5078753,2,"2,3",0,1,1
chr17,5235142,5235498,2,"1,3",1,0,1
chr17,5486559,5486815,2,"2,3",0,1,1
chr17,6427415,6427685,2,"1,3",1,0,1
chr17,7014375,7014731,2,"1,3",1,0,1
chr17,7132735,7133091,2,"1,3",1,0,1
chr17,7280634,7280890,2,"2,3",0,1,1
chr17,7306778,7306901,2,"1,3",1,0,1
chr17,7306901,7307108,3,"1,2,3",1,1,1
chr17,7307108,7307360,2,"2,3",0,1,1
chr17,7329342,7329598,2,"2,3",0,1,1
chr17,7579576,7579832,2,"2,3",0,1,1
chr17,7842447,7842851,2,"2,3",0,1,1
chr17,7857760,7858016,2,"2,3",0,1,1
chr17,8119106,8119317,2,"2,3",0,1,1
chr17,8158821,8158991,2,"1,3",1,0,1
chr17,8173310,8173566,2,"2,3",0,1,1
chr17,8187512,8187768,2,"2,3",0,1,1
chr17,8196075,8196431,2,"1,3",1,0,1
chr17,8376615,8376631,2,"2,3",0,1,1
chr17,8376631,8376941,3,"1,2,3",1,1,1
chr17,8382961,8383217,2,"2,3",0,1,1
chr17,8383381,8383737,2,"1,3",1,0,1
chr17,14069405,14069761,2,"1,3",1,0,1
chr17,16215392,16215648,2,"2,3",0,1,1
chr17,16285860,16286172,2,"1,3",1,0,1
chr17,16380980,16381146,2,"2,3",0,1,1
chr17,16438611,16438858,2,"1,3",1,0,1
chr17,16438858,16438967,3,"1,2,3",1,1,1
chr17,16438967,16439114,2,"2,3",0,1,1
chr17,17476885,17476890,2,"2,3",0,1,1
chr17,17476890,17477086,3,"1,2,3",1,1,1
chr17,17477086,17477141,2,"2,3",0,1,1
chr17,17591616,17591872,2,"2,3",0,1,1
chr17,18087743,18087999,2,"2,3",0,1,1
chr17,19377912,19378475,2,"1,3",1,0,1
chr17,28719535,28720095,2,"1,3",1,0,1
chr17,28726873,28727129,2,"2,3",0,1,1
chr17,28902869,28902954,2,"1,3",1,0,1
chr17,28902954,28903210,3,"1,2,3",1,1,1
chr17,28903210,28903225,2,"1,3",1,0,1
chr17,28951802,28952058,2,"2,3",0,1,1
chr17,29294160,29294516,2,"1,3",1,0,1
chr17,30363653,30364231,2,"1,3",1,0,1
chr17,32276171,32276527,2,"1,3",1,0,1
chr17,32342023,32342369,2,"1,3",1,0,1
chr17,32349920,32350276,2,"1,3",1,0,1
chr17,32520224,32520480,3,"1,2,3",1,1,1
chr17,32520480,32520484,2,"1,3",1,0,1
chr17,35587111,35587367,3,"1,2,3",1,1,1
chr17,35587367,35587461,2,"1,3",1,0,1
chr17,35809325,35809581,2,"2,3",0,1,1
chr17,36072580,36072915,2,"1,3",1,0,1
chr17,36544020,36544253,2,"1,3",1,0,1
chr17,36948802,36949158,2,"1,3",1,0,1
chr17,38700898,38701157,2,"1,3",1,0,1
chr17,38752685,38752941,2,"2,3",0,1,1
chr17,38825194,38825550,2,"1,3",1,0,1
chr17,38898749,38899073,2,"1,3",1,0,1
chr17,39152991,39153196,2,"2,3",0,1,1
chr17,39621964,39622316,2,"1,3",1,0,1
chr17,39754250,39754606,2,"1,3",1,0,1
chr17,40561951,40562207,2,"2,3",0,1,1
chr17,40598626,40598874,2,"2,3",0,1,1
chr17,40599008,40599132,2,"1,3",1,0,1
chr17,40599132,40599364,3,"1,2,3",1,1,1
chr17,40599364,40599388,2,"2,3",0,1,1
chr17,41679151,41679234,2,"1,3",1,0,1
chr17,41679234,41679490,3,"1,2,3",1,1,1
chr17,41679490,41679507,2,"1,3",1,0,1
chr17,41688707,41689063,2,"1,3",1,0,1
chr17,42577831,42578187,2,"1,3",1,0,1
chr17,43170796,43171254,2,"2,3",0,1,1
chr17,43360813,43361069,2,"2,3",0,1,1
chr17,43361087,43361410,2,"2,3",0,1,1
chr17,43361509,43361550,2,"2,3",0,1,1
chr17,43483606,43484065,2,"2,3",0,1,1
chr17,44014831,44014864,2,"1,3",1,0,1
chr17,44014864,44015120,3,"1,2,3",1,1,1
chr17,44015120,44015140,2,"1,3",1,0,1
chr17,44186981,44187337,2,"1,3",1,0,1
chr17,44325546,44325902,2,"1,3",1,0,1
chr17,44899305,44899561,2,"2,3",0,1,1
chr17,45018721,45018777,2,"2,3",0,1,1
chr17,45018777,45018866,3,"1,2,3",1,1,1
chr17,45018866,45018921,2,"2,3",0,1,1
chr17,45135290,45135459,2,"2,3",0,1,1
chr17,45148282,45148538,2,"2,3",0,1,1
chr17,45229103,45229459,2,"1,3",1,0,1
chr17,46922843,46923099,2,"2,3",0,1,1
chr17,47735461,47736027,2,"1,3",1,0,1
chr17,47895700,47895848,2,"2,3",0,1,1
chr17,47941235,47941624,2,"1,3",1,0,1
chr17,47950091,47950269,2,"1,3",1,0,1
chr17,47970725,47970981,2,"2,3",0,1,1
chr17,48585378,48585634,2,"2,3",0,1,1
chr17,48892383,48892739,2,"1,3",1,0,1
chr17,49193154,49193220,2,"1,3",1,0,1
chr17,49414738,49415294,2,"1,3",1,0,1
chr17,49788339,49788675,2,"1,3",1,0,1
chr17,50151072,50151328,2,"2,3",0,1,1
chr17,50478831,50479087,2,"2,3",0,1,1
chr17,50482548,50482584,2,"1,3",1,0,1
chr17,50482584,50482806,3,"1,2,3",1,1,1
chr17,51153315,51153414,2,"1,3",1,0,1
chr17,51153414,51153670,3,"1,2,3",1,1,1
chr17,51153670,51153671,2,"1,3",1,0,1
chr17,56960812,56961168,2,"1,3",1,0,1
chr17,57454874,57455053,2,"1,3",1,0,1
chr17,57455053,57455207,3,"1,2,3",1,1,1
chr17,57455207,57455309,2,"2,3",0,1,1
chr17,58337580,58337816,2,"2,3",0,1,1
chr17,58417580,58417584,2,"2,3",0,1,1
chr17,58417584,58417836,3,"1,2,3",1,1,1
chr17,58417836,58417940,2,"1,3",1,0,1
chr17,58658900,58659047,2,"1,3",1,0,1
chr17,58659047,58659303,3,"1,2,3",1,1,1
chr17,58659303,58659467,2,"1,3",1,0,1
chr17,58679372,58679546,2,"1,3",1,0,1
chr17,58679546,58679728,3,"1,2,3",1,1,1
chr17,58679728,58679802,2,"2,3",0,1,1
chr17,59106829,59107085,2,"2,3",0,1,1
chr17,59155273,59155529,2,"2,3",0,1,1
chr17,59619080,59619382,2,"1,3",1,0,1
chr17,60599888,60600144,2,"2,3",0,1,1
chr17,63600717,63601073,2,"1,3",1,0,1
chr17,63773332,63773821,2,"1,3",1,0,1
chr17,63842541,63842897,2,"1,3",1,0,1
chr17,64506151,64506407,2,"2,3",0,1,1
chr17,65056926,65057181,2,"2,3",0,1,1
chr17,67717603,67717859,2,"2,3",0,1,1
chr17,72422715,72422971,2,"2,3",0,1,1
chr17,73232132,73232388,2,"2,3",0,1,1
chr17,74873183,74873741,2,"1,3",1,0,1
chr17,75261586,75261842,2,"2,3",0,1,1
chr17,75779588,75779628,2,"2,3",0,1,1
chr17,75779628,75779844,3,"1,2,3",1,1,1
chr17,75779844,75779984,2,"1,3",1,0,1
chr17,75784582,75784838,2,"2,3",0,1,1
chr17,75855365,75855621,2,"2,3",0,1,1
chr17,76272084,76272340,2,"2,3",0,1,1
chr17,76557677,76557904,2,"2,3",0,1,1
chr17,76726940,76727196,2,"2,3",0,1,1
chr17,77441223,77441579,2,"1,3",1,0,1
chr17,77882539,77882604,2,"1,3",1,0,1
chr17,77882604,77882860,3,"1,2,3",1,1,1
chr17,77882860,77882895,2,"1,3",1,0,1
chr17,78155062,78155318,2,"2,3",0,1,1
chr17,78250938,78251256,2,"1,3",1,0,1
chr17,78378490,78378746,2,"2,3",0,1,1
chr17,78474952,78475166,2,"2,3",0,1,1
chr17,78782505,78782806,2,"1,3",1,0,1
chr17,79921500,79921538,2,"2,3",0,1,1
chr17,79921538,79921756,3,"1,2,3",1,1,1
chr17,79921756,79921758,2,"1,3",1,0,1
chr17,81636968,81637224,2,"2,3",0,1,1
chr17,81703372,81703385,2,"2,3",0,1,1
chr17,81703385,81703628,3,"1,2,3",1,1,1
chr17,81703628,81703870,2,"1,3",1,0,1
chr17,82065701,82065721,2,"1,3",1,0,1
chr17,82065721,82065977,3,"1,2,3",1,1,1
chr17,82065977,82066057,2,"1,3",1,0,1
chr17,82418436,82418692,2,"2,3",0,1,1
chr17,82519210,82519566,2,"1,3",1,0,1
chr17,82648372,82648628,2,"2,3",0,1,1
chr18,5296096,5296561,2,"2,3",0,1,1
chr18,9136431,9136896,2,"2,3",0,1,1
chr18,9474895,9475530,2,"2,3",0,1,1
chr18,9673357,9673713,2,"1,3",1,0,1
chr18,9710764,9711120,2,"1,3",1,0,1
chr18,11851265,11851524,2,"1,3",1,0,1
chr18,12948017,12948273,2,"2,3",0,1,1
chr18,13567668,13567758,2,"1,3",1,0,1
chr18,13567839,13568024,2,"1,3",1,0,1
chr18,21704773,21705129,2,"1,3",1,0,1
chr18,35290098,35290354,2,"2,3",0,1,1
chr18,44679003,44679359,2,"1,3",1,0,1
chr18,45666605,45666854,3,"1,2,3",1,1,1
chr18,45666854,45666860,2,"1,3",1,0,1
chr18,46097588,46097944,2,"1,3",1,0,1
chr18,46173849,46174205,2,"1,3",1,0,1
chr18,46917846,46917922,2,"1,3",1,0,1
chr18,50287931,50288187,2,"2,3",0,1,1
chr18,54224843,54224940,2,"2,3",0,1,1
chr18,57621572,57621928,2,"1,3",1,0,1
chr18,59139675,59139931,2,"2,3",0,1,1
chr18,63141850,63142106,2,"2,3",0,1,1
chr18,63155516,63155607,2,"2,3",0,1,1
chr18,63155607,63155755,3,"1,2,3",1,1,1
chr18,63318110,63318385,2,"1,3",1,0,1
chr18,63422382,63422638,2,"2,3",0,1,1
chr18,74147720,74147976,2,"2,3",0,1,1
chr18,74148334,74148690,2,"1,3",1,0,1
chr18,74597356,74597612,2,"2,3",0,1,1
chr18,74597655,74597911,2,"2,3",0,1,1
chr18,76493038,76493147,2,"2,3",0,1,1
chr18,76811636,76811916,2,"1,3",1,0,1
chr18,79679326,79679582,2,"2,3",0,1,1
chr18,80033453,80033709,2,"2,3",0,1,1
chr19,488904,489160,2,"2,3",0,1,1
chr19,507440,507696,2,"2,3",0,1,1
chr19,510663,510954,2,"1,3",1,0,1
chr19,572173,572429,2,"2,3",0,1,1
chr19,633503,633831,2,"1,3",1,0,1
chr19,796837,797181,2,"1,3",1,0,1
chr19,892995,893551,2,"1,3",1,0,1
chr19,1102422,1102675,2,"1,3",1,0,1
chr19,1102675,1102778,3,"1,2,3",1,1,1
chr19,1102778,1102931,2,"2,3",0,1,1
chr19,1240261,1240517,2,"2,3",0,1,1
chr19,1248771,1249127,2,"1,3",1,0,1
chr19,1260236,1260522,2,"1,3",1,0,1
chr19,1344711,1345067,2,"1,3",1,0,1
chr19,1383728,1383755,2,"2,3",0,1,1
chr19,1383755,1383984,3,"1,2,3",1,1,1
chr19,1848728,1848984,2,"2,3",0,1,1
chr19,2168961,2169217,2,"2,3",0,1,1
chr19,2269374,2269630,2,"2,3",0,1,1
chr19,2427499,2427549,2,"2,3",0,1,1
chr19,2427549,2427755,3,"1,2,3",1,1,1
chr19,2427755,2427905,2,"1,3",1,0,1
chr19,2478825,2479083,2,"1,3",1,0,1
chr19,2607864,2608120,2,"2,3",0,1,1
chr19,2620753,2620828,2,"2,3",0,1,1
chr19,2620828,2620995,3,"1,2,3",1,1,1
chr19,2620995,2621007,2,"2,3",0,1,1
chr19,2621785,2622030,2,"1,3",1,0,1
chr19,2740067,2740323,2,"2,3",0,1,1
chr19,2783349,2783687,2,"1,3",1,0,1
chr19,2819686,2820042,2,"1,3",1,0,1
chr19,3061225,3061581,2,"1,3",1,0,1
chr19,3062638,3062910,2,"1,3",1,0,1
chr19,3178560,3178916,2,"1,3",1,0,1
chr19,3185515,3185871,2,"1,3",1,0,1
chr19,3761661,3761831,2,"1,3",1,0,1
chr19,3762889,3762943,2,"1,3",1,0,1
chr19,3762943,3763199,3,"1,2,3",1,1,1
chr19,3763199,3763245,2,"1,3",1,0,1
chr19,4060458,4060567,2,"1,3",1,0,1
chr19,4182298,4182654,2,"1,3",1,0,1
chr19,4400613,4400841,2,"2,3",0,1,1
chr19,4639009,4639567,2,"1,3",1,0,1
chr19,4723715,4724071,2,"1,3",1,0,1
chr19,4791335,4791361,2,"1,3",1,0,1
chr19,4791361,4791617,3,"1,2,3",1,1,1
chr19,4791617,4791691,2,"1,3",1,0,1
chr19,5791036,5791292,2,"2,3",0,1,1
chr19,5904132,5904388,2,"2,3",0,1,1
chr19,6425000,6425256,2,"2,3",0,1,1
chr19,6577377,6577733,2,"1,3",1,0,1
chr19,6577880,6578229,2,"1,3",1,0,1
chr19,7345459,7345815,2,"1,3",1,0,1
chr19,7522459,7522715,2,"2,3",0,1,1
chr19,7535586,7535842,2,"2,3",0,1,1
chr19,8569097,8569383,2,"1,3",1,0,1
chr19,10113027,10113383,2,"1,3",1,0,1
chr19,10252057,10252070,2,"1,3",1,0,1
chr19,10252070,10252326,3,"1,2,3",1,1,1
chr19,10252326,10252413,2,"1,3",1,0,1
chr19,10258966,10259322,2,"1,3",1,0,1
chr19,10269546,10269685,2,"2,3",0,1,1
chr19,10416557,10416619,2,"1,3",1,0,1
chr19,10416619,10416875,3,"1,2,3",1,1,1
chr19,10416875,10416913,2,"1,3",1,0,1
chr19,10836374,10836378,2,"2,3",0,1,1
chr19,10836489,10836630,2,"2,3",0,1,1
chr19,10928644,10928900,2,"2,3",0,1,1
chr19,10963569,10963817,2,"2,3",0,1,1
chr19,11205883,11205932,2,"1,3",1,0,1
chr19,11205932,11206188,3,"1,2,3",1,1,1
chr19,11206188,11206239,2,"1,3",1,0,1
chr19,11374492,11374533,2,"1,3",1,0,1
chr19,11435278,11435634,2,"1,3",1,0,1
chr19,11528787,11529143,2,"1,3",1,0,1
chr19,11536015,11536271,2,"2,3",0,1,1
chr19,11568169,11568198,2,"2,3",0,1,1
chr19,11568198,11568425,3,"1,2,3",1,1,1
chr19,11568425,11568554,2,"1,3",1,0,1
chr19,11584034,11584038,2,"1,3",1,0,1
chr19,11584038,11584294,3,"1,2,3",1,1,1
chr19,11584294,11584310,2,"1,3",1,0,1
chr19,12613768,12614124,2,"1,3",1,0,1
chr19,12793529,12793647,2,"1,3",1,0,1
chr19,12793647,12793885,3,"1,2,3",1,1,1
chr19,12793885,12793903,2,"2,3",0,1,1
chr19,12933672,12933935,2,"1,3",1,0,1
chr19,13155829,13156185,2,"1,3",1,0,1
chr19,14006549,14006805,2,"2,3",0,1,1
chr19,14091336,14091592,2,"2,3",0,1,1
chr19,14136840,14137096,2,"2,3",0,1,1
chr19,14381112,14381368,2,"2,3",0,1,1
chr19,14418158,14418427,2,"1,3",1,0,1
chr19,14571961,14572217,2,"2,3",0,1,1
chr19,15418707,15418963,2,"2,3",0,1,1
chr19,16076318,16076574,2,"2,3",0,1,1
chr19,16118503,16118859,2,"1,3",1,0,1
chr19,16141143,16141350,2,"1,3",1,0,1
chr19,16197674,16197930,2,"2,3",0,1,1
chr19,16496200,16496456,2,"2,3",0,1,1
chr19,16584390,16584653,2,"1,3",1,0,1
chr19,16588463,16588748,2,"1,3",1,0,1
chr19,16588748,16588794,3,"1,2,3",1,1,1
chr19,16629006,16629233,2,"1,3",1,0,1
chr19,16661654,16661889,2,"1,3",1,0,1
chr19,17075366,17075622,2,"2,3",0,1,1
chr19,17305932,17306282,2,"1,3",1,0,1
chr19,17337379,17337635,2,"2,3",0,1,1
chr19,17511979,17512235,2,"2,3",0,1,1
chr19,17938251,17938507,2,"2,3",0,1,1
chr19,18192879,18193235,2,"1,3",1,0,1
chr19,18290356,18290712,2,"1,3",1,0,1
chr19,18831817,18832073,2,"2,3",0,1,1
chr19,19192070,19192326,2,"2,3",0,1,1
chr19,19320496,19320752,2,"2,3",0,1,1
chr19,19532257,19532513,2,"2,3",0,1,1
chr19,19597758,19597984,3,"1,2,3",1,1,1
chr19,19597984,19598041,2,"1,3",1,0,1
chr19,19643851,19644107,2,"2,3",0,1,1
chr19,21020327,21020610,2,"1,3",1,0,1
chr19,27793807,27793814,2,"1,3",1,0,1
chr19,27793814,27794070,3,"1,2,3",1,1,1
chr19,27794070,27794145,2,"1,3",1,0,1
chr19,29212651,29212834,2,"1,3",1,0,1
chr19,29704927,29704970,2,"1,3",1,0,1
chr19,29704970,29705226,3,"1,2,3",1,1,1
chr19,29705226,29705283,2,"1,3",1,0,1
chr19,29811297,29811318,2,"2,3",0,1,1
chr19,29811318,29811481,3,"1,2,3",1,1,1
chr19,29811481,29811482,2,"1,3",1,0,1
chr19,32972081,32972337,2,"2,3",0,1,1
chr19,33176955,33177211,2,"2,3",0,1,1
chr19,34677169,34677425,2,"2,3",0,1,1
chr19,34734423,34734658,2,"1,3",1,0,1
chr19,35329008,35329264,2,"2,3",0,1,1
chr19,35408395,35408751,2,"1,3",1,0,1
chr19,35712916,35713272,2,"1,3",1,0,1
chr19,35748255,35748511,2,"2,3",0,1,1
chr19,35758146,35758502,2,"1,3",1,0,1
chr19,35931503,35931859,2,"1,3",1,0,1
chr19,36115167,36115423,2,"2,3",0,1,1
chr19,36772881,36773137,2,"2,3",0,1,1
chr19,37217859,37218317,2,"2,3",0,1,1
chr19,37317744,37318000,2,"2,3",0,1,1
chr19,37334440,37334796,2,"1,3",1,0,1
chr19,37370738,37371094,2,"1,3",1,0,1
chr19,38046280,38046297,2,"1,3",1,0,1
chr19,38046297,38046553,3,"1,2,3",1,1,1
chr19,38046553,38046636,2,"1,3",1,0,1
chr19,38544340,38544696,2,"1,3",1,0,1
chr19,38619122,38619300,2,"1,3",1,0,1
chr19,38857834,38857835,2,"1,3",1,0,1
chr19,38899892,38900248,2,"1,3",1,0,1
chr19,38930307,38930563,2,"2,3",0,1,1
chr19,39397706,39398053,2,"1,3",1,0,1
chr19,39401479,39401827,2,"1,3",1,0,1
chr19,39412566,39412822,2,"2,3",0,1,1
chr19,39435807,39436152,2,"1,3",1,0,1
chr19,39532777,39533033,2,"2,3",0,1,1
chr19,40348486,40348742,2,"2,3",0,1,1
chr19,40355973,40356329,2,"1,3",1,0,1
chr19,40466130,40466326,2,"1,3",1,0,1
chr19,40750421,40750501,3,"1,2,3",1,1,1
chr19,40750501,40750527,2,"1,3",1,0,1
chr19,40751190,40751343,2,"2,3",0,1,1
chr19,41310264,41310520,2,"2,3",0,1,1
chr19,41364039,41364395,2,"1,3",1,0,1
chr19,41884259,41884515,2,"2,3",0,1,1
chr19,41887847,41888099,2,"2,3",0,1,1
chr19,42201418,42201655,2,"2,3",0,1,1
chr19,42244766,42245022,2,"2,3",0,1,1
chr19,42269050,42269296,2,"2,3",0,1,1
chr19,42302465,42302721,2,"2,3",0,1,1
chr19,42420089,42420342,2,"1,3",1,0,1
chr19,43725504,43725860,2,"1,3",1,0,1
chr19,43763441,43763754,2,"1,3",1,0,1
chr19,44500487,44500843,2,"1,3",1,0,1
chr19,44890443,44890799,2,"1,3",1,0,1
chr19,45079108,45079364,2,"2,3",0,1,1
chr19,45092909,45093265,2,"1,3",1,0,1
chr19,45478599,45478855,2,"2,3",0,1,1
chr19,45478892,45479148,2,"2,3",0,1,1
chr19,45515148,45515174,2,"1,3",1,0,1
chr19,45515174,45515504,3,"1,2,3",1,1,1
chr19,45515504,45515636,2,"2,3",0,1,1
chr19,45667964,45668302,2,"1,3",1,0,1
chr19,45668839,45668855,2,"2,3",0,1,1
chr19,45668855,45669095,3,"1,2,3",1,1,1
chr19,45669095,45669412,2,"1,3",1,0,1
chr19,45730803,45731159,2,"1,3",1,0,1
chr19,45817254,45817510,2,"2,3",0,1,1
chr19,45863207,45863463,2,"2,3",0,1,1
chr19,45883397,45883621,3,"1,2,3",1,1,1
chr19,45883621,45883628,2,"2,3",0,1,1
chr19,46600815,46601171,2,"1,3",1,0,1
chr19,46618656,46618806,2,"1,3",1,0,1
chr19,46618806,46618978,3,"1,2,3",1,1,1
chr19,46618978,46618999,2,"2,3",0,1,1
chr19,47048741,47048997,2,"2,3",0,1,1
chr19,47226151,47226507,2,"1,3",1,0,1
chr19,47227076,47227267,2,"1,3",1,0,1
chr19,47483798,47484024,2,"2,3",0,1,1
chr19,48333187,48333384,2,"1,3",1,0,1
chr19,48469030,48469286,2,"2,3",0,1,1
chr19,48619086,48619442,2,"1,3",1,0,1
chr19,48637512,48637868,2,"1,3",1,0,1
chr19,48644898,48645154,2,"2,3",0,1,1
chr19,48788204,48788440,2,"2,3",0,1,1
chr19,48795281,48795637,2,"1,3",1,0,1
chr19,48963852,48964015,2,"1,3",1,0,1
chr19,49085107,49085363,2,"2,3",0,1,1
chr19,49580469,49580725,2,"2,3",0,1,1
chr19,49676449,49676507,2,"1,3",1,0,1
chr19,49676634,49676805,2,"1,3",1,0,1
chr19,49895282,49895496,2,"1,3",1,0,1
chr19,50341067,50341419,2,"1,3",1,0,1
chr19,50358841,50358853,2,"1,3",1,0,1
chr19,50358853,50358894,3,"1,2,3",1,1,1
chr19,50376396,50376652,2,"2,3",0,1,1
chr19,50804518,50804774,2,"2,3",0,1,1
chr19,51441633,51441665,2,"1,3",1,0,1
chr19,51441665,51441921,3,"1,2,3",1,1,1
chr19,51441921,51441989,2,"1,3",1,0,1
chr19,51986671,51987027,2,"1,3",1,0,1
chr19,52527070,52527323,2,"2,3",0,1,1
chr19,54325198,54325537,2,"1,3",1,0,1
chr19,54654895,54655251,2,"1,3",1,0,1
chr19,55461148,55461238,2,"2,3",0,1,1
chr19,55461238,55461302,3,"1,2,3",1,1,1
chr19,55461524,55461684,2,"1,3",1,0,1
chr19,55643466,55643722,2,"2,3",0,1,1
chr19,55678170,55678526,2,"1,3",1,0,1
chr19,56080839,56081195,2,"1,3",1,0,1
chr19,56120305,56120657,2,"1,3",1,0,1
chr19,56314422,56314679,2,"1,3",1,0,1
chr19,57240551,57240907,2,"1,3",1,0,1
chr19,57280252,57280608,2,"1,3",1,0,1
chr19,57363341,57363697,2,"1,3",1,0,1
chr19,57389798,57390154,2,"1,3",1,0,1
chr19,57916376,57916732,2,"1,3",1,0,1
chr19,58380599,58380706,2,"1,3",1,0,1
chr19,58380706,58380924,3,"1,2,3",1,1,1
chr19,58380924,58380962,2,"2,3",0,1,1
chr19,58381201,58381457,2,"2,3",0,1,1
chr19,58514001,58514257,2,"2,3",0,1,1
chr19,58519808,58520064,2,"2,3",0,1,1
chr2,264732,264988,2,"2,3",0,1,1
chr2,3518701,3518957,2,"2,3",0,1,1
chr2,3575012,3575041,2,"1,3",1,0,1
chr2,3575041,3575297,3,"1,2,3",1,1,1
chr2,3575297,3575368,2,"1,3",1,0,1
chr2,3651722,3651779,2,"1,3",1,0,1
chr2,3651779,3652035,3,"1,2,3",1,1,1
chr2,3652035,3652078,2,"1,3",1,0,1
chr2,8681919,8682275,2,"1,3",1,0,1
chr2,9423283,9423305,2,"1,3",1,0,1
chr2,9423305,9423561,3,"1,2,3",1,1,1
chr2,9423561,9423639,2,"1,3",1,0,1
chr2,10434937,10435243,2,"1,3",1,0,1
chr2,11746904,11747019,2,"1,3",1,0,1
chr2,15591687,15591943,2,"2,3",0,1,1
chr2,17753904,17754242,2,"1,3",1,0,1
chr2,19348244,19348500,2,"2,3",0,1,1
chr2,19901882,19902138,2,"2,3",0,1,1
chr2,20051596,20051852,2,"2,3",0,1,1
chr2,20051914,20052170,2,"2,3",0,1,1
chr2,23926128,23926484,2,"1,3",1,0,1
chr2,24076245,24076501,2,"2,3",0,1,1
chr2,24123250,24123442,2,"1,3",1,0,1
chr2,24123442,24123606,3,"1,2,3",1,1,1
chr2,24123606,24123948,2,"2,3",0,1,1
chr2,24971455,24971811,2,"1,3",1,0,1
chr2,25361991,25362247,2,"2,3",0,1,1
chr2,25376783,25376936,2,"2,3",0,1,1
chr2,25376936,25377039,3,"1,2,3",1,1,1
chr2,25377039,25377292,2,"1,3",1,0,1
chr2,27212354,27212610,2,"2,3",0,1,1
chr2,27890357,27890713,2,"1,3",1,0,1
chr2,32165452,32165708,2,"2,3",0,1,1
chr2,32277897,32278153,2,"2,3",0,1,1
chr2,32356789,32357348,2,"1,3",1,0,1
chr2,37231391,37231747,2,"1,3",1,0,1
chr2,38751228,38751484,2,"2,3",0,1,1
chr2,44168082,44168138,2,"2,3",0,1,1
chr2,44168138,44168338,3,"1,2,3",1,1,1
chr2,44168338,44168494,2,"1,3",1,0,1
chr2,54569842,54569913,2,"1,3",1,0,1
chr2,54569913,54570166,3,"1,2,3",1,1,1
chr2,54723238,54723594,2,"1,3",1,0,1
chr2,55617728,55618042,2,"1,3",1,0,1
chr2,61017085,61017341,2,"2,3",0,1,1
chr2,61707972,61708033,2,"1,3",1,0,1
chr2,61708033,61708289,3,"1,2,3",1,1,1
chr2,61708289,61708328,2,"1,3",1,0,1
chr2,61853973,61854229,2,"2,3",0,1,1
chr2,63588765,63588805,2,"1,3",1,0,1
chr2,63588805,63589061,3,"1,2,3",1,1,1
chr2,63589061,63589121,2,"1,3",1,0,1
chr2,63840813,63841169,2,"1,3",1,0,1
chr2,64653686,64654262,2,"1,3",1,0,1
chr2,65227540,65227796,2,"2,3",0,1,1
chr2,65431534,65431790,2,"2,3",0,1,1
chr2,68441695,68442051,2,"1,3",1,0,1
chr2,69893838,69894025,2,"2,3",0,1,1
chr2,70069100,70069456,2,"1,3",1,0,1
chr2,70086510,70086972,2,"2,3",0,1,1
chr2,70142647,70142903,2,"2,3",0,1,1
chr2,71068147,71068787,2,"1,3",1,0,1
chr2,71130279,71130481,2,"1,3",1,0,1
chr2,71130481,71130635,3,"1,2,3",1,1,1
chr2,71130635,71130737,2,"2,3",0,1,1
chr2,72916447,72916803,2,"1,3",1,0,1
chr2,73780006,73780043,2,"2,3",0,1,1
chr2,73780043,73780262,3,"1,2,3",1,1,1
chr2,73780262,73780394,2,"1,3",1,0,1
chr2,74421559,74421815,2,"2,3",0,1,1
chr2,74454840,74455096,2,"2,3",0,1,1
chr2,74554215,74554571,2,"1,3",1,0,1
chr2,74958501,74958757,2,"2,3",0,1,1
chr2,84817258,84817614,2,"1,3",1,0,1
chr2,84905598,84905854,2,"2,3",0,1,1
chr2,84925757,84925868,2,"2,3",0,1,1
chr2,85728836,85729373,2,"1,3",1,0,1
chr2,86106075,86106431,2,"1,3",1,0,1
chr2,86199340,86199627,2,"1,3",1,0,1
chr2,86440640,86440817,2,"1,3",1,0,1
chr2,88627955,88628211,2,"2,3",0,1,1
chr2,88691352,88691383,2,"1,3",1,0,1
chr2,88691383,88691639,3,"1,2,3",1,1,1
chr2,88691639,88691707,2,"1,3",1,0,1
chr2,95165425,95165681,2,"2,3",0,1,1
chr2,95402611,95402681,2,"1,3",1,0,1
chr2,95402681,95402937,3,"1,2,3",1,1,1
chr2,95402937,95402967,2,"1,3",1,0,1
chr2,96145128,96145270,2,"1,3",1,0,1
chr2,96145270,96145484,3,"1,2,3",1,1,1
chr2,96145484,96145526,2,"2,3",0,1,1
chr2,96146131,96146487,2,"1,3",1,0,1
chr2,96208809,96209147,2,"1,3",1,0,1
chr2,96265923,96266279,2,"1,3",1,0,1
chr2,96638217,96638244,2,"1,3",1,0,1
chr2,96638244,96638500,3,"1,2,3",1,1,1
chr2,96638500,96638573,2,"1,3",1,0,1
chr2,96857915,96858171,2,"2,3",0,1,1
chr2,97645932,97646288,2,"1,3",1,0,1
chr2,98766259,98766538,2,"1,3",1,0,1
chr2,100588059,100588415,2,"1,3",1,0,1
chr2,102240808,102240870,2,"1,3",1,0,1
chr2,102240870,102241126,3,"1,2,3",1,1,1
chr2,102241126,102241164,2,"1,3",1,0,1
chr2,111219469,111219725,2,"2,3",0,1,1
chr2,112542328,112542684,2,"1,3",1,0,1
chr2,112626596,112626952,2,"1,3",1,0,1
chr2,120223104,120223460,2,"1,3",1,0,1
chr2,121530870,121531226,2,"1,3",1,0,1
chr2,128090900,128091239,2,"1,3",1,0,1
chr2,134918580,134918836,2,"2,3",0,1,1
chr2,136381993,136382063,2,"2,3",0,1,1
chr2,136382063,136382190,3,"1,2,3",1,1,1
chr2,136382190,136382249,2,"2,3",0,1,1
chr2,148020795,148021051,2,"2,3",0,1,1
chr2,169573780,169573823,2,"1,3",1,0,1
chr2,169573823,169574079,3,"1,2,3",1,1,1
chr2,169574079,169574098,2,"1,3",1,0,1
chr2,170928838,170929393,2,"1,3",1,0,1
chr2,174032013,174032369,2,"1,3",1,0,1
chr2,174487322,174487678,2,"1,3",1,0,1
chr2,175180823,175181167,2,"1,3",1,0,1
chr2,175181675,175181682,2,"1,3",1,0,1
chr2,175181682,175181909,3,"1,2,3",1,1,1
chr2,175181909,175181936,2,"2,3",0,1,1
chr2,176269366,176269722,2,"1,3",1,0,1
chr2,177264797,177265053,2,"2,3",0,1,1
chr2,178112295,178112551,2,"2,3",0,1,1
chr2,178414741,178414997,2,"2,3",0,1,1
chr2,181106771,181107127,2,"1,3",1,0,1
chr2,181305601,181305623,2,"2,3",0,1,1
chr2,181305623,181305800,3,"1,2,3",1,1,1
chr2,181305800,181305857,2,"2,3",0,1,1
chr2,183214389,183214515,2,"1,3",1,0,1
chr2,188234923,188235225,2,"1,3",1,0,1
chr2,190533852,190534720,2,"1,3",1,0,1
chr2,190880752,190881008,2,"2,3",0,1,1
chr2,195536078,195536434,2,"1,3",1,0,1
chr2,196068317,196068573,2,"2,3",0,1,1
chr2,196639634,196639990,2,"1,3",1,0,1
chr2,196799570,196799901,2,"1,3",1,0,1
chr2,197199003,197199359,2,"1,3",1,0,1
chr2,197453192,197453448,2,"2,3",0,1,1
chr2,197499866,197500122,2,"2,3",0,1,1
chr2,197515824,197516080,2,"2,3",0,1,1
chr2,197705527,197706020,2,"1,3",1,0,1
chr2,198874410,198874766,2,"1,3",1,0,1
chr2,200889176,200889432,2,"2,3",0,1,1
chr2,201071709,201071748,2,"1,3",1,0,1
chr2,201071748,201072004,3,"1,2,3",1,1,1
chr2,201072004,201072065,2,"1,3",1,0,1
chr2,202634535,202634865,2,"1,3",1,0,1
chr2,206159176,206159421,2,"1,3",1,0,1
chr2,206159421,206159443,3,"1,2,3",1,1,1
chr2,206159443,206159677,2,"2,3",0,1,1
chr2,206765395,206765651,2,"2,3",0,1,1
chr2,208025456,208025712,2,"2,3",0,1,1
chr2,216412242,216412498,2,"2,3",0,1,1
chr2,218330303,218330652,2,"1,3",1,0,1
chr2,218396358,218396614,2,"2,3",0,1,1
chr2,219176261,219176517,2,"2,3",0,1,1
chr2,219253735,219253991,2,"2,3",0,1,1
chr2,219254557,219254592,2,"1,3",1,0,1
chr2,219254592,219254791,3,"1,2,3",1,1,1
chr2,219277725,219277890,2,"2,3",0,1,1
chr2,223957210,223957566,2,"1,3",1,0,1
chr2,226836444,226836586,2,"2,3",0,1,1
chr2,227325071,227325327,2,"2,3",0,1,1
chr2,227766505,227766629,2,"2,3",0,1,1
chr2,230976680,230977009,2,"1,3",1,0,1
chr2,230984728,230985084,2,"1,3",1,0,1
chr2,231706885,231707275,2,"1,3",1,0,1
chr2,231786216,231786282,2,"1,3",1,0,1
chr2,231786282,231786538,3,"1,2,3",1,1,1
chr2,231786538,231786572,2,"1,3",1,0,1
chr2,231961363,231961719,2,"1,3",1,0,1
chr2,240025230,240025586,2,"1,3",1,0,1
chr2,241314978,241315259,2,"1,3",1,0,1
chr2,241637457,241637813,2,"1,3",1,0,1
chr20,324242,324598,2,"1,3",1,0,1
chr20,347890,348012,2,"1,3",1,0,1
chr20,348030,348286,2,"2,3",0,1,1
chr20,1118394,1118650,2,"2,3",0,1,1
chr20,1466775,1467031,2,"2,3",0,1,1
chr20,1722267,1722623,2,"1,3",1,0,1
chr20,2664030,2664286,2,"2,3",0,1,1
chr20,3159862,3159865,2,"1,3",1,0,1
chr20,3159865,3159984,3,"1,2,3",1,1,1
chr20,3159984,3160121,2,"2,3",0,1,1
chr20,3795767,3795776,2,"2,3",0,1,1
chr20,3795776,3795989,3,"1,2,3",1,1,1
chr20,3795989,3796023,2,"2,3",0,1,1
chr20,3820616,3820972,2,"1,3",1,0,1
chr20,3846718,3846974,2,"2,3",0,1,1
chr20,5120073,5120417,2,"1,3",1,0,1
chr20,10433862,10434218,2,"1,3",1,0,1
chr20,10435030,10435386,2,"1,3",1,0,1
chr20,13785241,13785597,2,"1,3",1,0,1
chr20,16729780,16729834,2,"1,3",1,0,1
chr20,16729834,16730090,3,"1,2,3",1,1,1
chr20,16730090,16730136,2,"1,3",1,0,1
chr20,17968314,17968659,2,"1,3",1,0,1
chr20,17968659,17968668,3,"1,2,3",1,1,1
chr20,17968668,17969147,2,"2,3",0,1,1
chr20,18003879,18004235,2,"1,3",1,0,1
chr20,21303040,21303396,2,"1,3",1,0,1
chr20,31951988,31952244,2,"2,3",0,1,1
chr20,32035468,32035669,2,"1,3",1,0,1
chr20,32358203,32358559,2,"1,3",1,0,1
chr20,32820319,32820551,2,"1,3",1,0,1
chr20,33401435,33401691,2,"2,3",0,1,1
chr20,33667961,33668217,2,"2,3",0,1,1
chr20,33811008,33811264,2,"2,3",0,1,1
chr20,34112470,34112471,2,"2,3",0,1,1
chr20,34365830,34366129,2,"1,3",1,0,1
chr20,34704537,34704827,2,"1,3",1,0,1
chr20,34708980,34709598,2,"1,3",1,0,1
chr20,35743247,35743476,2,"1,3",1,0,1
chr20,35954338,35954694,2,"1,3",1,0,1
chr20,36605358,36605714,2,"1,3",1,0,1
chr20,37095979,37096335,2,"1,3",1,0,1
chr20,37179132,37179388,2,"2,3",0,1,1
chr20,37289567,37289823,2,"2,3",0,1,1
chr20,38094355,38094387,2,"2,3",0,1,1
chr20,38094387,38094486,3,"1,2,3",1,1,1
chr20,38094486,38094599,2,"2,3",0,1,1
chr20,38435234,38435490,2,"2,3",0,1,1
chr20,38446552,38446808,2,"2,3",0,1,1
chr20,38806417,38806767,2,"1,3",1,0,1
chr20,38806869,38806972,2,"1,3",1,0,1
chr20,41340063,41340319,2,"2,3",0,1,1
chr20,44210488,44211044,2,"1,3",1,0,1
chr20,44959756,44959980,2,"1,3",1,0,1
chr20,45771161,45771517,2,"1,3",1,0,1
chr20,45857553,45857809,2,"2,3",0,1,1
chr20,45891054,45891410,2,"1,3",1,0,1
chr20,46364139,46364495,2,"1,3",1,0,1
chr20,48741054,48741121,2,"1,3",1,0,1
chr20,49278451,49278707,2,"2,3",0,1,1
chr20,50929389,50929704,2,"1,3",1,0,1
chr20,50931445,50931974,2,"1,3",1,0,1
chr20,56392086,56392642,2,"1,3",1,0,1
chr20,57389411,57389767,2,"1,3",1,0,1
chr20,57389952,57390208,2,"2,3",0,1,1
chr20,58306779,58307050,2,"1,3",1,0,1
chr20,58651057,58651110,2,"1,3",1,0,1
chr20,58651110,58651366,3,"1,2,3",1,1,1
chr20,58651366,58651413,2,"1,3",1,0,1
chr20,59004699,59004955,2,"2,3",0,1,1
chr20,59032027,59032383,2,"1,3",1,0,1
chr20,59042276,59042632,2,"1,3",1,0,1
chr20,62182720,62183076,2,"1,3",1,0,1
chr20,62652018,62652374,2,"1,3",1,0,1
chr20,63627142,63627398,2,"2,3",0,1,1
chr20,63707761,63708117,2,"1,3",1,0,1
chr20,63864127,63864383,2,"2,3",0,1,1
chr20,63956308,63956564,2,"2,3",0,1,1
chr20,64062990,64063246,2,"2,3",0,1,1
chr21,25734875,25735231,2,"1,3",1,0,1
chr21,29024519,29024609,2,"1,3",1,0,1
chr21,29024609,29024865,3,"1,2,3",1,1,1
chr21,29024865,29024875,2,"1,3",1,0,1
chr21,31659559,31659915,2,"1,3",1,0,1
chr21,33325368,33325624,2,"2,3",0,1,1
chr21,33915606,33915962,2,"1,3",1,0,1
chr21,33924020,33924063,2,"1,3",1,0,1
chr21,33924063,33924319,3,"1,2,3",1,1,1
chr21,33924319,33924376,2,"1,3",1,0,1
chr21,37267747,37268103,2,"1,3",1,0,1
chr21,42010209,42010465,2,"2,3",0,1,1
chr21,42415540,42415584,2,"1,3",1,0,1
chr21,42415584,42415783,3,"1,2,3",1,1,1
chr21,43810823,43811079,2,"2,3",0,1,1
chr21,44012549,44013106,2,"1,3",1,0,1
chr21,44339397,44339652,2,"2,3",0,1,1
chr21,44939782,44939840,2,"1,3",1,0,1
chr21,44939840,44940096,3,"1,2,3",1,1,1
chr21,44940096,44940138,2,"1,3",1,0,1
chr21,45641113,45641422,2,"1,3",1,0,1
chr21,46458124,46458282,2,"1,3",1,0,1
chr21,46458282,46458538,3,"1,2,3",1,1,1
chr21,46458538,46458713,2,"1,3",1,0,1
chr22,17638703,17638855,2,"2,3",0,1,1
chr22,19432320,19432370,2,"1,3",1,0,1
chr22,19432370,19432626,3,"1,2,3",1,1,1
chr22,19432626,19432705,2,"1,3",1,0,1
chr22,20117072,20117156,2,"1,3",1,0,1
chr22,20117156,20117615,3,"1,2,3",1,1,1
chr22,20117615,20117638,2,"1,3",1,0,1
chr22,20117721,20118077,2,"1,3",1,0,1
chr22,21629947,21630203,2,"2,3",0,1,1
chr22,21938152,21938508,2,"1,3",1,0,1
chr22,21982699,21982955,2,"2,3",0,1,1
chr22,22195379,22195468,2,"2,3",0,1,1
chr22,22195468,22195824,3,"1,2,3",1,1,1
chr22,22195824,22195841,2,"2,3",0,1,1
chr22,22901697,22901953,2,"2,3",0,1,1
chr22,22928822,22929178,2,"1,3",1,0,1
chr22,23767667,23767819,2,"1,3",1,0,1
chr22,23850361,23850708,2,"1,3",1,0,1
chr22,24555788,24556063,2,"1,3",1,0,1
chr22,26428706,26429062,2,"1,3",1,0,1
chr22,26483705,26483751,2,"1,3",1,0,1
chr22,26483751,26484007,3,"1,2,3",1,1,1
chr22,26484007,26484061,2,"1,3",1,0,1
chr22,29208972,29209107,2,"1,3",1,0,1
chr22,30426565,30426794,2,"2,3",0,1,1
chr22,30592150,30592406,2,"2,3",0,1,1
chr22,31345796,31346052,2,"2,3",0,1,1
chr22,31754091,31754227,2,"1,3",1,0,1
chr22,31944487,31944743,2,"2,3",0,1,1
chr22,33920998,33921254,2,"2,3",0,1,1
chr22,35128256,35128442,2,"1,3",1,0,1
chr22,35257382,35257638,2,"2,3",0,1,1
chr22,36860762,36861042,2,"1,3",1,0,1
chr22,37162370,37162388,2,"1,3",1,0,1
chr22,37162388,37162644,3,"1,2,3",1,1,1
chr22,37162644,37162706,2,"1,3",1,0,1
chr22,37163645,37164001,2,"1,3",1,0,1
chr22,37230485,37231057,2,"1,3",1,0,1
chr22,38656486,38656742,2,"2,3",0,1,1
chr22,38681785,38682141,2,"1,3",1,0,1
chr22,38700935,38701191,2,"2,3",0,1,1
chr22,38705643,38706058,2,"1,3",1,0,1
chr22,39299796,39299865,2,"1,3",1,0,1
chr22,39299865,39300121,3,"1,2,3",1,1,1
chr22,39300121,39300152,2,"1,3",1,0,1
chr22,39319448,39319613,2,"2,3",0,1,1
chr22,39319613,39319704,3,"1,2,3",1,1,1
chr22,39319704,39319969,2,"1,3",1,0,1
chr22,39502180,39502182,2,"2,3",0,1,1
chr22,39502182,39502436,3,"1,2,3",1,1,1
chr22,39502436,39502538,2,"1,3",1,0,1
chr22,39529209,39529223,2,"1,3",1,0,1
chr22,39529223,39529479,3,"1,2,3",1,1,1
chr22,39529479,39529528,2,"1,3",1,0,1
chr22,40819042,40819298,2,"2,3",0,1,1
chr22,40856916,40857172,2,"2,3",0,1,1
chr22,41425733,41425947,2,"1,3",1,0,1
chr22,41469154,41469639,2,"1,3",1,0,1
chr22,42090596,42090952,2,"1,3",1,0,1
chr22,42615198,42615260,2,"1,3",1,0,1
chr22,42615260,42615516,3,"1,2,3",1,1,1
chr22,42615516,42615554,2,"1,3",1,0,1
chr22,43143286,43143542,2,"2,3",0,1,1
chr22,43798384,43798740,2,"1,3",1,0,1
chr22,45679251,45679749,2,"1,3",1,0,1
chr22,47918587,47918627,2,"1,3",1,0,1
chr22,47918627,47918883,3,"1,2,3",1,1,1
chr22,47918883,47918892,2,"1,3",1,0,1
chr22,49936084,49936101,2,"1,3",1,0,1
chr22,49936101,49936440,3,"1,2,3",1,1,1
chr22,49936440,49936553,2,"2,3",0,1,1
chr22,49970880,49971236,2,"1,3",1,0,1
chr22,50244882,50245238,2,"1,3",1,0,1
chr22,50508069,50508325,2,"2,3",0,1,1
chr22,50525424,50525780,2,"1,3",1,0,1
chr22,50531024,50531280,2,"2,3",0,1,1
chr22,50539411,50539767,2,"1,3",1,0,1
chr3,4493057,4493302,2,"2,3",0,1,1
chr3,4977155,4977301,2,"1,3",1,0,1
chr3,9951635,9951991,2,"1,3",1,0,1
chr3,10025925,10026127,2,"1,3",1,0,1
chr3,10248160,10248516,2,"1,3",1,0,1
chr3,10321040,10321296,2,"2,3",0,1,1
chr3,12664067,12664323,2,"2,3",0,1,1
chr3,14124298,14124654,2,"1,3",1,0,1
chr3,14651416,14651513,2,"1,3",1,0,1
chr3,14651513,14651769,3,"1,2,3",1,1,1
chr3,14651769,14651772,2,"1,3",1,0,1
chr3,15050396,15050752,2,"1,3",1,0,1
chr3,15064978,15065334,2,"1,3",1,0,1
chr3,16927561,16927835,2,"1,3",1,0,1
chr3,28241287,28241800,2,"1,3",1,0,1
chr3,31531951,31531998,2,"1,3",1,0,1
chr3,31531998,31532307,3,"1,2,3",1,1,1
chr3,31532307,31532468,2,"2,3",0,1,1
chr3,32947722,32947757,2,"1,3",1,0,1
chr3,32947757,32948013,3,"1,2,3",1,1,1
chr3,32948013,32948078,2,"1,3",1,0,1
chr3,32992742,32993098,2,"1,3",1,0,1
chr3,36993510,36993766,2,"2,3",0,1,1
chr3,37139761,37140117,2,"1,3",1,0,1
chr3,38164867,38165223,2,"1,3",1,0,1
chr3,39288450,39288875,2,"1,3",1,0,1
chr3,40453148,40453504,2,"1,3",1,0,1
chr3,41199254,41199610,2,"1,3",1,0,1
chr3,42012744,42012780,2,"1,3",1,0,1
chr3,42012780,42013100,3,"1,2,3",1,1,1
chr3,42013100,42013240,2,"2,3",0,1,1
chr3,42804033,42804289,2,"2,3",0,1,1
chr3,44648649,44648905,2,"2,3",0,1,1
chr3,44761536,44762114,2,"1,3",1,0,1
chr3,45388427,45388783,2,"1,3",1,0,1
chr3,45388907,45389041,2,"2,3",0,1,1
chr3,45689039,45689295,2,"2,3",0,1,1
chr3,46369780,46370136,2,"1,3",1,0,1
chr3,47282515,47282871,2,"1,3",1,0,1
chr3,47380358,47380799,2,"1,3",1,0,1
chr3,47475816,47476172,2,"1,3",1,0,1
chr3,48301266,48301394,2,"1,3",1,0,1
chr3,48301394,48301622,3,"1,2,3",1,1,1
chr3,48301622,48301650,2,"2,3",0,1,1
chr3,48473004,48473563,2,"1,3",1,0,1
chr3,49021315,49021571,2,"2,3",0,1,1
chr3,49021890,49022146,2,"2,3",0,1,1
chr3,49120539,49120579,2,"1,3",1,0,1
chr3,49120579,49120835,3,"1,2,3",1,1,1
chr3,49120835,49120895,2,"1,3",1,0,1
chr3,50227559,50227815,2,"2,3",0,1,1
chr3,50292387,50292643,2,"2,3",0,1,1
chr3,50350861,50351117,2,"2,3",0,1,1
chr3,50359512,50359554,2,"1,3",1,0,1
chr3,50359554,50359810,3,"1,2,3",1,1,1
chr3,50359810,50359868,2,"1,3",1,0,1
chr3,50590862,50590939,2,"1,3",1,0,1
chr3,50590939,50591174,3,"1,2,3",1,1,1
chr3,50600939,50600993,2,"1,3",1,0,1
chr3,50600993,50601249,3,"1,2,3",1,1,1
chr3,50601249,50601295,2,"1,3",1,0,1
chr3,51390972,51391328,2,"1,3",1,0,1
chr3,51538546,51538802,2,"2,3",0,1,1
chr3,51995772,51996088,2,"1,3",1,0,1
chr3,52277741,52277782,2,"1,3",1,0,1
chr3,52277782,52277891,3,"1,2,3",1,1,1
chr3,52278067,52278097,2,"1,3",1,0,1
chr3,52287720,52287976,2,"2,3",0,1,1
chr3,52313777,52314126,2,"1,3",1,0,1
chr3,52410612,52410868,2,"2,3",0,1,1
chr3,53072699,53072955,2,"2,3",0,1,1
chr3,57068508,57068561,2,"1,3",1,0,1
chr3,57068561,57068817,3,"1,2,3",1,1,1
chr3,57068817,57068864,2,"1,3",1,0,1
chr3,57597273,57597629,2,"1,3",1,0,1
chr3,58306423,58306679,2,"2,3",0,1,1
chr3,64023372,64023628,2,"2,3",0,1,1
chr3,100400919,100401275,2,"1,3",1,0,1
chr3,112128942,112129209,2,"1,3",1,0,1
chr3,112991020,112991376,2,"1,3",1,0,1
chr3,113736930,113737120,2,"1,3",1,0,1
chr3,113746218,113746489,2,"1,3",1,0,1
chr3,113948030,113948386,2,"1,3",1,0,1
chr3,119498301,119498557,2,"2,3",0,1,1
chr3,119600617,119600973,2,"1,3",1,0,1
chr3,121660520,121660611,2,"1,3",1,0,1
chr3,121660611,121660867,3,"1,2,3",1,1,1
chr3,121660867,121660876,2,"1,3",1,0,1
chr3,122384088,122384344,2,"2,3",0,1,1
chr3,124730484,124730740,2,"2,3",0,1,1
chr3,125141746,125142002,2,"2,3",0,1,1
chr3,126982212,126982568,2,"1,3",1,0,1
chr3,128680725,128680982,2,"1,3",1,0,1
chr3,128680982,128681238,3,"1,2,3",1,1,1
chr3,128681238,128681303,2,"1,3",1,0,1
chr3,128725810,128725855,2,"1,3",1,0,1
chr3,128725855,128726111,3,"1,2,3",1,1,1
chr3,128726111,128726166,2,"1,3",1,0,1
chr3,129316179,129316435,2,"2,3",0,1,1
chr3,133661705,133662220,2,"1,3",1,0,1
chr3,133662286,133662343,2,"1,3",1,0,1
chr3,136752703,136753059,2,"1,3",1,0,1
chr3,141311733,141311989,2,"2,3",0,1,1
chr3,143001462,143001917,2,"2,3",0,1,1
chr3,149752355,149752405,2,"1,3",1,0,1
chr3,149752405,149752661,3,"1,2,3",1,1,1
chr3,149752661,149752711,2,"1,3",1,0,1
chr3,150703907,150704163,2,"2,3",0,1,1
chr3,157088641,157088897,3,"1,2,3",1,1,1
chr3,157088897,157088997,2,"1,3",1,0,1
chr3,157160077,157160080,2,"2,3",0,1,1
chr3,157160080,157160333,3,"1,2,3",1,1,1
chr3,157160333,157160436,2,"1,3",1,0,1
chr3,157160673,157161013,2,"1,3",1,0,1
chr3,158644377,158644633,2,"2,3",0,1,1
chr3,167734743,167734999,2,"2,3",0,1,1
chr3,178519115,178519471,2,"1,3",1,0,1
chr3,179323217,179323797,2,"1,3",1,0,1
chr3,179604778,179605112,2,"1,3",1,0,1
chr3,183636591,183636633,2,"1,3",1,0,1
chr3,183636633,183636889,3,"1,2,3",1,1,1
chr3,183636889,183636947,2,"1,3",1,0,1
chr3,183884789,183885045,2,"2,3",0,1,1
chr3,184174559,184174722,2,"1,3",1,0,1
chr3,184248795,184249051,2,"2,3",0,1,1
chr3,184811952,184812206,2,"2,3",0,1,1
chr3,185498886,185499142,2,"2,3",0,1,1
chr3,193593047,193593051,2,"2,3",0,1,1
chr3,193593051,193593303,3,"1,2,3",1,1,1
chr3,193593303,193593407,2,"1,3",1,0,1
chr3,196503546,196503902,2,"1,3",1,0,1
chr3,197950050,197950406,2,"1,3",1,0,1
chr4,337393,337749,2,"1,3",1,0,1
chr4,1021617,1021973,2,"1,3",1,0,1
chr4,2469345,2469556,2,"2,3",0,1,1
chr4,2469556,2469601,3,"1,2,3",1,1,1
chr4,2469601,2469979,2,"1,3",1,0,1
chr4,2746348,2746604,2,"2,3",0,1,1
chr4,3532382,3532638,2,"2,3",0,1,1
chr4,4541910,4541920,2,"1,3",1,0,1
chr4,4541920,4542176,3,"1,2,3",1,1,1
chr4,4542176,4542487,2,"1,3",1,0,1
chr4,10413205,10413521,2,"1,3",1,0,1
chr4,13627697,13628053,2,"1,3",1,0,1
chr4,14125422,14125778,2,"1,3",1,0,1
chr4,21952573,21952929,2,"1,3",1,0,1
chr4,25312564,25312920,2,"1,3",1,0,1
chr4,26583877,26584133,2,"2,3",0,1,1
chr4,36285904,36286224,2,"1,3",1,0,1
chr4,38818484,38818939,2,"2,3",0,1,1
chr4,39458443,39458641,2,"2,3",0,1,1
chr4,39458774,39459030,2,"2,3",0,1,1
chr4,39626454,39626650,2,"1,3",1,0,1
chr4,39764222,39764578,2,"1,3",1,0,1
chr4,40200056,40200312,2,"2,3",0,1,1
chr4,40317066,40317203,2,"1,3",1,0,1
chr4,40317203,40317422,3,"1,2,3",1,1,1
chr4,40317422,40317459,2,"2,3",0,1,1
chr4,42657500,42657756,2,"2,3",0,1,1
chr4,53653528,53653544,2,"1,3",1,0,1
chr4,53653544,53653800,3,"1,2,3",1,1,1
chr4,53653800,53653884,2,"1,3",1,0,1
chr4,55395570,55395926,2,"1,3",1,0,1
chr4,56387283,56387639,2,"1,3",1,0,1
chr4,57164110,57164320,2,"1,3",1,0,1
chr4,73069788,73070044,2,"2,3",0,1,1
chr4,75514202,75514806,2,"1,3",1,0,1
chr4,77862505,77862861,2,"1,3",1,0,1
chr4,82374043,82374299,2,"2,3",0,1,1
chr4,83455917,83456173,2,"2,3",0,1,1
chr4,98929974,98930215,2,"2,3",0,1,1
chr4,105708523,105708606,2,"1,3",1,0,1
chr4,105708606,105708862,3,"1,2,3",1,1,1
chr4,105708862,105708879,2,"1,3",1,0,1
chr4,108620412,108620768,2,"1,3",1,0,1
chr4,112637319,112637575,2,"2,3",0,1,1
chr4,114603510,114603614,2,"2,3",0,1,1
chr4,114603614,114603751,3,"1,2,3",1,1,1
chr4,114603751,114603766,2,"2,3",0,1,1
chr4,118591494,118591850,2,"1,3",1,0,1
chr4,121200839,121201195,2,"1,3",1,0,1
chr4,121823822,121824078,2,"2,3",0,1,1
chr4,122732450,122732920,2,"2,3",0,1,1
chr4,139030695,139030951,2,"2,3",0,1,1
chr4,139295677,139296011,2,"1,3",1,0,1
chr4,139301133,139301389,2,"2,3",0,1,1
chr4,139301539,139301795,2,"2,3",0,1,1
chr4,139453234,139453590,2,"1,3",1,0,1
chr4,140372868,140373069,2,"1,3",1,0,1
chr4,151099593,151099849,2,"2,3",0,1,1
chr4,152536044,152536300,2,"2,3",0,1,1
chr4,183504680,183504936,2,"2,3",0,1,1
chr4,184267810,184268166,2,"1,3",1,0,1
chr4,184288502,184288858,2,"1,3",1,0,1
chr4,184815398,184815498,2,"1,3",1,0,1
chr4,184815498,184815754,3,"1,2,3",1,1,1
chr4,185142923,185143279,2,"1,3",1,0,1
chr4,189940568,189940924,2,"1,3",1,0,1
chr5,400027,400383,2,"1,3",1,0,1
chr5,1801223,1801579,2,"1,3",1,0,1
chr5,5422090,5422446,2,"1,3",1,0,1
chr5,10684699,10685041,2,"1,3",1,0,1
chr5,14664173,14664522,2,"1,3",1,0,1
chr5,33440843,33441199,2,"1,3",1,0,1
chr5,34915387,34915516,2,"1,3",1,0,1
chr5,34915516,34915743,3,"1,2,3",1,1,1
chr5,34915743,34915772,2,"2,3",0,1,1
chr5,40755888,40756211,2,"1,3",1,0,1
chr5,40834933,40835255,2,"1,3",1,0,1
chr5,40835255,40835493,3,"1,2,3",1,1,1
chr5,40835493,40835511,2,"2,3",0,1,1
chr5,43601950,43602174,2,"1,3",1,0,1
chr5,53560520,53560844,2,"1,3",1,0,1
chr5,56201130,56201486,2,"1,3",1,0,1
chr5,61162256,61162612,2,"1,3",1,0,1
chr5,61332074,61332312,2,"2,3",0,1,1
chr5,65563228,65563484,2,"2,3",0,1,1
chr5,68215307,68215663,2,"1,3",1,0,1
chr5,68434201,68434457,2,"2,3",0,1,1
chr5,69218178,69218429,2,"1,3",1,0,1
chr5,74767022,74767043,2,"1,3",1,0,1
chr5,74767043,74767299,3,"1,2,3",1,1,1
chr5,74767299,74767378,2,"1,3",1,0,1
chr5,76721230,76721538,2,"1,3",1,0,1
chr5,78758117,78758149,2,"1,3",1,0,1
chr5,78758149,78758405,3,"1,2,3",1,1,1
chr5,78758405,78758473,2,"1,3",1,0,1
chr5,79991125,79991381,2,"2,3",0,1,1
chr5,80125419,80125610,2,"1,3",1,0,1
chr5,80125610,80125749,3,"1,2,3",1,1,1
chr5,80125882,80125984,2,"1,3",1,0,1
chr5,82278051,82278628,2,"1,3",1,0,1
chr5,86618313,86618481,2,"2,3",0,1,1
chr5,88268787,88268829,2,"1,3",1,0,1
chr5,88268829,88269085,3,"1,2,3",1,1,1
chr5,88269085,88269143,2,"1,3",1,0,1
chr5,103120039,103120052,2,"1,3",1,0,1
chr5,103120052,103120308,3,"1,2,3",1,1,1
chr5,103120308,103120395,2,"1,3",1,0,1
chr5,111092143,111092176,2,"1,3",1,0,1
chr5,111092176,111092404,3,"1,2,3",1,1,1
chr5,111092404,111092432,2,"2,3",0,1,1
chr5,111512301,111512557,2,"2,3",0,1,1
chr5,116576207,116576398,2,"2,3",0,1,1
chr5,123520795,123521102,2,"1,3",1,0,1
chr5,129095060,129095316,2,"2,3",0,1,1
chr5,132414774,132414983,2,"1,3",1,0,1
chr5,132422740,132422975,3,"1,2,3",1,1,1
chr5,132422975,132423000,2,"1,3",1,0,1
chr5,132663389,132663645,2,"2,3",0,1,1
chr5,133266194,133266437,2,"2,3",0,1,1
chr5,134004103,134004193,2,"1,3",1,0,1
chr5,134004193,134004449,3,"1,2,3",1,1,1
chr5,134004449,134004459,2,"1,3",1,0,1
chr5,134226018,134226374,2,"1,3",1,0,1
chr5,134525214,134525437,2,"1,3",1,0,1
chr5,134632786,134633042,2,"2,3",0,1,1
chr5,134648441,134648536,2,"1,3",1,0,1
chr5,134648536,134648792,3,"1,2,3",1,1,1
chr5,134648792,134648797,2,"1,3",1,0,1
chr5,134758510,134758866,2,"1,3",1,0,1
chr5,134904633,134904670,2,"2,3",0,1,1
chr5,134904670,134904889,3,"1,2,3",1,1,1
chr5,134904889,134905026,2,"1,3",1,0,1
chr5,138543451,138543807,2,"1,3",1,0,1
chr5,139293485,139293702,2,"1,3",1,0,1
chr5,139747248,139747342,2,"1,3",1,0,1
chr5,139747342,139747598,3,"1,2,3",1,1,1
chr5,139747598,139747604,2,"1,3",1,0,1
chr5,139848366,139848622,2,"2,3",0,1,1
chr5,141970379,141970573,2,"1,3",1,0,1
chr5,148383716,148384275,2,"1,3",1,0,1
chr5,149551420,149551483,2,"1,3",1,0,1
chr5,149551483,149551739,3,"1,2,3",1,1,1
chr5,149551739,149551776,2,"1,3",1,0,1
chr5,150350505,150350574,2,"1,3",1,0,1
chr5,150350574,150350830,3,"1,2,3",1,1,1
chr5,150350830,150350844,2,"1,3",1,0,1
chr5,150449831,150450187,2,"1,3",1,0,1
chr5,151093979,151094299,2,"1,3",1,0,1
chr5,151094512,151094778,2,"1,3",1,0,1
chr5,154938140,154938396,2,"2,3",0,1,1
chr5,157743363,157743524,2,"1,3",1,0,1
chr5,157743524,157743780,3,"1,2,3",1,1,1
chr5,157743780,157743926,2,"1,3",1,0,1
chr5,160468217,160468428,2,"2,3",0,1,1
chr5,170338911,170339026,2,"1,3",1,0,1
chr5,171387533,171387789,2,"2,3",0,1,1
chr5,172959298,172959554,2,"2,3",0,1,1
chr5,173616646,173616902,2,"2,3",0,1,1
chr5,176388821,176388854,2,"1,3",1,0,1
chr5,176388854,176388918,3,"1,2,3",1,1,1
chr5,176388918,176389110,2,"2,3",0,1,1
chr5,176537693,176537985,2,"1,3",1,0,1
chr5,177494317,177494537,2,"1,3",1,0,1
chr5,181223332,181223688,2,"1,3",1,0,1
chr6,291774,292030,2,"2,3",0,1,1
chr6,5261323,5261579,2,"2,3",0,1,1
chr6,6684595,6684951,2,"1,3",1,0,1
chr6,6931091,6931420,2,"1,3",1,0,1
chr6,10404464,10404744,2,"1,3",1,0,1
chr6,10694690,10694946,2,"2,3",0,1,1
chr6,13574661,13575017,2,"1,3",1,0,1
chr6,13575214,13575444,2,"1,3",1,0,1
chr6,13795118,13795341,2,"1,3",1,0,1
chr6,15245615,15245871,2,"2,3",0,1,1
chr6,16420017,16420373,2,"1,3",1,0,1
chr6,17706811,17707159,2,"1,3",1,0,1
chr6,20427944,20427954,2,"2,3",0,1,1
chr6,20427954,20428200,3,"1,2,3",1,1,1
chr6,20428200,20428310,2,"1,3",1,0,1
chr6,26020401,26020657,2,"2,3",0,1,1
chr6,26156678,26156808,2,"2,3",0,1,1
chr6,26188407,26188663,2,"2,3",0,1,1
chr6,26234629,26234767,2,"2,3",0,1,1
chr6,26234767,26235084,3,"1,2,3",1,1,1
chr6,26235084,26235123,2,"1,3",1,0,1
chr6,26285656,26285694,2,"2,3",0,1,1
chr6,26285694,26285912,3,"1,2,3",1,1,1
chr6,26285912,26286030,2,"1,3",1,0,1
chr6,26537219,26537717,2,"1,3",1,0,1
chr6,27892915,27893171,2,"2,3",0,1,1
chr6,28080752,28080806,2,"1,3",1,0,1
chr6,28080806,28081062,3,"1,2,3",1,1,1
chr6,28081062,28081108,2,"1,3",1,0,1
chr6,28081423,28081701,2,"1,3",1,0,1
chr6,28225148,28225404,2,"2,3",0,1,1
chr6,28863596,28863817,2,"2,3",0,1,1
chr6,28941391,28941463,2,"1,3",1,0,1
chr6,28941463,28941719,3,"1,2,3",1,1,1
chr6,28941719,28941747,2,"1,3",1,0,1
chr6,29723339,29723899,2,"1,3",1,0,1
chr6,30556677,30556708,2,"1,3",1,0,1
chr6,30556708,30556964,3,"1,2,3",1,1,1
chr6,30556964,30557033,2,"1,3",1,0,1
chr6,30617733,30618089,2,"1,3",1,0,1
chr6,30647482,30647960,2,"1,3",1,0,1
chr6,30679022,30679364,2,"1,3",1,0,1
chr6,30742761,30743017,2,"2,3",0,1,1
chr6,31542197,31542205,2,"2,3",0,1,1
chr6,31542205,31542453,3,"1,2,3",1,1,1
chr6,31542453,31542516,2,"1,3",1,0,1
chr6,31547349,31547604,3,"1,2,3",1,1,1
chr6,31547604,31547649,2,"1,3",1,0,1
chr6,31652128,31652384,2,"2,3",0,1,1
chr6,31971788,31971892,2,"1,3",1,0,1
chr6,31971892,31972144,3,"1,2,3",1,1,1
chr6,31972144,31972148,2,"2,3",0,1,1
chr6,32086673,32087029,2,"1,3",1,0,1
chr6,32854044,32854299,2,"2,3",0,1,1
chr6,32968412,32968702,2,"1,3",1,0,1
chr6,32970649,32970819,2,"1,3",1,0,1
chr6,32972250,32972496,2,"2,3",0,1,1
chr6,33323036,33323292,2,"2,3",0,1,1
chr6,33570771,33571028,2,"1,3",1,0,1
chr6,33789017,33789373,2,"1,3",1,0,1
chr6,34224068,34224102,2,"1,3",1,0,1
chr6,34224102,34224358,3,"1,2,3",1,1,1
chr6,34224358,34224424,2,"1,3",1,0,1
chr6,34696909,34697265,2,"1,3",1,0,1
chr6,36360509,36360865,2,"1,3",1,0,1
chr6,36594253,36594685,2,"2,3",0,1,1
chr6,36874614,36874870,2,"2,3",0,1,1
chr6,37432984,37433092,2,"1,3",1,0,1
chr6,37433092,37433340,3,"1,2,3",1,1,1
chr6,37433340,37433348,2,"2,3",0,1,1
chr6,37819129,37819178,2,"2,3",0,1,1
chr6,37819178,37819385,3,"1,2,3",1,1,1
chr6,37819385,37819534,2,"1,3",1,0,1
chr6,41713710,41713718,2,"2,3",0,1,1
chr6,41713718,41713966,3,"1,2,3",1,1,1
chr6,41713966,41713991,2,"1,3",1,0,1
chr6,41735511,41735782,2,"1,3",1,0,1
chr6,41779925,41780181,2,"2,3",0,1,1
chr6,41921263,41921619,2,"1,3",1,0,1
chr6,42563901,42564257,2,"1,3",1,0,1
chr6,42726627,42726647,2,"2,3",0,1,1
chr6,42726647,42726837,3,"1,2,3",1,1,1
chr6,42726837,42726883,2,"2,3",0,1,1
chr6,42879501,42879857,2,"1,3",1,0,1
chr6,43575990,43576246,2,"2,3",0,1,1
chr6,43773397,43773608,3,"1,2,3",1,1,1
chr6,44001459,44001763,2,"1,3",1,0,1
chr6,44247161,44247202,2,"2,3",0,1,1
chr6,44247387,44247417,2,"2,3",0,1,1
chr6,44257574,44257930,2,"1,3",1,0,1
chr6,44338556,44338586,2,"1,3",1,0,1
chr6,44338586,44338842,3,"1,2,3",1,1,1
chr6,44338842,44338866,2,"1,3",1,0,1
chr6,53348877,53349133,2,"2,3",0,1,1
chr6,70857274,70857463,2,"1,3",1,0,1
chr6,73520900,73521156,2,"2,3",0,1,1
chr6,88963410,88963666,2,"2,3",0,1,1
chr6,88963717,88963973,2,"2,3",0,1,1
chr6,89298974,89299221,2,"2,3",0,1,1
chr6,99568494,99568850,2,"1,3",1,0,1
chr6,106519425,106519526,2,"2,3",0,1,1
chr6,107028352,107028447,2,"1,3",1,0,1
chr6,107028447,107028703,3,"1,2,3",1,1,1
chr6,107028703,107028708,2,"1,3",1,0,1
chr6,108565966,108566211,2,"1,3",1,0,1
chr6,110981624,110982181,2,"1,3",1,0,1
chr6,111259398,111259805,2,"1,3",1,0,1
chr6,113858949,113859223,2,"1,3",1,0,1
chr6,113971294,113971666,2,"1,3",1,0,1
chr6,115363254,115363696,2,"1,3",1,0,1
chr6,116571103,116571124,2,"1,3",1,0,1
chr6,116571124,116571380,3,"1,2,3",1,1,1
chr6,116571380,116571659,2,"1,3",1,0,1
chr6,130697765,130698268,2,"1,3",1,0,1
chr6,131628109,131628151,2,"1,3",1,0,1
chr6,131628151,131628407,3,"1,2,3",1,1,1
chr6,131628407,131628465,2,"1,3",1,0,1
chr6,132279690,132279946,2,"2,3",0,1,1
chr6,132814518,132814774,2,"2,3",0,1,1
chr6,134247371,134247627,2,"2,3",0,1,1
chr6,135054718,135055074,2,"1,3",1,0,1
chr6,139374631,139374887,2,"2,3",0,1,1
chr6,142147063,142147319,2,"2,3",0,1,1
chr6,143450607,143450863,2,"2,3",0,1,1
chr6,145350201,145350282,2,"1,3",1,0,1
chr6,145350282,145350538,3,"1,2,3",1,1,1
chr6,145350538,145350557,2,"1,3",1,0,1
chr6,145736023,145736203,2,"1,3",1,0,1
chr6,149032599,149033281,2,"1,3",1,0,1
chr6,157323303,157323659,2,"1,3",1,0,1
chr6,157571211,157571342,2,"1,3",1,0,1
chr6,158518248,158518604,2,"1,3",1,0,1
chr6,159042644,159042872,2,"1,3",1,0,1
chr6,166383136,166383492,2,"1,3",1,0,1
chr6,167151195,167151212,2,"1,3",1,0,1
chr6,167151212,167151468,3,"1,2,3",1,1,1
chr6,167151468,167151551,2,"1,3",1,0,1
chr6,169751487,169751743,2,"2,3",0,1,1
chr7,1024408,1024664,2,"2,3",0,1,1
chr7,2637520,2637813,2,"1,3",1,0,1
chr7,5530495,5530751,2,"2,3",0,1,1
chr7,5592760,5593016,2,"2,3",0,1,1
chr7,6637735,6637991,2,"2,3",0,1,1
chr7,7640723,7641079,2,"1,3",1,0,1
chr7,10939947,10940303,2,"1,3",1,0,1
chr7,10940468,10940814,2,"1,3",1,0,1
chr7,19708821,19709177,2,"1,3",1,0,1
chr7,20329548,20329904,2,"1,3",1,0,1
chr7,25125130,25125154,2,"2,3",0,1,1
chr7,25125154,25125386,3,"1,2,3",1,1,1
chr7,25125386,25125510,2,"1,3",1,0,1
chr7,26200622,26200833,2,"2,3",0,1,1
chr7,26201120,26201476,2,"1,3",1,0,1
chr7,28621492,28621894,2,"1,3",1,0,1
chr7,30179035,30179345,2,"1,3",1,0,1
chr7,31688395,31688446,2,"1,3",1,0,1
chr7,31688446,31688702,3,"1,2,3",1,1,1
chr7,31688702,31688751,2,"1,3",1,0,1
chr7,33129205,33129561,2,"1,3",1,0,1
chr7,40134492,40134848,2,"1,3",1,0,1
chr7,42932140,42932597,2,"2,3",0,1,1
chr7,44082263,44082619,2,"1,3",1,0,1
chr7,44606826,44606912,2,"1,3",1,0,1
chr7,44606912,44607168,3,"1,2,3",1,1,1
chr7,44607168,44607182,2,"1,3",1,0,1
chr7,44796089,44796170,2,"2,3",0,1,1
chr7,44796170,44796341,3,"1,2,3",1,1,1
chr7,44796341,44796348,2,"1,3",1,0,1
chr7,44885585,44885841,2,"2,3",0,1,1
chr7,45111520,45111583,2,"1,3",1,0,1
chr7,45111583,45111839,3,"1,2,3",1,1,1
chr7,45111839,45111876,2,"1,3",1,0,1
chr7,47979513,47979828,2,"1,3",1,0,1
chr7,47991739,47992095,2,"1,3",1,0,1
chr7,48088738,48088763,2,"1,3",1,0,1
chr7,48088763,48089019,3,"1,2,3",1,1,1
chr7,48089019,48089094,2,"1,3",1,0,1
chr7,56106433,56106447,2,"2,3",0,1,1
chr7,56106447,56106689,3,"1,2,3",1,1,1
chr7,56106689,56106803,2,"1,3",1,0,1
chr7,66844840,66844908,2,"1,3",1,0,1
chr7,66844908,66845164,3,"1,2,3",1,1,1
chr7,66845164,66845196,2,"1,3",1,0,1
chr7,75914952,75915208,2,"2,3",0,1,1
chr7,76047893,76048249,2,"1,3",1,0,1
chr7,76178086,76178442,2,"1,3",1,0,1
chr7,76318736,76318996,2,"1,3",1,0,1
chr7,76359207,76359463,2,"2,3",0,1,1
chr7,77122261,77122617,2,"1,3",1,0,1
chr7,87875999,87876355,2,"1,3",1,0,1
chr7,87933899,87934255,2,"1,3",1,0,1
chr7,90245056,90245412,2,"1,3",1,0,1
chr7,98106690,98107046,2,"1,3",1,0,1
chr7,99380912,99381151,2,"1,3",1,0,1
chr7,99466034,99466390,2,"1,3",1,0,1
chr7,99551963,99552319,2,"1,3",1,0,1
chr7,99616935,99617191,2,"2,3",0,1,1
chr7,100221207,100221608,2,"1,3",1,0,1
chr7,100450500,100450540,2,"2,3",0,1,1
chr7,100450540,100450690,3,"1,2,3",1,1,1
chr7,100450690,100450756,2,"2,3",0,1,1
chr7,100586052,100586308,2,"2,3",0,1,1
chr7,100705907,100706163,2,"2,3",0,1,1
chr7,100889453,100889709,2,"2,3",0,1,1
chr7,103149405,103149761,2,"1,3",1,0,1
chr7,103344637,103344646,2,"2,3",0,1,1
chr7,103344646,103344893,3,"1,2,3",1,1,1
chr7,103344893,103344932,2,"1,3",1,0,1
chr7,104922892,104923148,2,"2,3",0,1,1
chr7,104943477,104943664,2,"2,3",0,1,1
chr7,105012427,105012659,2,"2,3",0,1,1
chr7,105012716,105012972,2,"2,3",0,1,1
chr7,118183932,118184288,2,"1,3",1,0,1
chr7,123557596,123557952,2,"1,3",1,0,1
chr7,123748907,123749043,2,"1,3",1,0,1
chr7,123749043,123749299,3,"1,2,3",1,1,1
chr7,123749299,123749474,2,"1,3",1,0,1
chr7,129224758,129225351,2,"1,3",1,0,1
chr7,130070328,130070584,2,"2,3",0,1,1
chr7,131107908,131107973,2,"2,3",0,1,1
chr7,135170717,135170973,2,"2,3",0,1,1
chr7,135662252,135662608,2,"1,3",1,0,1
chr7,139133591,139133847,2,"2,3",0,1,1
chr7,139341146,139341704,2,"1,3",1,0,1
chr7,140924867,140925219,2,"1,3",1,0,1
chr7,141014709,141015065,2,"1,3",1,0,1
chr7,148575673,148575966,2,"1,3",1,0,1
chr7,149028472,149028728,2,"2,3",0,1,1
chr7,149126134,149126490,2,"1,3",1,0,1
chr7,149195424,149195780,2,"1,3",1,0,1
chr7,151080770,151081026,2,"2,3",0,1,1
chr7,152463939,152464195,2,"2,3",0,1,1
chr7,155644011,155644267,2,"2,3",0,1,1
chr7,155644340,155644596,2,"2,3",0,1,1
chr8,6736763,6737119,2,"1,3",1,0,1
chr8,19817100,19817142,2,"1,3",1,0,1
chr8,19817142,19817398,3,"1,2,3",1,1,1
chr8,19817398,19817456,2,"1,3",1,0,1
chr8,22705121,22705377,2,"2,3",0,1,1
chr8,23489980,23490336,2,"1,3",1,0,1
chr8,28412029,28412285,2,"2,3",0,1,1
chr8,28890057,28890207,2,"1,3",1,0,1
chr8,28890207,28890413,3,"1,2,3",1,1,1
chr8,28890413,28890463,2,"2,3",0,1,1
chr8,29529746,29530002,2,"2,3",0,1,1
chr8,29555384,29555444,2,"1,3",1,0,1
chr8,29555444,29555700,3,"1,2,3",1,1,1
chr8,29555700,29555740,2,"1,3",1,0,1
chr8,37401843,37402199,2,"1,3",1,0,1
chr8,38134393,38134729,2,"1,3",1,0,1
chr8,41578115,41578729,2,"1,3",1,0,1
chr8,42152718,42152974,2,"2,3",0,1,1
chr8,42153099,42153355,2,"2,3",0,1,1
chr8,42385463,42385744,2,"1,3",1,0,1
chr8,47960647,47960903,2,"2,3",0,1,1
chr8,54134847,54135203,2,"1,3",1,0,1
chr8,55773444,55773759,2,"1,3",1,0,1
chr8,57343367,57343583,2,"2,3",0,1,1
chr8,60904168,60904424,2,"2,3",0,1,1
chr8,60909615,60909648,2,"2,3",0,1,1
chr8,60909648,60910004,3,"1,2,3",1,1,1
chr8,60910004,60910071,2,"2,3",0,1,1
chr8,60916494,60916850,2,"1,3",1,0,1
chr8,63168447,63169004,2,"1,3",1,0,1
chr8,65644867,65645123,2,"2,3",0,1,1
chr8,66438963,66439203,2,"2,3",0,1,1
chr8,66667033,66667289,2,"2,3",0,1,1
chr8,93975231,93975471,2,"2,3",0,1,1
chr8,95137767,95138123,2,"1,3",1,0,1
chr8,100386325,100386681,2,"1,3",1,0,1
chr8,100437987,100438343,2,"1,3",1,0,1
chr8,100499991,100500347,2,"1,3",1,0,1
chr8,100901562,100901918,2,"1,3",1,0,1
chr8,102528621,102529192,2,"1,3",1,0,1
chr8,102534611,102534867,2,"2,3",0,1,1
chr8,102655574,102655830,2,"2,3",0,1,1
chr8,102931652,102931725,2,"1,3",1,0,1
chr8,116766332,116766588,2,"2,3",0,1,1
chr8,123241241,123241497,2,"2,3",0,1,1
chr8,123416793,123417049,2,"2,3",0,1,1
chr8,124474581,124474937,2,"1,3",1,0,1
chr8,124539010,124539366,2,"1,3",1,0,1
chr8,125432096,125432316,2,"2,3",0,1,1
chr8,128048541,128048551,2,"1,3",1,0,1
chr8,128048551,128048807,3,"1,2,3",1,1,1
chr8,128048807,128048859,2,"1,3",1,0,1
chr8,130015187,130015264,2,"1,3",1,0,1
chr8,130015264,130015520,3,"1,2,3",1,1,1
chr8,130015520,130015543,2,"1,3",1,0,1
chr8,132775086,132775402,2,"1,3",1,0,1
chr8,140511478,140511734,2,"2,3",0,1,1
chr8,140633642,140633967,2,"1,3",1,0,1
chr8,141113231,141113515,2,"1,3",1,0,1
chr8,141119465,141119821,2,"1,3",1,0,1
chr8,143026151,143026186,2,"1,3",1,0,1
chr8,143026186,143026442,3,"1,2,3",1,1,1
chr8,143026442,143026507,2,"1,3",1,0,1
chr8,143281595,143281851,2,"2,3",0,1,1
chr8,143597430,143597686,2,"2,3",0,1,1
chr8,144078376,144078732,2,"1,3",1,0,1
chr8,144094966,144095024,2,"2,3",0,1,1
chr8,144095024,144095380,3,"1,2,3",1,1,1
chr8,144095380,144095421,2,"2,3",0,1,1
chr8,144409189,144409445,2,"2,3",0,1,1
chr8,144878726,144879304,2,"1,3",1,0,1
chr8,145052378,145052634,2,"2,3",0,1,1
chr9,6757148,6757404,2,"2,3",0,1,1
chr9,26892245,26892407,2,"1,3",1,0,1
chr9,33264021,33264314,2,"1,3",1,0,1
chr9,33264314,33264336,3,"1,2,3",1,1,1
chr9,33264336,33264570,2,"2,3",0,1,1
chr9,33290296,33290332,2,"1,3",1,0,1
chr9,33290332,33290588,3,"1,2,3",1,1,1
chr9,33290588,33290652,2,"1,3",1,0,1
chr9,35072444,35072700,2,"2,3",0,1,1
chr9,35096358,35096714,2,"1,3",1,0,1
chr9,35103140,35103396,2,"2,3",0,1,1
chr9,35611470,35611566,2,"2,3",0,1,1
chr9,35646761,35647117,2,"1,3",1,0,1
chr9,35657654,35657910,2,"2,3",0,1,1
chr9,35748988,35749344,2,"1,3",1,0,1
chr9,36258382,36258409,2,"1,3",1,0,1
chr9,36258409,36258665,3,"1,2,3",1,1,1
chr9,36258665,36258738,2,"1,3",1,0,1
chr9,37800560,37800916,2,"1,3",1,0,1
chr9,37913685,37913941,2,"2,3",0,1,1
chr9,40992044,40992400,2,"1,3",1,0,1
chr9,69035600,69035801,2,"2,3",0,1,1
chr9,69036336,69036355,2,"1,3",1,0,1
chr9,69036485,69036680,2,"1,3",1,0,1
chr9,86282217,86282573,2,"1,3",1,0,1
chr9,89318344,89318600,2,"2,3",0,1,1
chr9,92877936,92878292,2,"1,3",1,0,1
chr9,93064471,93064530,2,"2,3",0,1,1
chr9,93064530,93064619,3,"1,2,3",1,1,1
chr9,93064619,93064727,2,"2,3",0,1,1
chr9,93095260,93095500,3,"1,2,3",1,1,1
chr9,93095500,93095510,2,"1,3",1,0,1
chr9,93566407,93566728,2,"1,3",1,0,1
chr9,94166589,94166721,2,"1,3",1,0,1
chr9,94166721,94166945,3,"1,2,3",1,1,1
chr9,94166945,94166977,2,"2,3",0,1,1
chr9,94726425,94726681,2,"2,3",0,1,1
chr9,97503015,97503016,2,"1,3",1,0,1
chr9,97922041,97922368,2,"1,3",1,0,1
chr9,98129385,98129710,2,"1,3",1,0,1
chr9,104775354,104775710,2,"1,3",1,0,1
chr9,105191844,105192200,2,"1,3",1,0,1
chr9,106980627,106980983,2,"1,3",1,0,1
chr9,106981694,106982050,2,"1,3",1,0,1
chr9,111839429,111839785,2,"1,3",1,0,1
chr9,112028820,112029176,2,"1,3",1,0,1
chr9,112140529,112140885,2,"1,3",1,0,1
chr9,113340228,113340484,2,"2,3",0,1,1
chr9,113410116,113410472,2,"1,3",1,0,1
chr9,114388075,114388173,2,"1,3",1,0,1
chr9,114696859,114696875,2,"1,3",1,0,1
chr9,114696875,114697131,3,"1,2,3",1,1,1
chr9,114697131,114697215,2,"1,3",1,0,1
chr9,122264758,122265114,2,"1,3",1,0,1
chr9,124853129,124853385,2,"2,3",0,1,1
chr9,124861779,124862035,2,"2,3",0,1,1
chr9,126805781,126806037,2,"2,3",0,1,1
chr9,127735229,127735330,2,"1,3",1,0,1
chr9,127735330,127735585,3,"1,2,3",1,1,1
chr9,127735585,127735586,2,"2,3",0,1,1
chr9,127785005,127785022,3,"1,2,3",1,1,1
chr9,127785022,127785043,2,"1,3",1,0,1
chr9,128067272,128067528,2,"2,3",0,1,1
chr9,128067760,128067979,2,"2,3",0,1,1
chr9,128322447,128322464,2,"2,3",0,1,1
chr9,128322464,128322703,3,"1,2,3",1,1,1
chr9,128322703,128322820,2,"1,3",1,0,1
chr9,129178212,129178468,2,"2,3",0,1,1
chr9,131125430,131125686,2,"2,3",0,1,1
chr9,137188493,137188749,2,"2,3",0,1,1
chr9,137200898,137200971,2,"1,3",1,0,1
chr9,137200971,137201227,3,"1,2,3",1,1,1
chr9,137201227,137201254,2,"1,3",1,0,1
chr9,137240959,137241215,2,"2,3",0,1,1
chr9,137578739,137578995,2,"2,3",0,1,1
chrX,1391533,1391787,2,"2,3",0,1,1
chrX,1392234,1392333,2,"1,3",1,0,1
chrX,1392333,1392562,3,"1,2,3",1,1,1
chrX,1392562,1392640,2,"1,3",1,0,1
chrX,23907530,23907886,2,"1,3",1,0,1
chrX,41332915,41333271,2,"1,3",1,0,1
chrX,41442283,41442639,2,"1,3",1,0,1
chrX,41442787,41443109,2,"1,3",1,0,1
chrX,45753795,45754048,2,"1,3",1,0,1
chrX,47561235,47561491,2,"2,3",0,1,1
chrX,51803406,51803679,2,"1,3",1,0,1
chrX,52261496,52261752,2,"2,3",0,1,1
chrX,54440029,54440066,2,"2,3",0,1,1
chrX,54440066,54440285,3,"1,2,3",1,1,1
chrX,54440285,54440422,2,"1,3",1,0,1
chrX,71181746,71182102,2,"1,3",1,0,1
chrX,71622617,71622973,2,"1,3",1,0,1
chrX,73850821,73851062,3,"1,2,3",1,1,1
chrX,73851062,73851113,2,"1,3",1,0,1
chrX,73944140,73944396,2,"2,3",0,1,1
chrX,77899324,77899565,2,"1,3",1,0,1
chrX,104157178,104157439,2,"1,3",1,0,1
chrX,119469237,119469493,2,"2,3",0,1,1
chrX,119756271,119756527,2,"2,3",0,1,1
chrX,119871685,119872041,2,"1,3",1,0,1
chrX,155027046,155027402,2,"1,3",1,0,1
