chrom,start,end,num,list,ENCFF115KQV_RCOR1_sorted.bed,ENCFF312RVV_RCOR1_sorted.bed,../ATAC-seq/consensuspeaks_all_targets_10kb_sorted.bed
chr1,1064156,1064571,2,"1,3",1,0,1
chr1,1231780,1232029,2,"2,3",0,1,1
chr1,1232029,1232204,3,"1,2,3",1,1,1
chr1,1232204,1232353,2,"1,3",1,0,1
chr1,1375083,1375168,2,"1,3",1,0,1
chr1,1375168,1375503,3,"1,2,3",1,1,1
chr1,1375503,1375592,2,"2,3",0,1,1
chr1,1511552,1511976,2,"2,3",0,1,1
chr1,1778897,1779308,2,"2,3",0,1,1
chr1,3900483,3900510,2,"2,3",0,1,1
chr1,3900510,3900907,3,"1,2,3",1,1,1
chr1,3900907,3900930,2,"1,3",1,0,1
chr1,6235821,6236245,2,"2,3",0,1,1
chr1,6245098,6245446,3,"1,2,3",1,1,1
chr1,6245446,6245454,2,"1,3",1,0,1
chr1,6554324,6554336,2,"1,3",1,0,1
chr1,6554336,6554744,3,"1,2,3",1,1,1
chr1,6554744,6554760,2,"2,3",0,1,1
chr1,8427499,8427548,2,"2,3",0,1,1
chr1,8427548,8427923,3,"1,2,3",1,1,1
chr1,8427923,8427942,2,"1,3",1,0,1
chr1,9655051,9655652,2,"2,3",0,1,1
chr1,10210057,10210481,2,"2,3",0,1,1
chr1,10398665,10399299,2,"2,3",0,1,1
chr1,11908154,11908298,2,"2,3",0,1,1
chr1,11908298,11908578,3,"1,2,3",1,1,1
chr1,11908578,11908718,2,"1,3",1,0,1
chr1,12078547,12078967,2,"1,3",1,0,1
chr1,12157419,12157633,2,"2,3",0,1,1
chr1,15415922,15416342,2,"1,3",1,0,1
chr1,15834494,15834918,2,"2,3",0,1,1
chr1,15966103,15966319,2,"2,3",0,1,1
chr1,15966319,15966527,3,"1,2,3",1,1,1
chr1,15966527,15966733,2,"1,3",1,0,1
chr1,16366907,16367293,3,"1,2,3",1,1,1
chr1,16367293,16367564,2,"2,3",0,1,1
chr1,16905119,16905543,2,"2,3",0,1,1
chr1,19210175,19210599,2,"2,3",0,1,1
chr1,19596737,19596777,2,"2,3",0,1,1
chr1,19596777,19597161,3,"1,2,3",1,1,1
chr1,19597161,19597197,2,"1,3",1,0,1
chr1,21294389,21294809,2,"1,3",1,0,1
chr1,22451716,22451725,2,"2,3",0,1,1
chr1,22451725,22452140,3,"1,2,3",1,1,1
chr1,22452140,22452145,2,"1,3",1,0,1
chr1,23539804,23540201,2,"2,3",0,1,1
chr1,23577341,23577588,2,"2,3",0,1,1
chr1,24415409,24416038,2,"2,3",0,1,1
chr1,24965158,24965581,2,"2,3",0,1,1
chr1,25247179,25247599,2,"1,3",1,0,1
chr1,25430248,25430672,2,"2,3",0,1,1
chr1,25819987,25820714,2,"2,3",0,1,1
chr1,25998082,25998506,2,"2,3",0,1,1
chr1,26693232,26693349,2,"2,3",0,1,1
chr1,26695356,26695454,2,"1,3",1,0,1
chr1,26695454,26695776,3,"1,2,3",1,1,1
chr1,26695776,26695878,2,"2,3",0,1,1
chr1,26900233,26900254,2,"1,3",1,0,1
chr1,26900254,26900653,3,"1,2,3",1,1,1
chr1,26900653,26900678,2,"2,3",0,1,1
chr1,27725475,27725858,2,"2,3",0,1,1
chr1,28328867,28329291,2,"2,3",0,1,1
chr1,28505680,28506102,2,"2,3",0,1,1
chr1,28581653,28582289,2,"2,3",0,1,1
chr1,28648699,28649119,2,"1,3",1,0,1
chr1,28736414,28736834,2,"1,3",1,0,1
chr1,32072774,32073198,2,"2,3",0,1,1
chr1,32650843,32651216,2,"2,3",0,1,1
chr1,32817161,32817581,2,"1,3",1,0,1
chr1,32818944,32818946,2,"2,3",0,1,1
chr1,32818946,32819278,3,"1,2,3",1,1,1
chr1,36464100,36464726,2,"2,3",0,1,1
chr1,40040055,40040479,2,"2,3",0,1,1
chr1,40186432,40186481,2,"1,3",1,0,1
chr1,40186481,40186811,3,"1,2,3",1,1,1
chr1,40257890,40258314,2,"2,3",0,1,1
chr1,40450892,40451316,2,"2,3",0,1,1
chr1,40531395,40531819,2,"2,3",0,1,1
chr1,41751371,41751861,2,"2,3",0,1,1
chr1,43358636,43359060,2,"2,3",0,1,1
chr1,44030054,44030478,2,"2,3",0,1,1
chr1,44213204,44213628,2,"2,3",0,1,1
chr1,45339727,45340151,2,"2,3",0,1,1
chr1,45521692,45521840,2,"1,3",1,0,1
chr1,45521840,45522033,3,"1,2,3",1,1,1
chr1,45522033,45522112,2,"1,3",1,0,1
chr1,46303120,46303544,2,"2,3",0,1,1
chr1,51519274,51519513,2,"2,3",0,1,1
chr1,52636959,52637143,2,"1,3",1,0,1
chr1,52637143,52637567,3,"1,2,3",1,1,1
chr1,52637567,52637586,2,"1,3",1,0,1
chr1,52842630,52843054,2,"2,3",0,1,1
chr1,53368043,53368053,2,"2,3",0,1,1
chr1,53368053,53368363,3,"1,2,3",1,1,1
chr1,58573730,58574111,2,"2,3",0,1,1
chr1,58784117,58784537,2,"1,3",1,0,1
chr1,70354566,70354572,2,"1,3",1,0,1
chr1,70354572,70354986,3,"1,2,3",1,1,1
chr1,70354986,70354996,2,"2,3",0,1,1
chr1,71080894,71081314,2,"1,3",1,0,1
chr1,74733014,74733434,2,"1,3",1,0,1
chr1,77978990,77979037,2,"2,3",0,1,1
chr1,77979037,77979414,3,"1,2,3",1,1,1
chr1,77979414,77979656,2,"1,3",1,0,1
chr1,81598592,81599016,2,"2,3",0,1,1
chr1,86704298,86704722,2,"2,3",0,1,1
chr1,87449485,87449909,2,"2,3",0,1,1
chr1,87812930,87813354,2,"2,3",0,1,1
chr1,89358330,89358655,2,"2,3",0,1,1
chr1,92975575,92975929,2,"2,3",0,1,1
chr1,93078967,93078986,2,"1,3",1,0,1
chr1,93078986,93079387,3,"1,2,3",1,1,1
chr1,93079387,93079410,2,"2,3",0,1,1
chr1,93847395,93848016,2,"1,3",1,0,1
chr1,93878953,93879055,2,"2,3",0,1,1
chr1,93879055,93879377,3,"1,2,3",1,1,1
chr1,93879377,93879475,2,"1,3",1,0,1
chr1,103525723,103526147,2,"2,3",0,1,1
chr1,110034313,110034470,2,"1,3",1,0,1
chr1,110034470,110034624,3,"1,2,3",1,1,1
chr1,110034624,110034733,2,"1,3",1,0,1
chr1,110338750,110338770,2,"1,3",1,0,1
chr1,110338770,110339170,3,"1,2,3",1,1,1
chr1,110339170,110339194,2,"2,3",0,1,1
chr1,110875379,110875750,2,"2,3",0,1,1
chr1,111204073,111204497,2,"2,3",0,1,1
chr1,111449145,111449569,2,"2,3",0,1,1
chr1,111592842,111593266,2,"2,3",0,1,1
chr1,112390835,112391156,2,"2,3",0,1,1
chr1,112466292,112466712,2,"1,3",1,0,1
chr1,112955774,112956136,2,"1,3",1,0,1
chr1,112956136,112956560,3,"1,2,3",1,1,1
chr1,112956560,112956699,2,"1,3",1,0,1
chr1,114346466,114346890,2,"2,3",0,1,1
chr1,116418440,116418933,2,"2,3",0,1,1
chr1,119323646,119324012,2,"2,3",0,1,1
chr1,120850639,120851063,2,"2,3",0,1,1
chr1,144551478,144552104,2,"2,3",0,1,1
chr1,145281426,145281846,2,"1,3",1,0,1
chr1,147172326,147172374,2,"1,3",1,0,1
chr1,147172374,147172746,3,"1,2,3",1,1,1
chr1,147172746,147172798,2,"2,3",0,1,1
chr1,150149642,150150062,2,"1,3",1,0,1
chr1,150562752,150563137,2,"2,3",0,1,1
chr1,150579390,150579814,2,"2,3",0,1,1
chr1,151190005,151190390,2,"2,3",0,1,1
chr1,151790470,151790502,2,"2,3",0,1,1
chr1,151790502,151790922,3,"1,2,3",1,1,1
chr1,151790922,151790937,2,"2,3",0,1,1
chr1,153742360,153742705,2,"2,3",0,1,1
chr1,153805371,153805795,2,"2,3",0,1,1
chr1,153923124,153923476,2,"2,3",0,1,1
chr1,153945913,153946337,2,"2,3",0,1,1
chr1,153963400,153963824,2,"2,3",0,1,1
chr1,153986762,153987044,2,"2,3",0,1,1
chr1,154407290,154407710,2,"1,3",1,0,1
chr1,154974953,154975133,2,"2,3",0,1,1
chr1,154983112,154983536,2,"2,3",0,1,1
chr1,155000718,155001138,2,"2,3",0,1,1
chr1,155063884,155064508,2,"2,3",0,1,1
chr1,155244618,155245038,2,"1,3",1,0,1
chr1,155250622,155251046,2,"2,3",0,1,1
chr1,155859358,155859660,2,"1,3",1,0,1
chr1,155946142,155946562,2,"1,3",1,0,1
chr1,156213007,156213431,2,"2,3",0,1,1
chr1,156282693,156282784,2,"1,3",1,0,1
chr1,156282784,156282970,3,"1,2,3",1,1,1
chr1,156282970,156283113,2,"1,3",1,0,1
chr1,156500704,156501177,2,"2,3",0,1,1
chr1,156660065,156660684,2,"1,3",1,0,1
chr1,159076708,159077132,2,"2,3",0,1,1
chr1,159910402,159910826,2,"2,3",0,1,1
chr1,160795921,160796345,2,"2,3",0,1,1
chr1,161097582,161097871,2,"2,3",0,1,1
chr1,161166177,161166601,2,"2,3",0,1,1
chr1,161399398,161399822,2,"2,3",0,1,1
chr1,161531278,161531425,2,"2,3",0,1,1
chr1,162361667,162362091,2,"2,3",0,1,1
chr1,165768777,165768789,2,"2,3",0,1,1
chr1,165768789,165769201,3,"1,2,3",1,1,1
chr1,165769201,165769209,2,"1,3",1,0,1
chr1,167627887,167628069,2,"1,3",1,0,1
chr1,167628069,167628307,3,"1,2,3",1,1,1
chr1,167628307,167628493,2,"2,3",0,1,1
chr1,167714647,167715271,2,"2,3",0,1,1
chr1,167803293,167803648,2,"2,3",0,1,1
chr1,167936323,167936343,2,"1,3",1,0,1
chr1,167936343,167936743,3,"1,2,3",1,1,1
chr1,167936743,167936767,2,"2,3",0,1,1
chr1,168466820,168467179,2,"2,3",0,1,1
chr1,169485664,169486088,2,"2,3",0,1,1
chr1,170531931,170532010,2,"1,3",1,0,1
chr1,170532010,170532351,3,"1,2,3",1,1,1
chr1,170532351,170532634,2,"2,3",0,1,1
chr1,174157272,174157528,3,"1,2,3",1,1,1
chr1,174159121,174159535,2,"2,3",0,1,1
chr1,179882510,179882513,2,"2,3",0,1,1
chr1,179882513,179882933,3,"1,2,3",1,1,1
chr1,179882933,179882934,2,"2,3",0,1,1
chr1,179954491,179954518,2,"2,3",0,1,1
chr1,179954518,179954915,3,"1,2,3",1,1,1
chr1,179954915,179955139,2,"1,3",1,0,1
chr1,183471808,183471856,2,"2,3",0,1,1
chr1,183471856,183472276,3,"1,2,3",1,1,1
chr1,183472276,183472468,2,"2,3",0,1,1
chr1,184051445,184051534,2,"1,3",1,0,1
chr1,184051534,184051958,3,"1,2,3",1,1,1
chr1,184051958,184052072,2,"1,3",1,0,1
chr1,185156448,185156652,2,"2,3",0,1,1
chr1,192516849,192517273,2,"2,3",0,1,1
chr1,192575612,192576036,2,"2,3",0,1,1
chr1,192580475,192580804,2,"2,3",0,1,1
chr1,193121967,193122591,2,"2,3",0,1,1
chr1,198681807,198682223,2,"2,3",0,1,1
chr1,200866540,200866942,2,"2,3",0,1,1
chr1,200969939,200970363,2,"2,3",0,1,1
chr1,201019466,201019823,2,"2,3",0,1,1
chr1,201426757,201427181,2,"2,3",0,1,1
chr1,202810625,202810953,2,"1,3",1,0,1
chr1,202888482,202888617,2,"2,3",0,1,1
chr1,203287402,203287824,2,"2,3",0,1,1
chr1,203325897,203325975,2,"1,3",1,0,1
chr1,203328034,203328138,2,"2,3",0,1,1
chr1,204715024,204715314,2,"2,3",0,1,1
chr1,204715378,204715448,2,"2,3",0,1,1
chr1,206790490,206790821,2,"2,3",0,1,1
chr1,206925327,206925671,2,"2,3",0,1,1
chr1,207050836,207050837,2,"1,3",1,0,1
chr1,207050837,207051168,3,"1,2,3",1,1,1
chr1,207052879,207053383,2,"2,3",0,1,1
chr1,207321057,207321274,2,"2,3",0,1,1
chr1,209747714,209748135,2,"2,3",0,1,1
chr1,209769454,209769823,2,"1,3",1,0,1
chr1,209784422,209784846,2,"2,3",0,1,1
chr1,211935342,211935712,2,"2,3",0,1,1
chr1,211939868,211940285,2,"2,3",0,1,1
chr1,212678628,212679048,2,"1,3",1,0,1
chr1,212857901,212858325,2,"2,3",0,1,1
chr1,212950479,212951056,2,"2,3",0,1,1
chr1,220089683,220090069,2,"2,3",0,1,1
chr1,222732471,222732895,2,"2,3",0,1,1
chr1,226662778,226662806,2,"2,3",0,1,1
chr1,226662806,226663202,3,"1,2,3",1,1,1
chr1,226663202,226663226,2,"1,3",1,0,1
chr1,229440943,229440963,2,"2,3",0,1,1
chr1,229440963,229441367,3,"1,2,3",1,1,1
chr1,229441367,229441383,2,"1,3",1,0,1
chr1,231338018,231338442,2,"2,3",0,1,1
chr1,232805210,232805312,2,"1,3",1,0,1
chr1,232805312,232805459,3,"1,2,3",1,1,1
chr1,232805459,232805557,2,"1,3",1,0,1
chr1,233897348,233897772,2,"2,3",0,1,1
chr1,234723787,234724211,2,"2,3",0,1,1
chr1,234963191,234963615,2,"2,3",0,1,1
chr1,235954645,235955282,2,"1,3",1,0,1
chr1,241531512,241532262,2,"2,3",0,1,1
chr1,243255502,243255926,2,"2,3",0,1,1
chr1,244074838,244075191,2,"2,3",0,1,1
chr1,244451878,244452302,2,"2,3",0,1,1
chr1,244834784,244835204,2,"1,3",1,0,1
chr1,244835291,244835813,2,"2,3",0,1,1
chr1,244945210,244945527,2,"2,3",0,1,1
chr1,247409946,247410370,2,"2,3",0,1,1
chr1,248825846,248825863,2,"2,3",0,1,1
chr1,248825863,248826270,3,"1,2,3",1,1,1
chr1,248826270,248826283,2,"1,3",1,0,1
chr10,3935116,3935540,2,"2,3",0,1,1
chr10,5684446,5684828,2,"2,3",0,1,1
chr10,5813371,5814007,2,"2,3",0,1,1
chr10,5862534,5862958,2,"2,3",0,1,1
chr10,6300037,6300457,2,"1,3",1,0,1
chr10,7787862,7787890,2,"2,3",0,1,1
chr10,7787890,7788286,3,"1,2,3",1,1,1
chr10,7788286,7788534,2,"1,3",1,0,1
chr10,11178647,11178726,2,"2,3",0,1,1
chr10,11178726,11178922,3,"1,2,3",1,1,1
chr10,12122459,12122883,2,"2,3",0,1,1
chr10,13586697,13587082,2,"1,3",1,0,1
chr10,14648108,14648528,2,"1,3",1,0,1
chr10,14659797,14660221,2,"2,3",0,1,1
chr10,16586458,16586865,2,"2,3",0,1,1
chr10,26574858,26575257,2,"2,3",0,1,1
chr10,31318229,31318630,2,"1,3",1,0,1
chr10,31319315,31319739,2,"2,3",0,1,1
chr10,32346114,32346524,2,"2,3",0,1,1
chr10,32346917,32347341,2,"2,3",0,1,1
chr10,42782566,42783161,2,"1,3",1,0,1
chr10,46030444,46030481,2,"2,3",0,1,1
chr10,46030481,46030839,3,"1,2,3",1,1,1
chr10,48671528,48671952,2,"2,3",0,1,1
chr10,49762224,49762544,2,"2,3",0,1,1
chr10,50260737,50261157,2,"1,3",1,0,1
chr10,62732931,62733171,2,"2,3",0,1,1
chr10,63132997,63133574,2,"2,3",0,1,1
chr10,67849322,67849417,2,"1,3",1,0,1
chr10,67849417,67849525,3,"1,2,3",1,1,1
chr10,67849525,67849673,2,"1,3",1,0,1
chr10,68331874,68332076,2,"2,3",0,1,1
chr10,68900975,68901399,2,"2,3",0,1,1
chr10,71372920,71373344,2,"2,3",0,1,1
chr10,71836091,71836140,2,"1,3",1,0,1
chr10,71836140,71836511,3,"1,2,3",1,1,1
chr10,71836511,71836564,2,"2,3",0,1,1
chr10,73252547,73252971,2,"2,3",0,1,1
chr10,73625869,73626271,2,"2,3",0,1,1
chr10,75011462,75011551,2,"2,3",0,1,1
chr10,75011689,75011886,2,"2,3",0,1,1
chr10,78303195,78303619,2,"2,3",0,1,1
chr10,87862173,87862198,2,"2,3",0,1,1
chr10,87862198,87862597,3,"1,2,3",1,1,1
chr10,87862597,87862618,2,"1,3",1,0,1
chr10,87863388,87863772,2,"2,3",0,1,1
chr10,88825191,88825615,2,"2,3",0,1,1
chr10,88879931,88880571,2,"2,3",0,1,1
chr10,89333916,89334340,2,"2,3",0,1,1
chr10,92591652,92591951,2,"2,3",0,1,1
chr10,96043267,96043691,2,"2,3",0,1,1
chr10,96130453,96130812,2,"2,3",0,1,1
chr10,96287972,96288392,2,"1,3",1,0,1
chr10,96587267,96587447,2,"2,3",0,1,1
chr10,96747959,96748379,2,"1,3",1,0,1
chr10,99430571,99430995,2,"2,3",0,1,1
chr10,100229394,100229397,2,"2,3",0,1,1
chr10,100229397,100229770,3,"1,2,3",1,1,1
chr10,100535775,100536199,2,"2,3",0,1,1
chr10,101012783,101013207,2,"2,3",0,1,1
chr10,101060605,101060985,2,"2,3",0,1,1
chr10,110499536,110499769,2,"2,3",0,1,1
chr10,110567376,110568000,2,"2,3",0,1,1
chr10,110918631,110919055,2,"2,3",0,1,1
chr10,113681892,113682312,2,"1,3",1,0,1
chr10,113855087,113855511,2,"2,3",0,1,1
chr10,116849370,116849599,2,"2,3",0,1,1
chr10,120851129,120851553,2,"2,3",0,1,1
chr10,123008610,123008611,2,"1,3",1,0,1
chr10,123008611,123009030,3,"1,2,3",1,1,1
chr10,123009030,123009035,2,"2,3",0,1,1
chr10,125719344,125719768,2,"2,3",0,1,1
chr10,130110740,130111164,2,"2,3",0,1,1
chr10,131900434,131900795,2,"2,3",0,1,1
chr10,133373230,133373345,2,"1,3",1,0,1
chr10,133373345,133373529,3,"1,2,3",1,1,1
chr10,133373529,133373612,2,"1,3",1,0,1
chr10,133389146,133389570,2,"2,3",0,1,1
chr11,568630,569009,2,"2,3",0,1,1
chr11,925670,926154,2,"1,3",1,0,1
chr11,1852832,1853217,2,"2,3",0,1,1
chr11,1855000,1855424,2,"2,3",0,1,1
chr11,3894193,3894617,2,"2,3",0,1,1
chr11,5689595,5690019,2,"2,3",0,1,1
chr11,6619326,6619750,2,"2,3",0,1,1
chr11,6683261,6683276,2,"1,3",1,0,1
chr11,6683276,6683681,3,"1,2,3",1,1,1
chr11,6683681,6683700,2,"2,3",0,1,1
chr11,7512497,7512914,2,"2,3",0,1,1
chr11,8682503,8682623,2,"1,3",1,0,1
chr11,8682623,8682808,3,"1,2,3",1,1,1
chr11,8682808,8682923,2,"1,3",1,0,1
chr11,9615083,9615329,3,"1,2,3",1,1,1
chr11,9615329,9615380,2,"1,3",1,0,1
chr11,10857586,10858010,2,"2,3",0,1,1
chr11,11172107,11172153,2,"2,3",0,1,1
chr11,11841686,11842110,2,"2,3",0,1,1
chr11,27506630,27506631,2,"2,3",0,1,1
chr11,27506631,27507051,3,"1,2,3",1,1,1
chr11,27507051,27507054,2,"2,3",0,1,1
chr11,33039282,33039706,2,"2,3",0,1,1
chr11,34145942,34146398,2,"2,3",0,1,1
chr11,35126397,35126821,2,"2,3",0,1,1
chr11,35662363,35663314,2,"2,3",0,1,1
chr11,43553748,43554168,2,"1,3",1,0,1
chr11,44559606,44560018,2,"2,3",0,1,1
chr11,44569176,44569417,2,"1,3",1,0,1
chr11,45102809,45103380,2,"2,3",0,1,1
chr11,45930033,45930453,2,"1,3",1,0,1
chr11,46121645,46121652,2,"1,3",1,0,1
chr11,46121652,46121741,3,"1,2,3",1,1,1
chr11,46121856,46122065,3,"1,2,3",1,1,1
chr11,46122065,46122076,2,"2,3",0,1,1
chr11,47248638,47249058,2,"1,3",1,0,1
chr11,47408021,47408116,2,"1,3",1,0,1
chr11,47408116,47408441,3,"1,2,3",1,1,1
chr11,47408441,47408540,2,"2,3",0,1,1
chr11,47565332,47565756,2,"2,3",0,1,1
chr11,47578803,47579223,2,"1,3",1,0,1
chr11,57657258,57657682,2,"2,3",0,1,1
chr11,58578666,58579051,3,"1,2,3",1,1,1
chr11,58579051,58579063,2,"2,3",0,1,1
chr11,59216819,59217220,2,"2,3",0,1,1
chr11,59556356,59556625,2,"2,3",0,1,1
chr11,60455460,60455962,2,"2,3",0,1,1
chr11,60763732,60764152,2,"1,3",1,0,1
chr11,60910249,60910608,2,"1,3",1,0,1
chr11,61061141,61061565,2,"2,3",0,1,1
chr11,61357188,61357612,2,"2,3",0,1,1
chr11,61581357,61581691,2,"2,3",0,1,1
chr11,61967135,61967540,2,"2,3",0,1,1
chr11,61968139,61968541,2,"1,3",1,0,1
chr11,62541281,62541636,2,"1,3",1,0,1
chr11,62555417,62555754,2,"1,3",1,0,1
chr11,62573853,62574277,2,"2,3",0,1,1
chr11,62653212,62653636,2,"2,3",0,1,1
chr11,62709527,62709555,2,"1,3",1,0,1
chr11,62709555,62709702,3,"1,2,3",1,1,1
chr11,62709702,62709714,2,"1,3",1,0,1
chr11,62727204,62727624,2,"1,3",1,0,1
chr11,62805202,62805622,2,"1,3",1,0,1
chr11,62841322,62841850,2,"2,3",0,1,1
chr11,62841949,62842046,2,"2,3",0,1,1
chr11,63681394,63681814,2,"1,3",1,0,1
chr11,64778719,64779143,2,"2,3",0,1,1
chr11,64878560,64878614,2,"2,3",0,1,1
chr11,64878614,64878984,3,"1,2,3",1,1,1
chr11,64878984,64879034,2,"1,3",1,0,1
chr11,65096016,65096337,2,"2,3",0,1,1
chr11,65422763,65423105,2,"1,3",1,0,1
chr11,65506967,65507357,2,"1,3",1,0,1
chr11,65507357,65507387,3,"1,2,3",1,1,1
chr11,65507387,65507781,2,"2,3",0,1,1
chr11,65569944,65570009,2,"2,3",0,1,1
chr11,65570009,65570570,3,"1,2,3",1,1,1
chr11,65570570,65570573,2,"1,3",1,0,1
chr11,65587898,65588569,2,"1,3",1,0,1
chr11,65639587,65639986,2,"2,3",0,1,1
chr11,65818170,65818513,2,"2,3",0,1,1
chr11,65884701,65884946,2,"2,3",0,1,1
chr11,66002004,66002629,2,"2,3",0,1,1
chr11,66282432,66282852,2,"1,3",1,0,1
chr11,66289495,66289825,2,"2,3",0,1,1
chr11,66336764,66337170,2,"2,3",0,1,1
chr11,67288307,67288727,2,"1,3",1,0,1
chr11,67486639,67487059,2,"1,3",1,0,1
chr11,67505995,67506411,2,"2,3",0,1,1
chr11,67587939,67588363,2,"2,3",0,1,1
chr11,67629320,67629744,2,"2,3",0,1,1
chr11,68266409,68266833,2,"2,3",0,1,1
chr11,68903663,68904083,2,"1,3",1,0,1
chr11,69056027,69056451,2,"2,3",0,1,1
chr11,70202895,70203498,2,"2,3",0,1,1
chr11,71448278,71448861,2,"1,3",1,0,1
chr11,72813880,72814469,2,"1,3",1,0,1
chr11,73385029,73385449,2,"1,3",1,0,1
chr11,73779249,73779673,2,"2,3",0,1,1
chr11,76626889,76627313,2,"2,3",0,1,1
chr11,76672585,76673005,2,"1,3",1,0,1
chr11,77820600,77821024,2,"2,3",0,1,1
chr11,78139322,78139746,2,"2,3",0,1,1
chr11,78188234,78188249,2,"2,3",0,1,1
chr11,78188249,78188658,3,"1,2,3",1,1,1
chr11,78188658,78188669,2,"1,3",1,0,1
chr11,81869851,81870065,2,"1,3",1,0,1
chr11,83062066,83062293,3,"1,2,3",1,1,1
chr11,86302029,86302453,2,"2,3",0,1,1
chr11,88301718,88302142,2,"2,3",0,1,1
chr11,93197503,93198138,2,"1,3",1,0,1
chr11,93543312,93543736,2,"2,3",0,1,1
chr11,94473411,94473791,2,"2,3",0,1,1
chr11,94493664,94494088,2,"2,3",0,1,1
chr11,96343176,96343589,2,"2,3",0,1,1
chr11,102451761,102452140,2,"2,3",0,1,1
chr11,108009087,108009511,2,"2,3",0,1,1
chr11,111446416,111446833,2,"2,3",0,1,1
chr11,113773508,113773928,2,"1,3",1,0,1
chr11,116772695,116773322,2,"2,3",0,1,1
chr11,117096488,117096884,2,"2,3",0,1,1
chr11,117817899,117818319,2,"1,3",1,0,1
chr11,118214254,118214678,2,"2,3",0,1,1
chr11,118227751,118228175,2,"2,3",0,1,1
chr11,118565760,118566184,2,"2,3",0,1,1
chr11,118695778,118696202,2,"2,3",0,1,1
chr11,118791070,118791386,2,"2,3",0,1,1
chr11,118820727,118821147,2,"1,3",1,0,1
chr11,118883655,118884017,2,"2,3",0,1,1
chr11,118926312,118926634,2,"1,3",1,0,1
chr11,119168575,119168833,3,"1,2,3",1,1,1
chr11,119168833,119168874,2,"1,3",1,0,1
chr11,119205873,119206297,2,"2,3",0,1,1
chr11,120336066,120336486,2,"1,3",1,0,1
chr11,120926102,120926320,2,"1,3",1,0,1
chr11,121452356,121452780,2,"2,3",0,1,1
chr11,123381807,123382227,2,"1,3",1,0,1
chr11,125111552,125111976,2,"2,3",0,1,1
chr12,1533624,1534048,2,"2,3",0,1,1
chr12,1796120,1796540,2,"1,3",1,0,1
chr12,4117972,4117990,2,"2,3",0,1,1
chr12,4117990,4118396,3,"1,2,3",1,1,1
chr12,4118396,4118410,2,"1,3",1,0,1
chr12,6723932,6724352,2,"1,3",1,0,1
chr12,6943789,6943850,2,"2,3",0,1,1
chr12,6943850,6944213,3,"1,2,3",1,1,1
chr12,6944213,6944470,2,"1,3",1,0,1
chr12,7995223,7995647,2,"2,3",0,1,1
chr12,8629453,8630063,2,"2,3",0,1,1
chr12,9364473,9364897,2,"2,3",0,1,1
chr12,10613275,10613907,2,"2,3",0,1,1
chr12,11171432,11171612,2,"1,3",1,0,1
chr12,11171612,11171740,3,"1,2,3",1,1,1
chr12,11171740,11171806,2,"1,3",1,0,1
chr12,11500549,11500550,2,"1,3",1,0,1
chr12,11500550,11500926,3,"1,2,3",1,1,1
chr12,11553905,11554255,2,"1,3",1,0,1
chr12,12356922,12357346,2,"2,3",0,1,1
chr12,12486705,12487129,2,"2,3",0,1,1
chr12,14365460,14365880,2,"1,3",1,0,1
chr12,14613680,14614300,2,"1,3",1,0,1
chr12,14614803,14615132,2,"1,3",1,0,1
chr12,14769977,14770401,2,"2,3",0,1,1
chr12,14950431,14950789,2,"2,3",0,1,1
chr12,22046302,22046929,2,"2,3",0,1,1
chr12,24839380,24839803,2,"2,3",0,1,1
chr12,25107945,25108312,2,"1,3",1,0,1
chr12,26271894,26272318,2,"2,3",0,1,1
chr12,26274690,26274782,2,"1,3",1,0,1
chr12,26274782,26275110,3,"1,2,3",1,1,1
chr12,26275110,26275143,2,"2,3",0,1,1
chr12,26938220,26938240,2,"2,3",0,1,1
chr12,26938240,26938660,3,"1,2,3",1,1,1
chr12,26938660,26938847,2,"2,3",0,1,1
chr12,26971981,26972382,2,"2,3",0,1,1
chr12,27244000,27244659,2,"2,3",0,1,1
chr12,29381020,29381034,2,"1,3",1,0,1
chr12,29381034,29381440,3,"1,2,3",1,1,1
chr12,29381440,29381458,2,"2,3",0,1,1
chr12,31073950,31074374,2,"2,3",0,1,1
chr12,31749125,31749549,2,"2,3",0,1,1
chr12,45727447,45727723,2,"2,3",0,1,1
chr12,48957468,48957491,2,"2,3",0,1,1
chr12,48957491,48957596,3,"1,2,3",1,1,1
chr12,48957596,48957624,2,"2,3",0,1,1
chr12,49018522,49019147,2,"1,3",1,0,1
chr12,49707223,49707836,2,"1,3",1,0,1
chr12,50924329,50924753,2,"2,3",0,1,1
chr12,52118416,52119056,2,"2,3",0,1,1
chr12,53451793,53452217,2,"2,3",0,1,1
chr12,53626184,53626608,2,"2,3",0,1,1
chr12,55829482,55829906,2,"2,3",0,1,1
chr12,56315877,56316301,2,"2,3",0,1,1
chr12,57547030,57547431,3,"1,2,3",1,1,1
chr12,57547431,57547436,2,"1,3",1,0,1
chr12,57693684,57694023,2,"2,3",0,1,1
chr12,57741108,57741399,2,"1,3",1,0,1
chr12,57898598,57899083,2,"2,3",0,1,1
chr12,57899083,57899503,3,"1,2,3",1,1,1
chr12,57899503,57899698,2,"2,3",0,1,1
chr12,64877323,64877953,2,"1,3",1,0,1
chr12,67268930,67268951,2,"2,3",0,1,1
chr12,67268951,67269556,3,"1,2,3",1,1,1
chr12,67269556,67269620,2,"1,3",1,0,1
chr12,67699047,67699148,3,"1,2,3",1,1,1
chr12,67699148,67699160,2,"1,3",1,0,1
chr12,68482658,68483082,2,"2,3",0,1,1
chr12,71663696,71664120,2,"2,3",0,1,1
chr12,75390946,75391370,2,"2,3",0,1,1
chr12,89756644,89757068,2,"2,3",0,1,1
chr12,89880712,89881136,2,"2,3",0,1,1
chr12,93570821,93571241,2,"1,3",1,0,1
chr12,93677297,93677721,2,"2,3",0,1,1
chr12,95103186,95103610,2,"2,3",0,1,1
chr12,95217373,95217797,2,"2,3",0,1,1
chr12,96489360,96489713,3,"1,2,3",1,1,1
chr12,96489713,96489719,2,"2,3",0,1,1
chr12,102061690,102062292,2,"2,3",0,1,1
chr12,102958194,102958418,2,"2,3",0,1,1
chr12,103957009,103957433,2,"2,3",0,1,1
chr12,104064335,104064759,2,"2,3",0,1,1
chr12,105107482,105108110,2,"1,3",1,0,1
chr12,106357572,106357996,2,"2,3",0,1,1
chr12,106774052,106774476,2,"2,3",0,1,1
chr12,106910200,106910624,2,"2,3",0,1,1
chr12,108617477,108617901,2,"2,3",0,1,1
chr12,109093342,109093708,2,"2,3",0,1,1
chr12,109899990,109900414,2,"2,3",0,1,1
chr12,110048407,110048436,2,"1,3",1,0,1
chr12,110048436,110048827,3,"1,2,3",1,1,1
chr12,110048827,110048860,2,"2,3",0,1,1
chr12,110280761,110281153,2,"2,3",0,1,1
chr12,110502008,110502432,2,"2,3",0,1,1
chr12,110619316,110619740,2,"2,3",0,1,1
chr12,110913268,110913804,2,"2,3",0,1,1
chr12,111444872,111444920,2,"2,3",0,1,1
chr12,111444920,111445296,3,"1,2,3",1,1,1
chr12,111445296,111445340,2,"1,3",1,0,1
chr12,116538020,116538381,2,"1,3",1,0,1
chr12,116559006,116559386,2,"2,3",0,1,1
chr12,116559718,116559723,2,"1,3",1,0,1
chr12,116559723,116560138,3,"1,2,3",1,1,1
chr12,116560138,116560147,2,"2,3",0,1,1
chr12,116738106,116738120,2,"1,3",1,0,1
chr12,116738120,116738526,3,"1,2,3",1,1,1
chr12,116738526,116738625,2,"2,3",0,1,1
chr12,116858093,116858342,2,"2,3",0,1,1
chr12,118016475,118016504,2,"2,3",0,1,1
chr12,118016504,118016899,3,"1,2,3",1,1,1
chr12,118016899,118016924,2,"1,3",1,0,1
chr12,120086947,120087599,2,"1,3",1,0,1
chr12,120291517,120291941,2,"2,3",0,1,1
chr12,120469312,120470000,2,"2,3",0,1,1
chr12,120686266,120686555,2,"1,3",1,0,1
chr12,120686689,120686695,2,"1,3",1,0,1
chr12,120686695,120687049,3,"1,2,3",1,1,1
chr12,120687049,120687244,2,"2,3",0,1,1
chr12,121789872,121790212,2,"1,3",1,0,1
chr12,122752653,122752703,2,"2,3",0,1,1
chr12,122752703,122752856,3,"1,2,3",1,1,1
chr12,122752856,122752939,2,"2,3",0,1,1
chr12,122993438,122993480,2,"2,3",0,1,1
chr12,123388402,123388782,2,"2,3",0,1,1
chr12,124545500,124545827,2,"2,3",0,1,1
chr12,124774296,124774920,2,"2,3",0,1,1
chr12,124917141,124917853,2,"2,3",0,1,1
chr12,124921426,124921610,2,"2,3",0,1,1
chr12,124988910,124989334,2,"2,3",0,1,1
chr12,128823854,128823935,2,"1,3",1,0,1
chr12,128823935,128824123,3,"1,2,3",1,1,1
chr12,128824123,128824223,2,"1,3",1,0,1
chr12,132687179,132687303,2,"1,3",1,0,1
chr12,132687303,132687472,3,"1,2,3",1,1,1
chr12,132687472,132687599,2,"1,3",1,0,1
chr13,21140019,21140439,2,"1,3",1,0,1
chr13,21176501,21176534,2,"2,3",0,1,1
chr13,21176534,21176708,3,"1,2,3",1,1,1
chr13,21176708,21176735,2,"2,3",0,1,1
chr13,22114583,22115007,2,"2,3",0,1,1
chr13,24124836,24125112,2,"2,3",0,1,1
chr13,24922471,24922891,2,"1,3",1,0,1
chr13,24922961,24923385,2,"2,3",0,1,1
chr13,28658840,28659264,2,"2,3",0,1,1
chr13,30464183,30464515,2,"1,3",1,0,1
chr13,33109966,33110329,2,"2,3",0,1,1
chr13,33817902,33818326,2,"2,3",0,1,1
chr13,36999210,36999556,2,"1,3",1,0,1
chr13,40445517,40445519,2,"1,3",1,0,1
chr13,40445519,40445937,3,"1,2,3",1,1,1
chr13,40445937,40445943,2,"2,3",0,1,1
chr13,41132663,41133083,2,"1,3",1,0,1
chr13,41311130,41311554,2,"2,3",0,1,1
chr13,41916525,41916949,2,"2,3",0,1,1
chr13,42271764,42271894,2,"1,3",1,0,1
chr13,42271894,42272047,3,"1,2,3",1,1,1
chr13,42272047,42272184,2,"1,3",1,0,1
chr13,42275122,42275380,2,"2,3",0,1,1
chr13,42378131,42378145,2,"2,3",0,1,1
chr13,42378327,42378555,2,"2,3",0,1,1
chr13,42876388,42876755,2,"2,3",0,1,1
chr13,45418135,45418559,2,"2,3",0,1,1
chr13,45464577,45464966,2,"2,3",0,1,1
chr13,48037612,48038238,2,"2,3",0,1,1
chr13,48304516,48304878,2,"1,3",1,0,1
chr13,48562270,48562277,2,"2,3",0,1,1
chr13,48562277,48562694,3,"1,2,3",1,1,1
chr13,48562694,48562697,2,"1,3",1,0,1
chr13,48579130,48579554,2,"2,3",0,1,1
chr13,48975586,48975887,2,"2,3",0,1,1
chr13,49443790,49443805,2,"1,3",1,0,1
chr13,49443805,49444210,3,"1,2,3",1,1,1
chr13,49444210,49444229,2,"2,3",0,1,1
chr13,51453442,51453866,2,"2,3",0,1,1
chr13,51583716,51584308,2,"1,3",1,0,1
chr13,60396120,60396337,2,"1,3",1,0,1
chr13,72781966,72782390,2,"2,3",0,1,1
chr13,79385774,79386125,2,"2,3",0,1,1
chr13,79406013,79406437,2,"2,3",0,1,1
chr13,80341181,80341585,2,"2,3",0,1,1
chr13,80342873,80343292,2,"2,3",0,1,1
chr13,109162128,109162178,2,"1,3",1,0,1
chr13,109162178,109162548,3,"1,2,3",1,1,1
chr13,109162548,109162602,2,"2,3",0,1,1
chr13,109162811,109163235,2,"2,3",0,1,1
chr13,110713182,110713351,2,"2,3",0,1,1
chr13,110713496,110713606,2,"2,3",0,1,1
chr13,111184848,111185472,2,"2,3",0,1,1
chr13,113297113,113297137,2,"2,3",0,1,1
chr13,113297137,113297247,3,"1,2,3",1,1,1
chr13,113297247,113297276,2,"2,3",0,1,1
chr13,114280588,114280897,2,"2,3",0,1,1
chr13,114281305,114281409,2,"1,3",1,0,1
chr13,114281409,114281725,3,"1,2,3",1,1,1
chr13,114281725,114281833,2,"2,3",0,1,1
chr14,20613858,20613928,2,"2,3",0,1,1
chr14,20681632,20681805,2,"2,3",0,1,1
chr14,21103565,21103915,2,"1,3",1,0,1
chr14,21383226,21383612,2,"2,3",0,1,1
chr14,21456150,21456574,2,"2,3",0,1,1
chr14,21511219,21511253,2,"2,3",0,1,1
chr14,21511253,21511643,3,"1,2,3",1,1,1
chr14,21511643,21511672,2,"1,3",1,0,1
chr14,22531804,22532086,2,"2,3",0,1,1
chr14,22929266,22929904,2,"1,3",1,0,1
chr14,23302765,23302997,2,"2,3",0,1,1
chr14,24114401,24114821,2,"1,3",1,0,1
chr14,24188743,24188752,2,"2,3",0,1,1
chr14,24188752,24189099,3,"1,2,3",1,1,1
chr14,24213005,24213488,2,"2,3",0,1,1
chr14,24271402,24271462,2,"2,3",0,1,1
chr14,24271462,24271826,3,"1,2,3",1,1,1
chr14,24271826,24271882,2,"1,3",1,0,1
chr14,24296779,24297157,2,"2,3",0,1,1
chr14,28831120,28831463,2,"2,3",0,1,1
chr14,30622102,30622709,2,"2,3",0,1,1
chr14,35045962,35046386,2,"2,3",0,1,1
chr14,35404684,35405108,2,"2,3",0,1,1
chr14,35535257,35535487,3,"1,2,3",1,1,1
chr14,39266454,39266719,2,"2,3",0,1,1
chr14,49620180,49620411,2,"2,3",0,1,1
chr14,49852733,49853157,2,"2,3",0,1,1
chr14,50001906,50002212,2,"2,3",0,1,1
chr14,50038805,50039206,2,"2,3",0,1,1
chr14,50860211,50860377,2,"2,3",0,1,1
chr14,50860551,50860635,2,"2,3",0,1,1
chr14,53613470,53614096,2,"2,3",0,1,1
chr14,55051385,55051809,2,"2,3",0,1,1
chr14,57269002,57269400,2,"2,3",0,1,1
chr14,58199974,58200394,2,"1,3",1,0,1
chr14,58796888,58797312,2,"2,3",0,1,1
chr14,60091730,60092351,2,"1,3",1,0,1
chr14,64338796,64339220,2,"2,3",0,1,1
chr14,64387884,64388308,2,"2,3",0,1,1
chr14,64503614,64504038,2,"2,3",0,1,1
chr14,65205372,65205792,2,"1,3",1,0,1
chr14,65206406,65206407,2,"1,3",1,0,1
chr14,65206407,65206794,3,"1,2,3",1,1,1
chr14,65206794,65207032,2,"2,3",0,1,1
chr14,65228442,65228859,2,"2,3",0,1,1
chr14,67816550,67816974,2,"2,3",0,1,1
chr14,68685391,68685815,2,"2,3",0,1,1
chr14,68741814,68741828,2,"2,3",0,1,1
chr14,68741828,68742238,3,"1,2,3",1,1,1
chr14,68742238,68742248,2,"1,3",1,0,1
chr14,68796310,68796481,2,"2,3",0,1,1
chr14,69398124,69398548,2,"2,3",0,1,1
chr14,69615525,69615949,2,"2,3",0,1,1
chr14,69767565,69767989,2,"2,3",0,1,1
chr14,70803350,70803667,2,"2,3",0,1,1
chr14,71320094,71320518,2,"2,3",0,1,1
chr14,71398954,71399374,2,"1,3",1,0,1
chr14,75249411,75249661,2,"2,3",0,1,1
chr14,77043630,77044002,2,"2,3",0,1,1
chr14,77097671,77097993,2,"2,3",0,1,1
chr14,77121006,77121129,2,"1,3",1,0,1
chr14,77121129,77121694,3,"1,2,3",1,1,1
chr14,77121694,77121804,2,"2,3",0,1,1
chr14,80959489,80959909,2,"1,3",1,0,1
chr14,81474195,81474466,2,"1,3",1,0,1
chr14,87993018,87993442,2,"2,3",0,1,1
chr14,88006170,88006594,2,"2,3",0,1,1
chr14,89351401,89351728,2,"2,3",0,1,1
chr14,90383230,90383650,2,"1,3",1,0,1
chr14,90396753,90397177,2,"2,3",0,1,1
chr14,92121732,92122156,2,"2,3",0,1,1
chr14,92259814,92260435,2,"2,3",0,1,1
chr14,93184588,93185012,2,"2,3",0,1,1
chr14,95157274,95157698,2,"2,3",0,1,1
chr14,95327896,95328435,2,"2,3",0,1,1
chr14,100238597,100239021,2,"2,3",0,1,1
chr14,100486477,100486792,2,"2,3",0,1,1
chr14,101824658,101825280,2,"2,3",0,1,1
chr14,101948046,101948088,2,"2,3",0,1,1
chr14,101948088,101948263,3,"1,2,3",1,1,1
chr14,101948263,101948315,2,"2,3",0,1,1
chr14,102764154,102764528,2,"1,3",1,0,1
chr14,103333908,103333941,2,"2,3",0,1,1
chr14,103333941,103334051,3,"1,2,3",1,1,1
chr14,103334051,103334087,2,"2,3",0,1,1
chr14,105490635,105491006,2,"2,3",0,1,1
chr14,106308809,106309188,2,"1,3",1,0,1
chr15,31004192,31004201,2,"2,3",0,1,1
chr15,31004201,31004616,3,"1,2,3",1,1,1
chr15,31004616,31004621,2,"1,3",1,0,1
chr15,31230880,31231228,2,"2,3",0,1,1
chr15,31326121,31326541,2,"1,3",1,0,1
chr15,36579167,36579591,2,"2,3",0,1,1
chr15,38069066,38069411,2,"2,3",0,1,1
chr15,38670624,38671001,2,"2,3",0,1,1
chr15,39782626,39782654,2,"1,3",1,0,1
chr15,39782654,39783045,3,"1,2,3",1,1,1
chr15,40098759,40098832,2,"2,3",0,1,1
chr15,40160768,40161192,2,"2,3",0,1,1
chr15,40382727,40383068,3,"1,2,3",1,1,1
chr15,40383068,40383097,2,"1,3",1,0,1
chr15,40593777,40594136,2,"1,3",1,0,1
chr15,40871679,40872217,2,"2,3",0,1,1
chr15,41116386,41116810,2,"2,3",0,1,1
chr15,41230927,41231351,2,"2,3",0,1,1
chr15,41774315,41774739,2,"2,3",0,1,1
chr15,41970010,41970349,2,"2,3",0,1,1
chr15,42272981,42273363,2,"2,3",0,1,1
chr15,43808949,43809373,2,"2,3",0,1,1
chr15,44288407,44288416,2,"2,3",0,1,1
chr15,44288541,44288831,2,"2,3",0,1,1
chr15,44728403,44728763,2,"2,3",0,1,1
chr15,45378304,45378728,2,"2,3",0,1,1
chr15,48877904,48878328,2,"2,3",0,1,1
chr15,49620772,49621196,2,"2,3",0,1,1
chr15,50908417,50908451,2,"2,3",0,1,1
chr15,50908451,50908841,3,"1,2,3",1,1,1
chr15,50908841,50908871,2,"1,3",1,0,1
chr15,52103565,52103934,2,"2,3",0,1,1
chr15,59399424,59400047,2,"1,3",1,0,1
chr15,59412871,59413491,2,"1,3",1,0,1
chr15,63892809,63893233,2,"2,3",0,1,1
chr15,64387563,64387987,2,"2,3",0,1,1
chr15,64460309,64460733,2,"2,3",0,1,1
chr15,64634584,64635004,2,"1,3",1,0,1
chr15,64755178,64755440,2,"2,3",0,1,1
chr15,65304614,65305290,2,"2,3",0,1,1
chr15,66356510,66356626,2,"1,3",1,0,1
chr15,66356626,66356800,3,"1,2,3",1,1,1
chr15,66356800,66356930,2,"1,3",1,0,1
chr15,68229856,68230280,2,"2,3",0,1,1
chr15,68277379,68277887,2,"2,3",0,1,1
chr15,69160363,69160787,2,"2,3",0,1,1
chr15,72141401,72141776,3,"1,2,3",1,1,1
chr15,72141776,72141798,2,"2,3",0,1,1
chr15,74291445,74291449,2,"2,3",0,1,1
chr15,74291449,74291767,3,"1,2,3",1,1,1
chr15,74383578,74384002,2,"2,3",0,1,1
chr15,74788733,74789130,2,"2,3",0,1,1
chr15,74790095,74790318,2,"1,3",1,0,1
chr15,75023377,75023793,2,"2,3",0,1,1
chr15,75368488,75368791,2,"2,3",0,1,1
chr15,75625605,75626029,2,"2,3",0,1,1
chr15,75640115,75640539,2,"2,3",0,1,1
chr15,76181601,76181972,3,"1,2,3",1,1,1
chr15,76181972,76182015,2,"2,3",0,1,1
chr15,78437925,78438007,2,"1,3",1,0,1
chr15,78438007,78438219,3,"1,2,3",1,1,1
chr15,78438219,78438345,2,"1,3",1,0,1
chr15,78977052,78977702,2,"2,3",0,1,1
chr15,79107110,79107525,2,"2,3",0,1,1
chr15,79977517,79977912,2,"1,3",1,0,1
chr15,81293822,81294246,2,"2,3",0,1,1
chr15,81301866,81302254,2,"2,3",0,1,1
chr15,82709378,82709768,2,"2,3",0,1,1
chr15,84654120,84654240,2,"1,3",1,0,1
chr15,84654240,84654364,3,"1,2,3",1,1,1
chr15,84654364,84654540,2,"1,3",1,0,1
chr15,84981137,84981557,2,"1,3",1,0,1
chr15,85413480,85413880,2,"1,3",1,0,1
chr15,88638704,88639128,2,"2,3",0,1,1
chr15,88640045,88640544,2,"2,3",0,1,1
chr15,88982602,88983026,2,"2,3",0,1,1
chr15,89334753,89334817,2,"2,3",0,1,1
chr15,89334817,89335237,3,"1,2,3",1,1,1
chr15,89335237,89335426,2,"2,3",0,1,1
chr15,89894057,89894442,2,"1,3",1,0,1
chr15,90162028,90162431,2,"2,3",0,1,1
chr15,90852816,90853236,2,"1,3",1,0,1
chr15,90931708,90932127,2,"1,3",1,0,1
chr15,98952292,98952716,2,"2,3",0,1,1
chr15,99090391,99090784,2,"2,3",0,1,1
chr15,99251111,99251119,2,"2,3",0,1,1
chr15,99251119,99251535,3,"1,2,3",1,1,1
chr15,99251535,99251539,2,"1,3",1,0,1
chr15,99565219,99565714,2,"2,3",0,1,1
chr15,99565787,99565860,2,"2,3",0,1,1
chr16,636212,636636,2,"2,3",0,1,1
chr16,1964676,1965100,2,"2,3",0,1,1
chr16,1971752,1972176,2,"2,3",0,1,1
chr16,2603208,2603632,2,"2,3",0,1,1
chr16,2715530,2715883,2,"2,3",0,1,1
chr16,2968781,2969155,2,"2,3",0,1,1
chr16,4253906,4254318,2,"2,3",0,1,1
chr16,4425614,4426038,2,"2,3",0,1,1
chr16,4474393,4474817,2,"2,3",0,1,1
chr16,4615990,4616093,2,"2,3",0,1,1
chr16,4616093,4616414,3,"1,2,3",1,1,1
chr16,4616414,4616513,2,"1,3",1,0,1
chr16,5033718,5034102,2,"2,3",0,1,1
chr16,8891137,8891939,2,"2,3",0,1,1
chr16,10944390,10944736,2,"1,3",1,0,1
chr16,11964880,11965304,2,"2,3",0,1,1
chr16,12535693,12536399,2,"1,3",1,0,1
chr16,13957657,13958081,2,"2,3",0,1,1
chr16,14310658,14311078,2,"2,3",0,1,1
chr16,14354652,14354710,2,"1,3",1,0,1
chr16,14354710,14355134,3,"1,2,3",1,1,1
chr16,14355134,14355308,2,"1,3",1,0,1
chr16,17259280,17259674,2,"2,3",0,1,1
chr16,18790125,18790181,2,"2,3",0,1,1
chr16,18790181,18790549,3,"1,2,3",1,1,1
chr16,18790549,18790594,2,"1,3",1,0,1
chr16,18801567,18801987,2,"1,3",1,0,1
chr16,19555353,19555356,2,"2,3",0,1,1
chr16,19555356,19555776,3,"1,2,3",1,1,1
chr16,19555776,19555777,2,"2,3",0,1,1
chr16,22297085,22297477,2,"1,3",1,0,1
chr16,23557007,23557263,2,"1,3",1,0,1
chr16,23842143,23842506,2,"2,3",0,1,1
chr16,25038447,25038871,2,"2,3",0,1,1
chr16,28193205,28193318,2,"2,3",0,1,1
chr16,28846369,28846793,2,"2,3",0,1,1
chr16,28863196,28863616,2,"1,3",1,0,1
chr16,29899946,29900305,2,"2,3",0,1,1
chr16,30092631,30093055,2,"2,3",0,1,1
chr16,30350405,30350829,2,"2,3",0,1,1
chr16,30400496,30400920,2,"2,3",0,1,1
chr16,30650389,30650798,2,"1,3",1,0,1
chr16,30697952,30698355,3,"1,2,3",1,1,1
chr16,30698355,30698624,2,"1,3",1,0,1
chr16,31107649,31107947,2,"2,3",0,1,1
chr16,31108152,31108406,2,"2,3",0,1,1
chr16,31508151,31508575,2,"2,3",0,1,1
chr16,31874107,31874304,2,"2,3",0,1,1
chr16,31874413,31874860,2,"2,3",0,1,1
chr16,47523312,47523717,2,"2,3",0,1,1
chr16,53061759,53061773,2,"2,3",0,1,1
chr16,53061773,53062183,3,"1,2,3",1,1,1
chr16,53062183,53062193,2,"1,3",1,0,1
chr16,53703808,53703835,2,"1,3",1,0,1
chr16,53703835,53704228,3,"1,2,3",1,1,1
chr16,53704228,53704259,2,"2,3",0,1,1
chr16,57447177,57447182,2,"2,3",0,1,1
chr16,57447182,57447601,3,"1,2,3",1,1,1
chr16,57447601,57447602,2,"1,3",1,0,1
chr16,57544225,57544226,2,"1,3",1,0,1
chr16,57544226,57544645,3,"1,2,3",1,1,1
chr16,57544645,57544650,2,"2,3",0,1,1
chr16,57609866,57610290,2,"2,3",0,1,1
chr16,58495096,58495497,2,"1,3",1,0,1
chr16,67185462,67185677,3,"1,2,3",1,1,1
chr16,67833740,67834117,2,"2,3",0,1,1
chr16,67872852,67873272,2,"1,3",1,0,1
chr16,67968627,67969051,2,"2,3",0,1,1
chr16,68074789,68075177,2,"2,3",0,1,1
chr16,68448542,68448932,2,"1,3",1,0,1
chr16,69186692,69187116,2,"2,3",0,1,1
chr16,69564210,69564539,2,"1,3",1,0,1
chr16,75464702,75465032,2,"2,3",0,1,1
chr16,75623178,75623602,2,"2,3",0,1,1
chr16,83807802,83808226,2,"2,3",0,1,1
chr16,84116651,84116655,2,"1,3",1,0,1
chr16,84116655,84117071,3,"1,2,3",1,1,1
chr16,84117071,84117079,2,"2,3",0,1,1
chr16,84594077,84594501,2,"2,3",0,1,1
chr16,85570509,85570748,2,"2,3",0,1,1
chr16,85570913,85570933,2,"2,3",0,1,1
chr16,85988837,85989257,2,"1,3",1,0,1
chr16,87388337,87388575,2,"2,3",0,1,1
chr16,87392017,87392437,2,"1,3",1,0,1
chr16,87777770,87778190,2,"1,3",1,0,1
chr16,87951262,87951399,2,"1,3",1,0,1
chr16,87951399,87951595,3,"1,2,3",1,1,1
chr16,87951595,87951682,2,"1,3",1,0,1
chr16,90022390,90022795,2,"2,3",0,1,1
chr17,740277,740701,2,"2,3",0,1,1
chr17,752192,752616,2,"2,3",0,1,1
chr17,1181163,1181601,2,"1,3",1,0,1
chr17,1181781,1181794,2,"1,3",1,0,1
chr17,1463135,1463559,2,"2,3",0,1,1
chr17,2401455,2402081,2,"2,3",0,1,1
chr17,2749799,2750115,2,"2,3",0,1,1
chr17,3558522,3558946,2,"2,3",0,1,1
chr17,3711021,3711441,2,"1,3",1,0,1
chr17,3723670,3723681,2,"2,3",0,1,1
chr17,3723681,3724063,3,"1,2,3",1,1,1
chr17,4263896,4263930,2,"2,3",0,1,1
chr17,4263930,4264041,3,"1,2,3",1,1,1
chr17,4264041,4264079,2,"2,3",0,1,1
chr17,4365210,4365845,2,"2,3",0,1,1
chr17,4940149,4940188,2,"2,3",0,1,1
chr17,4940188,4940325,3,"1,2,3",1,1,1
chr17,4940325,4940383,2,"2,3",0,1,1
chr17,4949309,4949729,2,"1,3",1,0,1
chr17,4967565,4967989,2,"2,3",0,1,1
chr17,5078177,5078601,2,"2,3",0,1,1
chr17,5419042,5419288,2,"2,3",0,1,1
chr17,5419354,5419459,2,"2,3",0,1,1
chr17,5439024,5439448,2,"2,3",0,1,1
chr17,6640679,6641103,2,"2,3",0,1,1
chr17,7014978,7015398,2,"1,3",1,0,1
chr17,7583891,7584214,2,"2,3",0,1,1
chr17,7688052,7688546,2,"1,3",1,0,1
chr17,7857558,7857713,2,"2,3",0,1,1
chr17,8173381,8173657,2,"1,3",1,0,1
chr17,8173727,8173801,2,"1,3",1,0,1
chr17,8383060,8383066,2,"1,3",1,0,1
chr17,8383066,8383480,3,"1,2,3",1,1,1
chr17,8383480,8383490,2,"2,3",0,1,1
chr17,15699353,15699777,2,"2,3",0,1,1
chr17,15831185,15831605,2,"1,3",1,0,1
chr17,16285860,16286491,2,"1,3",1,0,1
chr17,16987941,16988058,2,"2,3",0,1,1
chr17,18038969,18039389,2,"1,3",1,0,1
chr17,18087678,18088347,2,"2,3",0,1,1
chr17,18183398,18183822,2,"2,3",0,1,1
chr17,21214020,21214444,2,"2,3",0,1,1
chr17,27294272,27294696,2,"2,3",0,1,1
chr17,28737895,28738319,2,"2,3",0,1,1
chr17,28854805,28855229,2,"2,3",0,1,1
chr17,28902924,28903348,2,"2,3",0,1,1
chr17,28952221,28952604,3,"1,2,3",1,1,1
chr17,28952604,28952636,2,"1,3",1,0,1
chr17,29390073,29390103,2,"2,3",0,1,1
chr17,29390103,29390497,3,"1,2,3",1,1,1
chr17,29390497,29390523,2,"1,3",1,0,1
chr17,29706326,29706698,2,"2,3",0,1,1
chr17,29931321,29931671,2,"1,3",1,0,1
chr17,32342009,32342369,2,"2,3",0,1,1
chr17,32503515,32503939,2,"2,3",0,1,1
chr17,34378689,34379063,2,"1,3",1,0,1
chr17,35449596,35449755,2,"2,3",0,1,1
chr17,36072394,36072716,2,"2,3",0,1,1
chr17,36089897,36090321,2,"2,3",0,1,1
chr17,38702253,38702563,2,"2,3",0,1,1
chr17,38751836,38751889,2,"2,3",0,1,1
chr17,38824980,38825134,2,"2,3",0,1,1
chr17,38825134,38825707,3,"1,2,3",1,1,1
chr17,38825707,38825734,2,"1,3",1,0,1
chr17,38868945,38869287,2,"2,3",0,1,1
chr17,38869798,38870199,2,"2,3",0,1,1
chr17,39451511,39451519,2,"2,3",0,1,1
chr17,39461193,39461249,2,"1,3",1,0,1
chr17,39461249,39461552,3,"1,2,3",1,1,1
chr17,39461552,39461613,2,"1,3",1,0,1
chr17,40317832,40317904,2,"2,3",0,1,1
chr17,40517274,40517350,2,"2,3",0,1,1
chr17,40598759,40599659,2,"1,3",1,0,1
chr17,40602855,40603275,2,"1,3",1,0,1
chr17,40615382,40615806,2,"2,3",0,1,1
chr17,40620001,40620364,2,"2,3",0,1,1
chr17,41688412,41688795,2,"2,3",0,1,1
chr17,41966473,41966874,2,"2,3",0,1,1
chr17,42154867,42155291,2,"2,3",0,1,1
chr17,42561848,42561860,2,"2,3",0,1,1
chr17,42561860,42562267,3,"1,2,3",1,1,1
chr17,42577995,42578419,2,"2,3",0,1,1
chr17,42618491,42619123,2,"2,3",0,1,1
chr17,42704873,42705297,2,"2,3",0,1,1
chr17,42985238,42985606,2,"1,3",1,0,1
chr17,42998089,42998513,2,"2,3",0,1,1
chr17,43170147,43170812,2,"2,3",0,1,1
chr17,43483581,43483935,2,"2,3",0,1,1
chr17,45148179,45148266,2,"1,3",1,0,1
chr17,45148266,45148599,3,"1,2,3",1,1,1
chr17,45148599,45148896,2,"2,3",0,1,1
chr17,45226044,45226400,2,"2,3",0,1,1
chr17,45228980,45229400,2,"1,3",1,0,1
chr17,46193395,46194023,2,"2,3",0,1,1
chr17,47286391,47286811,2,"1,3",1,0,1
chr17,47649206,47649505,2,"2,3",0,1,1
chr17,48107217,48107815,2,"2,3",0,1,1
chr17,49192791,49192832,2,"1,3",1,0,1
chr17,49218093,49218447,2,"2,3",0,1,1
chr17,49788339,49788350,2,"2,3",0,1,1
chr17,49788350,49788743,3,"1,2,3",1,1,1
chr17,49788743,49788770,2,"1,3",1,0,1
chr17,50478650,50479074,2,"2,3",0,1,1
chr17,50866132,50866808,2,"2,3",0,1,1
chr17,51153598,51154022,2,"2,3",0,1,1
chr17,54968610,54968621,2,"2,3",0,1,1
chr17,54968621,54968801,3,"1,2,3",1,1,1
chr17,54968801,54968854,2,"2,3",0,1,1
chr17,57084800,57084833,2,"2,3",0,1,1
chr17,57084833,57085224,3,"1,2,3",1,1,1
chr17,57085224,57085253,2,"1,3",1,0,1
chr17,57440586,57441256,2,"2,3",0,1,1
chr17,57455043,57455463,2,"1,3",1,0,1
chr17,57946783,57947193,2,"2,3",0,1,1
chr17,58329457,58329937,2,"1,3",1,0,1
chr17,58332360,58332718,2,"1,3",1,0,1
chr17,58338488,58338711,2,"2,3",0,1,1
chr17,58338847,58338912,2,"2,3",0,1,1
chr17,58518131,58518555,2,"2,3",0,1,1
chr17,58518595,58518867,2,"2,3",0,1,1
chr17,60392193,60392617,2,"2,3",0,1,1
chr17,63697917,63698202,2,"2,3",0,1,1
chr17,63773332,63773395,2,"2,3",0,1,1
chr17,63773406,63774047,2,"1,3",1,0,1
chr17,63842518,63843259,2,"2,3",0,1,1
chr17,64145753,64146177,2,"2,3",0,1,1
chr17,64506241,64506665,2,"2,3",0,1,1
chr17,67717675,67717676,2,"1,3",1,0,1
chr17,67717676,67718095,3,"1,2,3",1,1,1
chr17,67718095,67718100,2,"2,3",0,1,1
chr17,68511722,68512146,2,"2,3",0,1,1
chr17,72317748,72318172,2,"2,3",0,1,1
chr17,72422688,72423108,2,"1,3",1,0,1
chr17,75034827,75035395,2,"1,3",1,0,1
chr17,75078480,75078904,2,"2,3",0,1,1
chr17,75261423,75261847,2,"2,3",0,1,1
chr17,75779480,75779557,2,"2,3",0,1,1
chr17,75779557,75779904,3,"1,2,3",1,1,1
chr17,75779904,75779977,2,"1,3",1,0,1
chr17,75785099,75785523,2,"2,3",0,1,1
chr17,75940912,75941336,2,"2,3",0,1,1
chr17,76264744,76265056,2,"2,3",0,1,1
chr17,76453092,76453115,2,"2,3",0,1,1
chr17,76453115,76453516,3,"1,2,3",1,1,1
chr17,76453516,76453535,2,"1,3",1,0,1
chr17,76557513,76557514,2,"1,3",1,0,1
chr17,76557514,76557904,3,"1,2,3",1,1,1
chr17,77465599,77465953,2,"1,3",1,0,1
chr17,77881513,77881933,2,"1,3",1,0,1
chr17,78155086,78155506,2,"1,3",1,0,1
chr17,78356325,78356660,2,"2,3",0,1,1
chr17,78474882,78475166,2,"2,3",0,1,1
chr17,80147154,80147578,2,"2,3",0,1,1
chr17,80454580,80455004,2,"2,3",0,1,1
chr17,80544662,80545067,2,"2,3",0,1,1
chr17,81393804,81394228,2,"2,3",0,1,1
chr17,82297441,82297651,2,"2,3",0,1,1
chr17,82298220,82298553,2,"2,3",0,1,1
chr18,650355,650750,3,"1,2,3",1,1,1
chr18,650750,650754,2,"2,3",0,1,1
chr18,2571034,2571458,2,"2,3",0,1,1
chr18,9673314,9673738,2,"2,3",0,1,1
chr18,10525950,10526374,2,"2,3",0,1,1
chr18,13566937,13567566,2,"2,3",0,1,1
chr18,13611148,13611547,2,"2,3",0,1,1
chr18,13612297,13612695,2,"2,3",0,1,1
chr18,22932955,22933355,2,"1,3",1,0,1
chr18,35577349,35577792,2,"2,3",0,1,1
chr18,49486948,49487372,2,"2,3",0,1,1
chr18,49492268,49492296,2,"1,3",1,0,1
chr18,49492296,49492646,3,"1,2,3",1,1,1
chr18,50281245,50281669,2,"2,3",0,1,1
chr18,50287795,50287848,2,"1,3",1,0,1
chr18,50287848,50288086,3,"1,2,3",1,1,1
chr18,50288086,50288139,2,"1,3",1,0,1
chr18,51029870,51030203,2,"2,3",0,1,1
chr18,57630133,57630557,2,"2,3",0,1,1
chr18,58551953,58552373,2,"1,3",1,0,1
chr18,58658109,58658533,2,"2,3",0,1,1
chr18,62187061,62187485,2,"2,3",0,1,1
chr18,63141771,63142169,2,"1,3",1,0,1
chr18,63311793,63312185,2,"2,3",0,1,1
chr18,75210671,75210875,2,"2,3",0,1,1
chr18,76499930,76500350,2,"1,3",1,0,1
chr19,796837,797210,2,"2,3",0,1,1
chr19,947297,947336,2,"2,3",0,1,1
chr19,947336,948271,3,"1,2,3",1,1,1
chr19,948271,948305,2,"1,3",1,0,1
chr19,954980,954985,2,"2,3",0,1,1
chr19,954985,955404,3,"1,2,3",1,1,1
chr19,955404,955405,2,"1,3",1,0,1
chr19,984156,984576,2,"1,3",1,0,1
chr19,1077031,1077393,2,"2,3",0,1,1
chr19,1095309,1095344,2,"2,3",0,1,1
chr19,1095344,1095672,3,"1,2,3",1,1,1
chr19,1205344,1205748,2,"2,3",0,1,1
chr19,1344711,1344987,2,"2,3",0,1,1
chr19,1383636,1383638,2,"1,3",1,0,1
chr19,1383638,1384056,3,"1,2,3",1,1,1
chr19,1384056,1384062,2,"2,3",0,1,1
chr19,1438165,1438589,2,"2,3",0,1,1
chr19,1445102,1445526,2,"2,3",0,1,1
chr19,2168860,2168933,2,"2,3",0,1,1
chr19,2168933,2169284,3,"1,2,3",1,1,1
chr19,2169284,2169343,2,"1,3",1,0,1
chr19,2171282,2171702,2,"1,3",1,0,1
chr19,2475382,2475668,2,"2,3",0,1,1
chr19,2475871,2476015,3,"1,2,3",1,1,1
chr19,2476015,2476338,2,"1,3",1,0,1
chr19,3761589,3761831,2,"2,3",0,1,1
chr19,4182247,4182667,2,"1,3",1,0,1
chr19,4400528,4400841,2,"2,3",0,1,1
chr19,4402339,4402437,2,"1,3",1,0,1
chr19,4402437,4402642,3,"1,2,3",1,1,1
chr19,4402642,4402759,2,"1,3",1,0,1
chr19,4638991,4639515,2,"2,3",0,1,1
chr19,4968544,4968761,3,"1,2,3",1,1,1
chr19,4968761,4968872,2,"1,3",1,0,1
chr19,5903683,5903977,3,"1,2,3",1,1,1
chr19,5903977,5904013,2,"2,3",0,1,1
chr19,6577407,6577756,2,"1,3",1,0,1
chr19,6577756,6578046,3,"1,2,3",1,1,1
chr19,6578046,6578180,2,"2,3",0,1,1
chr19,6674892,6675316,2,"2,3",0,1,1
chr19,6767286,6767710,2,"2,3",0,1,1
chr19,6772249,6772502,2,"2,3",0,1,1
chr19,8307913,8308333,2,"1,3",1,0,1
chr19,8321207,8321631,2,"2,3",0,1,1
chr19,9140144,9140152,2,"1,3",1,0,1
chr19,9140152,9140576,3,"1,2,3",1,1,1
chr19,9140576,9140831,2,"1,3",1,0,1
chr19,9834784,9835408,2,"2,3",0,1,1
chr19,10105628,10105988,2,"1,3",1,0,1
chr19,10270311,10270678,2,"2,3",0,1,1
chr19,10412296,10412700,2,"1,3",1,0,1
chr19,10416631,10416681,2,"1,3",1,0,1
chr19,10416681,10417051,3,"1,2,3",1,1,1
chr19,10417051,10417101,2,"2,3",0,1,1
chr19,10695744,10696101,2,"2,3",0,1,1
chr19,10963473,10963817,2,"2,3",0,1,1
chr19,11374492,11374813,2,"2,3",0,1,1
chr19,11482590,11482913,2,"2,3",0,1,1
chr19,11536052,11536406,2,"2,3",0,1,1
chr19,12162812,12163236,2,"2,3",0,1,1
chr19,12640102,12640526,2,"2,3",0,1,1
chr19,12681712,12682123,2,"1,3",1,0,1
chr19,12777618,12777885,2,"2,3",0,1,1
chr19,12782364,12782784,2,"1,3",1,0,1
chr19,12791266,12791445,2,"2,3",0,1,1
chr19,12881090,12881514,2,"2,3",0,1,1
chr19,12945110,12945404,2,"1,3",1,0,1
chr19,13100000,13100003,2,"2,3",0,1,1
chr19,13100003,13100423,3,"1,2,3",1,1,1
chr19,13100423,13100424,2,"2,3",0,1,1
chr19,13116691,13117115,2,"2,3",0,1,1
chr19,13152909,13153329,2,"1,3",1,0,1
chr19,13155489,13155563,2,"2,3",0,1,1
chr19,13861630,13862054,2,"2,3",0,1,1
chr19,14006681,14007126,2,"1,3",1,0,1
chr19,14136746,14137170,2,"2,3",0,1,1
chr19,16111900,16112047,2,"2,3",0,1,1
chr19,16118542,16119139,2,"2,3",0,1,1
chr19,16585781,16586344,2,"1,3",1,0,1
chr19,17305969,17306282,2,"1,3",1,0,1
chr19,17405027,17405092,2,"2,3",0,1,1
chr19,17511890,17512314,2,"2,3",0,1,1
chr19,17526988,17527307,2,"1,3",1,0,1
chr19,17751337,17751804,2,"2,3",0,1,1
chr19,17932608,17932816,2,"1,3",1,0,1
chr19,17932886,17933028,2,"1,3",1,0,1
chr19,18170924,18171258,2,"2,3",0,1,1
chr19,18281222,18281683,2,"2,3",0,1,1
chr19,18340277,18340901,2,"2,3",0,1,1
chr19,18557525,18557801,2,"2,3",0,1,1
chr19,19320563,19320565,2,"2,3",0,1,1
chr19,19320565,19320985,3,"1,2,3",1,1,1
chr19,19320985,19320987,2,"2,3",0,1,1
chr19,19663580,19663603,2,"2,3",0,1,1
chr19,19663603,19664004,3,"1,2,3",1,1,1
chr19,19664004,19664023,2,"1,3",1,0,1
chr19,33080920,33080924,2,"2,3",0,1,1
chr19,33080924,33081344,3,"1,2,3",1,1,1
chr19,33081344,33081551,2,"2,3",0,1,1
chr19,34172154,34172578,2,"2,3",0,1,1
chr19,35903667,35904087,2,"1,3",1,0,1
chr19,35931524,35931935,2,"1,3",1,0,1
chr19,36489349,36489773,2,"2,3",0,1,1
chr19,36850590,36851014,2,"2,3",0,1,1
chr19,37078152,37078204,2,"1,3",1,0,1
chr19,37078204,37078572,3,"1,2,3",1,1,1
chr19,37078572,37078628,2,"2,3",0,1,1
chr19,37172624,37172656,2,"1,3",1,0,1
chr19,37172656,37173021,3,"1,2,3",1,1,1
chr19,37370891,37371215,2,"2,3",0,1,1
chr19,37371215,37371315,3,"1,2,3",1,1,1
chr19,37371315,37371519,2,"1,3",1,0,1
chr19,37914900,37915219,2,"1,3",1,0,1
chr19,38213863,38214287,2,"2,3",0,1,1
chr19,38335546,38335878,2,"2,3",0,1,1
chr19,38831839,38832134,2,"2,3",0,1,1
chr19,39341836,39342212,2,"2,3",0,1,1
chr19,39401479,39401892,2,"2,3",0,1,1
chr19,39406701,39407125,2,"2,3",0,1,1
chr19,39445352,39445747,3,"1,2,3",1,1,1
chr19,39445747,39445765,2,"1,3",1,0,1
chr19,40285688,40285896,2,"2,3",0,1,1
chr19,40355940,40356416,2,"2,3",0,1,1
chr19,40777211,40777370,3,"1,2,3",1,1,1
chr19,40777370,40777393,2,"2,3",0,1,1
chr19,41859984,41860096,2,"1,3",1,0,1
chr19,41860096,41860268,3,"1,2,3",1,1,1
chr19,41860268,41860404,2,"1,3",1,0,1
chr19,41876948,41877366,2,"1,3",1,0,1
chr19,42129294,42129907,2,"2,3",0,1,1
chr19,42133046,42133411,2,"2,3",0,1,1
chr19,42201568,42201992,2,"2,3",0,1,1
chr19,43763441,43763755,2,"1,3",1,0,1
chr19,43765387,43765435,2,"1,3",1,0,1
chr19,43765435,43765807,3,"1,2,3",1,1,1
chr19,43765807,43765859,2,"2,3",0,1,1
chr19,44212383,44212807,2,"2,3",0,1,1
chr19,45439754,45440157,2,"2,3",0,1,1
chr19,45478519,45478939,2,"1,3",1,0,1
chr19,45508927,45509351,2,"2,3",0,1,1
chr19,45523653,45524046,2,"2,3",0,1,1
chr19,45641450,45641859,2,"1,3",1,0,1
chr19,45642073,45642497,2,"1,3",1,0,1
chr19,45645993,45646327,2,"2,3",0,1,1
chr19,45668760,45668783,2,"2,3",0,1,1
chr19,45668783,45669203,3,"1,2,3",1,1,1
chr19,45669203,45669393,2,"2,3",0,1,1
chr19,45883397,45883630,2,"2,3",0,1,1
chr19,47778257,47778677,2,"1,3",1,0,1
chr19,48445590,48445629,2,"2,3",0,1,1
chr19,48445629,48446014,3,"1,2,3",1,1,1
chr19,48446014,48446049,2,"1,3",1,0,1
chr19,48624029,48624370,3,"1,2,3",1,1,1
chr19,48624370,48624419,2,"2,3",0,1,1
chr19,48637360,48637784,2,"2,3",0,1,1
chr19,49085010,49085373,3,"1,2,3",1,1,1
chr19,49085373,49085376,2,"1,3",1,0,1
chr19,49335271,49335687,2,"2,3",0,1,1
chr19,49487216,49487640,2,"2,3",0,1,1
chr19,49496011,49496090,2,"1,3",1,0,1
chr19,49496090,49496319,3,"1,2,3",1,1,1
chr19,49496319,49496431,2,"1,3",1,0,1
chr19,49580398,49580822,2,"2,3",0,1,1
chr19,49672376,49672604,2,"2,3",0,1,1
chr19,49677052,49677343,2,"2,3",0,1,1
chr19,49876542,49876549,2,"2,3",0,1,1
chr19,49876549,49876969,3,"1,2,3",1,1,1
chr19,49876969,49877181,2,"2,3",0,1,1
chr19,49929375,49929799,2,"2,3",0,1,1
chr19,50376298,50376722,2,"2,3",0,1,1
chr19,50511252,50511672,2,"1,3",1,0,1
chr19,50804427,50804847,2,"1,3",1,0,1
chr19,50804947,50805371,2,"2,3",0,1,1
chr19,50817509,50817933,2,"2,3",0,1,1
chr19,51570970,51571293,3,"1,2,3",1,1,1
chr19,51571293,51571553,2,"2,3",0,1,1
chr19,51986729,51986737,2,"1,3",1,0,1
chr19,51986737,51987099,3,"1,2,3",1,1,1
chr19,52008025,52008042,2,"2,3",0,1,1
chr19,52008042,52008462,3,"1,2,3",1,1,1
chr19,52008462,52008622,2,"2,3",0,1,1
chr19,52028242,52028258,2,"1,3",1,0,1
chr19,52028258,52028662,3,"1,2,3",1,1,1
chr19,52028662,52028881,2,"2,3",0,1,1
chr19,52048688,52049108,2,"1,3",1,0,1
chr19,54115417,54115880,2,"2,3",0,1,1
chr19,54200812,54201236,2,"2,3",0,1,1
chr19,54654838,54654960,2,"2,3",0,1,1
chr19,54654960,54655139,3,"1,2,3",1,1,1
chr19,54655139,54655262,2,"2,3",0,1,1
chr19,55599411,55599441,2,"2,3",0,1,1
chr19,55599441,55599861,3,"1,2,3",1,1,1
chr19,55599861,55600037,2,"2,3",0,1,1
chr19,55634627,55635239,2,"2,3",0,1,1
chr19,55678069,55678436,3,"1,2,3",1,1,1
chr19,55678436,55678468,2,"2,3",0,1,1
chr19,56393429,56393775,2,"2,3",0,1,1
chr19,57240352,57241061,2,"2,3",0,1,1
chr19,57279870,57280294,2,"2,3",0,1,1
chr19,57578889,57579248,2,"1,3",1,0,1
chr19,58278499,58278856,2,"2,3",0,1,1
chr19,58386679,58387103,2,"2,3",0,1,1
chr2,677242,677326,2,"1,3",1,0,1
chr2,677326,677540,3,"1,2,3",1,1,1
chr2,677540,677662,2,"1,3",1,0,1
chr2,3377350,3377694,2,"2,3",0,1,1
chr2,3575061,3575485,2,"2,3",0,1,1
chr2,3651628,3652052,2,"2,3",0,1,1
chr2,8545019,8545267,2,"2,3",0,1,1
chr2,8681891,8682315,2,"2,3",0,1,1
chr2,11744039,11744333,2,"2,3",0,1,1
chr2,11750541,11750807,2,"2,3",0,1,1
chr2,11830254,11830674,2,"1,3",1,0,1
chr2,15591834,15592258,2,"2,3",0,1,1
chr2,18560420,18560844,2,"2,3",0,1,1
chr2,19901706,19902130,2,"2,3",0,1,1
chr2,20051375,20052015,2,"2,3",0,1,1
chr2,20579239,20579659,2,"1,3",1,0,1
chr2,23925972,23926392,2,"1,3",1,0,1
chr2,23926946,23927370,2,"2,3",0,1,1
chr2,24076149,24076569,2,"1,3",1,0,1
chr2,24793166,24793174,2,"2,3",0,1,1
chr2,24793174,24793590,3,"1,2,3",1,1,1
chr2,24793590,24793594,2,"1,3",1,0,1
chr2,24971914,24972295,2,"2,3",0,1,1
chr2,25210214,25210638,2,"2,3",0,1,1
chr2,25362642,25363059,2,"1,3",1,0,1
chr2,25419611,25420031,2,"1,3",1,0,1
chr2,25420797,25421168,2,"1,3",1,0,1
chr2,25878439,25878874,2,"2,3",0,1,1
chr2,27086413,27086837,2,"2,3",0,1,1
chr2,27489510,27490079,2,"1,3",1,0,1
chr2,28751406,28751654,2,"2,3",0,1,1
chr2,30337149,30337573,2,"2,3",0,1,1
chr2,31219238,31219451,2,"2,3",0,1,1
chr2,31219606,31219662,2,"2,3",0,1,1
chr2,36966657,36967081,2,"2,3",0,1,1
chr2,37090068,37090492,2,"2,3",0,1,1
chr2,37231294,37231718,2,"2,3",0,1,1
chr2,38602781,38603376,2,"2,3",0,1,1
chr2,38603477,38603550,2,"2,3",0,1,1
chr2,38607747,38608153,2,"2,3",0,1,1
chr2,38751312,38751736,2,"2,3",0,1,1
chr2,43225863,43226000,2,"2,3",0,1,1
chr2,43401984,43402607,2,"2,3",0,1,1
chr2,44361770,44362194,2,"2,3",0,1,1
chr2,47402837,47403261,2,"2,3",0,1,1
chr2,47708849,47709273,2,"2,3",0,1,1
chr2,53767728,53768148,2,"1,3",1,0,1
chr2,53786639,53786999,2,"2,3",0,1,1
chr2,54723389,54723813,2,"2,3",0,1,1
chr2,55617677,55617736,2,"2,3",0,1,1
chr2,55617736,55617880,3,"1,2,3",1,1,1
chr2,55617880,55617973,2,"2,3",0,1,1
chr2,63588711,63589135,2,"2,3",0,1,1
chr2,64524013,64524141,2,"2,3",0,1,1
chr2,68121290,68121714,2,"2,3",0,1,1
chr2,68157535,68157955,2,"1,3",1,0,1
chr2,68467475,68467895,2,"1,3",1,0,1
chr2,73233070,73233413,2,"2,3",0,1,1
chr2,73926625,73927006,2,"2,3",0,1,1
chr2,74198333,74198757,2,"2,3",0,1,1
chr2,74391876,74392291,2,"2,3",0,1,1
chr2,74454728,74455152,2,"2,3",0,1,1
chr2,84817362,84817643,2,"2,3",0,1,1
chr2,85327838,85328020,2,"2,3",0,1,1
chr2,85437482,85437717,2,"2,3",0,1,1
chr2,85538761,85539181,2,"1,3",1,0,1
chr2,86440806,86441431,2,"2,3",0,1,1
chr2,86563219,86563668,2,"1,3",1,0,1
chr2,96145128,96145533,2,"2,3",0,1,1
chr2,96265866,96265926,2,"2,3",0,1,1
chr2,96265926,96266290,3,"1,2,3",1,1,1
chr2,96266290,96266346,2,"1,3",1,0,1
chr2,96527197,96527726,2,"2,3",0,1,1
chr2,96638194,96638203,2,"2,3",0,1,1
chr2,96638203,96638618,3,"1,2,3",1,1,1
chr2,96638618,96638623,2,"1,3",1,0,1
chr2,96857822,96858457,2,"2,3",0,1,1
chr2,98454409,98454854,2,"2,3",0,1,1
chr2,109254435,109255053,2,"2,3",0,1,1
chr2,111219244,111219645,2,"1,3",1,0,1
chr2,112782451,112783034,2,"2,3",0,1,1
chr2,113175165,113175570,2,"1,3",1,0,1
chr2,113886416,113886840,2,"2,3",0,1,1
chr2,113889607,113890031,2,"2,3",0,1,1
chr2,119759513,119759632,2,"1,3",1,0,1
chr2,119759632,119759817,3,"1,2,3",1,1,1
chr2,119759817,119759933,2,"1,3",1,0,1
chr2,121530979,121531399,2,"1,3",1,0,1
chr2,121649682,121649766,2,"2,3",0,1,1
chr2,121649877,121650106,2,"2,3",0,1,1
chr2,135052569,135052993,2,"2,3",0,1,1
chr2,135985444,135985573,2,"1,3",1,0,1
chr2,135985573,135985737,3,"1,2,3",1,1,1
chr2,135985737,135985864,2,"1,3",1,0,1
chr2,136117916,136118340,2,"2,3",0,1,1
chr2,136206703,136207123,2,"1,3",1,0,1
chr2,136382327,136382701,2,"2,3",0,1,1
chr2,144519228,144519521,2,"2,3",0,1,1
chr2,151409692,151410116,2,"2,3",0,1,1
chr2,156332567,156332961,2,"2,3",0,1,1
chr2,157440964,157441303,2,"2,3",0,1,1
chr2,159712370,159712375,2,"2,3",0,1,1
chr2,159712375,159712491,3,"1,2,3",1,1,1
chr2,159712491,159712537,2,"2,3",0,1,1
chr2,165953951,165954358,2,"2,3",0,1,1
chr2,169827247,169827638,3,"1,2,3",1,1,1
chr2,169827638,169827652,2,"2,3",0,1,1
chr2,170928846,170928862,2,"1,3",1,0,1
chr2,170928862,170929266,3,"1,2,3",1,1,1
chr2,170929266,170929286,2,"2,3",0,1,1
chr2,171319091,171319455,2,"1,3",1,0,1
chr2,172102813,172103200,2,"2,3",0,1,1
chr2,174248422,174248846,2,"2,3",0,1,1
chr2,175167966,175168006,2,"2,3",0,1,1
chr2,175168006,175168390,3,"1,2,3",1,1,1
chr2,175168390,175168426,2,"1,3",1,0,1
chr2,178112225,178112631,2,"2,3",0,1,1
chr2,178414631,178415018,2,"1,3",1,0,1
chr2,178479046,178479311,2,"2,3",0,1,1
chr2,178530590,178531014,2,"2,3",0,1,1
chr2,182715937,182716357,2,"1,3",1,0,1
chr2,190343714,190344339,2,"2,3",0,1,1
chr2,191014062,191014486,2,"2,3",0,1,1
chr2,195505630,195505647,2,"2,3",0,1,1
chr2,195505647,195506054,3,"1,2,3",1,1,1
chr2,195506054,195506067,2,"1,3",1,0,1
chr2,195559628,195559916,2,"1,3",1,0,1
chr2,197705545,197705969,2,"2,3",0,1,1
chr2,200811623,200812047,2,"2,3",0,1,1
chr2,200889112,200889532,2,"1,3",1,0,1
chr2,201208790,201209214,2,"2,3",0,1,1
chr2,201642663,201643289,2,"2,3",0,1,1
chr2,206765355,206765779,2,"2,3",0,1,1
chr2,207529487,207529911,2,"2,3",0,1,1
chr2,213284167,213284173,2,"2,3",0,1,1
chr2,213284173,213284591,3,"1,2,3",1,1,1
chr2,213284591,213284593,2,"1,3",1,0,1
chr2,218286776,218287200,2,"2,3",0,1,1
chr2,218329410,218329830,2,"2,3",0,1,1
chr2,218396032,218396456,2,"2,3",0,1,1
chr2,218399561,218399947,2,"1,3",1,0,1
chr2,218659413,218659837,2,"2,3",0,1,1
chr2,218908895,218908897,2,"1,3",1,0,1
chr2,218908897,218909315,3,"1,2,3",1,1,1
chr2,218909315,218909321,2,"2,3",0,1,1
chr2,219245105,219245294,2,"2,3",0,1,1
chr2,219278988,219279412,2,"2,3",0,1,1
chr2,219498654,219498672,2,"2,3",0,1,1
chr2,219498672,219499067,3,"1,2,3",1,1,1
chr2,222912127,222912537,2,"2,3",0,1,1
chr2,230589463,230589474,2,"2,3",0,1,1
chr2,230589474,230589887,3,"1,2,3",1,1,1
chr2,230589887,230589894,2,"1,3",1,0,1
chr2,230984618,230985042,2,"2,3",0,1,1
chr2,231052815,231053207,2,"2,3",0,1,1
chr2,238060859,238061253,2,"2,3",0,1,1
chr2,240025387,240025811,2,"2,3",0,1,1
chr2,240586160,240586570,2,"2,3",0,1,1
chr2,241102154,241102662,2,"2,3",0,1,1
chr2,241355920,241356278,2,"2,3",0,1,1
chr2,241637266,241637349,2,"2,3",0,1,1
chr2,241637349,241637690,3,"1,2,3",1,1,1
chr2,241637690,241637769,2,"1,3",1,0,1
chr2,241734587,241735011,2,"2,3",0,1,1
chr20,1118315,1118735,2,"2,3",0,1,1
chr20,2652212,2652900,2,"2,3",0,1,1
chr20,2873228,2873652,2,"2,3",0,1,1
chr20,3767931,3768355,2,"2,3",0,1,1
chr20,10434965,10434990,2,"2,3",0,1,1
chr20,10434990,10435389,3,"1,2,3",1,1,1
chr20,10435389,10435410,2,"1,3",1,0,1
chr20,17968661,17968665,2,"1,3",1,0,1
chr20,17968665,17969089,3,"1,2,3",1,1,1
chr20,17969089,17969283,2,"1,3",1,0,1
chr20,25623893,25623907,2,"2,3",0,1,1
chr20,25623907,25624317,3,"1,2,3",1,1,1
chr20,25624317,25624327,2,"1,3",1,0,1
chr20,31879915,31880339,2,"2,3",0,1,1
chr20,31951775,31952199,2,"2,3",0,1,1
chr20,31968470,31968485,2,"2,3",0,1,1
chr20,31968485,31968666,3,"1,2,3",1,1,1
chr20,31968666,31968685,2,"1,3",1,0,1
chr20,32357861,32357973,2,"1,3",1,0,1
chr20,32357973,32358194,3,"1,2,3",1,1,1
chr20,32358194,32358281,2,"1,3",1,0,1
chr20,33666622,33667239,2,"2,3",0,1,1
chr20,33732378,33732802,2,"2,3",0,1,1
chr20,33778509,33778874,2,"2,3",0,1,1
chr20,34365830,34366170,2,"2,3",0,1,1
chr20,34709069,34709692,2,"2,3",0,1,1
chr20,35953971,35954440,2,"1,3",1,0,1
chr20,35954440,35954704,3,"1,2,3",1,1,1
chr20,35954704,35954864,2,"2,3",0,1,1
chr20,36236202,36236626,2,"2,3",0,1,1
chr20,38962204,38962628,2,"2,3",0,1,1
chr20,41133928,41134196,2,"2,3",0,1,1
chr20,41693333,41693337,2,"2,3",0,1,1
chr20,41693337,41693757,3,"1,2,3",1,1,1
chr20,44521808,44522232,2,"2,3",0,1,1
chr20,44646615,44646639,2,"2,3",0,1,1
chr20,44646834,44647039,2,"2,3",0,1,1
chr20,45368199,45368221,2,"1,3",1,0,1
chr20,45368221,45368619,3,"1,2,3",1,1,1
chr20,45368619,45368645,2,"2,3",0,1,1
chr20,45891079,45891499,2,"1,3",1,0,1
chr20,46108350,46108951,2,"2,3",0,1,1
chr20,50730931,50731355,2,"2,3",0,1,1
chr20,50929374,50929686,2,"1,3",1,0,1
chr20,50931479,50931525,2,"2,3",0,1,1
chr20,50931525,50931903,3,"1,2,3",1,1,1
chr20,50931903,50931945,2,"1,3",1,0,1
chr20,54063918,54064242,2,"2,3",0,1,1
chr20,54207725,54208149,2,"2,3",0,1,1
chr20,57480757,57481181,2,"2,3",0,1,1
chr20,58650955,58651016,2,"1,3",1,0,1
chr20,58651016,58651375,3,"1,2,3",1,1,1
chr20,58651375,58651440,2,"2,3",0,1,1
chr20,59005177,59005185,2,"2,3",0,1,1
chr20,63009585,63010005,2,"1,3",1,0,1
chr20,63980828,63981248,2,"1,3",1,0,1
chr21,14763315,14763660,2,"2,3",0,1,1
chr21,25176593,25177087,2,"2,3",0,1,1
chr21,29073556,29073568,2,"2,3",0,1,1
chr21,29073568,29073980,3,"1,2,3",1,1,1
chr21,29073980,29073988,2,"1,3",1,0,1
chr21,32771799,32772223,2,"2,3",0,1,1
chr21,33238523,33238947,2,"2,3",0,1,1
chr21,33976035,33976459,2,"2,3",0,1,1
chr21,37009751,37010175,2,"2,3",0,1,1
chr21,41928775,41929055,2,"1,3",1,0,1
chr21,42002456,42002830,2,"2,3",0,1,1
chr21,42505068,42505168,2,"2,3",0,1,1
chr21,46286062,46286482,2,"1,3",1,0,1
chr22,17257952,17257991,2,"2,3",0,1,1
chr22,17257991,17258376,3,"1,2,3",1,1,1
chr22,17258376,17258411,2,"1,3",1,0,1
chr22,19432273,19432280,2,"1,3",1,0,1
chr22,19432280,19432704,3,"1,2,3",1,1,1
chr22,19432704,19432705,2,"1,3",1,0,1
chr22,20624114,20624534,2,"1,3",1,0,1
chr22,21001933,21002357,2,"2,3",0,1,1
chr22,21938150,21938777,2,"2,3",0,1,1
chr22,21982614,21983023,2,"2,3",0,1,1
chr22,23838858,23839282,2,"2,3",0,1,1
chr22,23857861,23858163,2,"2,3",0,1,1
chr22,26428590,26428976,2,"2,3",0,1,1
chr22,28741699,28742123,2,"2,3",0,1,1
chr22,29202939,29203363,2,"1,3",1,0,1
chr22,30287831,30288071,2,"2,3",0,1,1
chr22,31084950,31085370,2,"1,3",1,0,1
chr22,31496220,31496644,2,"2,3",0,1,1
chr22,35128659,35128722,2,"2,3",0,1,1
chr22,35128722,35129076,3,"1,2,3",1,1,1
chr22,35257208,35257628,2,"1,3",1,0,1
chr22,36454859,36455395,2,"2,3",0,1,1
chr22,37163758,37164178,2,"1,3",1,0,1
chr22,37844352,37844727,2,"2,3",0,1,1
chr22,38260239,38260880,2,"1,3",1,0,1
chr22,39148847,39148996,2,"2,3",0,1,1
chr22,39299743,39300167,2,"2,3",0,1,1
chr22,39519958,39520382,2,"2,3",0,1,1
chr22,39529209,39529528,3,"1,2,3",1,1,1
chr22,39910065,39910489,2,"2,3",0,1,1
chr22,39956888,39957377,2,"2,3",0,1,1
chr22,40050218,40050642,2,"2,3",0,1,1
chr22,40951179,40951603,2,"2,3",0,1,1
chr22,41068908,41069285,3,"1,2,3",1,1,1
chr22,41069285,41069384,2,"2,3",0,1,1
chr22,41919717,41920394,2,"1,3",1,0,1
chr22,42437500,42437881,2,"2,3",0,1,1
chr22,42614722,42614735,2,"1,3",1,0,1
chr22,42614735,42615054,3,"1,2,3",1,1,1
chr22,42615187,42615461,2,"2,3",0,1,1
chr22,42856862,42857497,2,"2,3",0,1,1
chr22,44172406,44172826,2,"1,3",1,0,1
chr22,45309350,45309774,2,"2,3",0,1,1
chr22,49970703,49971117,2,"2,3",0,1,1
chr22,50251113,50251537,2,"2,3",0,1,1
chr22,50270702,50271037,2,"2,3",0,1,1
chr3,4986845,4987265,2,"1,3",1,0,1
chr3,9792821,9792842,2,"2,3",0,1,1
chr3,9792842,9793202,3,"1,2,3",1,1,1
chr3,9952285,9952591,2,"1,3",1,0,1
chr3,13046249,13046669,2,"1,3",1,0,1
chr3,14178611,14178734,2,"1,3",1,0,1
chr3,14178734,14178907,3,"1,2,3",1,1,1
chr3,14178907,14178949,2,"1,3",1,0,1
chr3,14651362,14651761,2,"2,3",0,1,1
chr3,15205864,15205981,2,"1,3",1,0,1
chr3,15205981,15206284,3,"1,2,3",1,1,1
chr3,15206284,15206405,2,"2,3",0,1,1
chr3,16589993,16590413,2,"1,3",1,0,1
chr3,17044863,17045292,2,"2,3",0,1,1
chr3,17151537,17151961,2,"2,3",0,1,1
chr3,36876345,36876973,2,"2,3",0,1,1
chr3,39108429,39108753,2,"2,3",0,1,1
chr3,39216194,39216618,2,"2,3",0,1,1
chr3,39288430,39288854,2,"2,3",0,1,1
chr3,39295135,39295158,2,"2,3",0,1,1
chr3,39295158,39295559,3,"1,2,3",1,1,1
chr3,39295559,39295578,2,"1,3",1,0,1
chr3,42600429,42600555,2,"1,3",1,0,1
chr3,42600555,42600698,3,"1,2,3",1,1,1
chr3,42600698,42600849,2,"1,3",1,0,1
chr3,43690739,43691159,2,"1,3",1,0,1
chr3,44761516,44761936,2,"1,3",1,0,1
chr3,44861603,44862235,2,"2,3",0,1,1
chr3,48301263,48301683,2,"1,3",1,0,1
chr3,48918273,48918697,2,"2,3",0,1,1
chr3,49007162,49007188,2,"2,3",0,1,1
chr3,49007188,49007608,3,"1,2,3",1,1,1
chr3,49007608,49007793,2,"2,3",0,1,1
chr3,49021243,49021663,2,"1,3",1,0,1
chr3,49093982,49094045,2,"2,3",0,1,1
chr3,49094045,49094150,3,"1,2,3",1,1,1
chr3,49094150,49094254,2,"2,3",0,1,1
chr3,50569159,50569583,2,"2,3",0,1,1
chr3,53163112,53163473,2,"2,3",0,1,1
chr3,57755942,57756366,2,"2,3",0,1,1
chr3,58196427,58196440,2,"2,3",0,1,1
chr3,58332617,58333041,2,"2,3",0,1,1
chr3,59386179,59386224,2,"2,3",0,1,1
chr3,59386224,59386603,3,"1,2,3",1,1,1
chr3,59386603,59386644,2,"1,3",1,0,1
chr3,72176460,72177012,2,"2,3",0,1,1
chr3,72756895,72757319,2,"2,3",0,1,1
chr3,94062738,94063362,2,"2,3",0,1,1
chr3,101677020,101677394,2,"1,3",1,0,1
chr3,105367841,105368265,2,"2,3",0,1,1
chr3,108124311,108125022,2,"2,3",0,1,1
chr3,113745773,113746197,2,"2,3",0,1,1
chr3,119463490,119464124,2,"2,3",0,1,1
chr3,122416121,122416545,2,"2,3",0,1,1
chr3,123201574,123201998,2,"2,3",0,1,1
chr3,123584620,123585018,2,"1,3",1,0,1
chr3,123585018,123585040,3,"1,2,3",1,1,1
chr3,123585040,123585107,2,"2,3",0,1,1
chr3,123585107,123585665,3,"1,2,3",1,1,1
chr3,123585665,123585733,2,"1,3",1,0,1
chr3,126084129,126084501,2,"2,3",0,1,1
chr3,128725805,128725950,2,"1,3",1,0,1
chr3,128725950,128726059,3,"1,2,3",1,1,1
chr3,128726059,128726225,2,"1,3",1,0,1
chr3,130850174,130850598,2,"2,3",0,1,1
chr3,136819196,136819645,2,"2,3",0,1,1
chr3,139389461,139389466,2,"2,3",0,1,1
chr3,139389466,139389886,3,"1,2,3",1,1,1
chr3,139389886,139390104,2,"2,3",0,1,1
chr3,142596112,142596536,2,"2,3",0,1,1
chr3,143848324,143848679,2,"2,3",0,1,1
chr3,149224821,149225245,2,"2,3",0,1,1
chr3,149658095,149658519,2,"2,3",0,1,1
chr3,150408279,150408904,2,"2,3",0,1,1
chr3,150703738,150704162,2,"2,3",0,1,1
chr3,150763416,150763840,2,"2,3",0,1,1
chr3,152268945,152269365,2,"1,3",1,0,1
chr3,155870187,155870858,2,"1,3",1,0,1
chr3,156674113,156674537,2,"2,3",0,1,1
chr3,158098055,158098403,2,"2,3",0,1,1
chr3,158109939,158110198,2,"2,3",0,1,1
chr3,160399112,160399464,2,"2,3",0,1,1
chr3,167691330,167691754,2,"2,3",0,1,1
chr3,169764923,169765347,2,"2,3",0,1,1
chr3,169940374,169940657,2,"2,3",0,1,1
chr3,169966534,169966705,2,"1,3",1,0,1
chr3,169966705,169966820,3,"1,2,3",1,1,1
chr3,169966820,169966954,2,"1,3",1,0,1
chr3,171460334,171461065,2,"2,3",0,1,1
chr3,172039391,172039728,2,"2,3",0,1,1
chr3,179562782,179563206,2,"2,3",0,1,1
chr3,184135146,184135570,2,"2,3",0,1,1
chr3,184186179,184186603,2,"2,3",0,1,1
chr3,184298739,184299163,2,"2,3",0,1,1
chr3,186567143,186567664,2,"2,3",0,1,1
chr3,186570217,186570440,2,"2,3",0,1,1
chr3,186783093,186783371,2,"2,3",0,1,1
chr3,186783500,186783517,2,"2,3",0,1,1
chr3,186783962,186784386,2,"2,3",0,1,1
chr3,187802898,187803318,2,"1,3",1,0,1
chr3,187935628,187936179,2,"2,3",0,1,1
chr3,190424458,190424785,2,"2,3",0,1,1
chr3,194583718,194583850,2,"1,3",1,0,1
chr3,194583850,194583999,3,"1,2,3",1,1,1
chr3,194583999,194584138,2,"1,3",1,0,1
chr3,196081885,196082305,2,"1,3",1,0,1
chr3,196624378,196624802,2,"2,3",0,1,1
chr3,196640006,196640373,2,"2,3",0,1,1
chr4,2963200,2963315,2,"1,3",1,0,1
chr4,2963315,2963493,3,"1,2,3",1,1,1
chr4,2963493,2963620,2,"1,3",1,0,1
chr4,4541853,4542273,2,"1,3",1,0,1
chr4,6782385,6782809,2,"2,3",0,1,1
chr4,6909274,6909698,2,"2,3",0,1,1
chr4,8172120,8172544,2,"2,3",0,1,1
chr4,13548828,13549323,2,"2,3",0,1,1
chr4,15681542,15681584,2,"2,3",0,1,1
chr4,15681584,15681730,3,"1,2,3",1,1,1
chr4,15681730,15681752,2,"2,3",0,1,1
chr4,17810700,17810790,2,"1,3",1,0,1
chr4,17810790,17811022,3,"1,2,3",1,1,1
chr4,17811022,17811120,2,"1,3",1,0,1
chr4,26583833,26584253,2,"1,3",1,0,1
chr4,36244325,36244947,2,"2,3",0,1,1
chr4,36286050,36286099,2,"2,3",0,1,1
chr4,36286099,36286474,3,"1,2,3",1,1,1
chr4,36286474,36286519,2,"1,3",1,0,1
chr4,38818368,38818788,2,"1,3",1,0,1
chr4,38857677,38858100,2,"2,3",0,1,1
chr4,40309400,40309733,2,"1,3",1,0,1
chr4,47485048,47485451,2,"2,3",0,1,1
chr4,51842741,51843165,2,"2,3",0,1,1
chr4,52712000,52712424,2,"2,3",0,1,1
chr4,55346085,55346176,2,"2,3",0,1,1
chr4,55948620,55949331,2,"1,3",1,0,1
chr4,56387034,56387215,2,"2,3",0,1,1
chr4,56387215,56387347,3,"1,2,3",1,1,1
chr4,56387347,56387635,2,"1,3",1,0,1
chr4,67701086,67701495,2,"2,3",0,1,1
chr4,70993241,70993569,2,"2,3",0,1,1
chr4,74157852,74158276,2,"2,3",0,1,1
chr4,82373935,82374355,2,"1,3",1,0,1
chr4,82900772,82901192,2,"1,3",1,0,1
chr4,83240308,83240732,2,"2,3",0,1,1
chr4,83455760,83456184,2,"2,3",0,1,1
chr4,98663418,98663842,2,"2,3",0,1,1
chr4,99816556,99816980,2,"2,3",0,1,1
chr4,99949048,99949327,2,"2,3",0,1,1
chr4,99950377,99950801,2,"2,3",0,1,1
chr4,102345211,102345635,2,"2,3",0,1,1
chr4,102827842,102828266,2,"2,3",0,1,1
chr4,102868956,102869380,2,"2,3",0,1,1
chr4,105146569,105147155,2,"2,3",0,1,1
chr4,105708527,105708541,2,"1,3",1,0,1
chr4,105708541,105708947,3,"1,2,3",1,1,1
chr4,105708947,105708965,2,"2,3",0,1,1
chr4,108620265,108620689,2,"2,3",0,1,1
chr4,109561027,109561421,2,"2,3",0,1,1
chr4,113837400,113837769,2,"2,3",0,1,1
chr4,114603469,114603836,2,"2,3",0,1,1
chr4,121199917,121200341,2,"2,3",0,1,1
chr4,127964924,127964945,2,"2,3",0,1,1
chr4,127964945,127965365,3,"1,2,3",1,1,1
chr4,127965365,127965651,2,"2,3",0,1,1
chr4,139301167,139301591,2,"2,3",0,1,1
chr4,139453517,139453529,2,"1,3",1,0,1
chr4,139453529,139453937,3,"1,2,3",1,1,1
chr4,139453937,139453953,2,"2,3",0,1,1
chr4,140373417,140373841,2,"2,3",0,1,1
chr4,140523758,140524182,2,"2,3",0,1,1
chr4,143513267,143513280,2,"2,3",0,1,1
chr4,143513280,143513691,3,"1,2,3",1,1,1
chr4,143513691,143513942,2,"1,3",1,0,1
chr4,151407755,151408175,2,"1,3",1,0,1
chr4,155667492,155668306,2,"2,3",0,1,1
chr4,159018049,159018473,2,"2,3",0,1,1
chr4,174538019,174538640,2,"1,3",1,0,1
chr4,183504398,183504822,2,"2,3",0,1,1
chr4,184267832,184268508,2,"2,3",0,1,1
chr4,184514293,184514713,2,"1,3",1,0,1
chr4,185142997,185142998,2,"2,3",0,1,1
chr4,185142998,185143418,3,"1,2,3",1,1,1
chr4,185143418,185143421,2,"2,3",0,1,1
chr4,189940514,189940938,2,"2,3",0,1,1
chr5,399996,400420,2,"2,3",0,1,1
chr5,1792768,1792773,2,"2,3",0,1,1
chr5,1792773,1793192,3,"1,2,3",1,1,1
chr5,1793192,1793193,2,"1,3",1,0,1
chr5,1799642,1800062,2,"2,3",0,1,1
chr5,10631999,10632423,2,"2,3",0,1,1
chr5,10685074,10685493,2,"2,3",0,1,1
chr5,33933794,33934214,2,"1,3",1,0,1
chr5,34915394,34915818,2,"2,3",0,1,1
chr5,37370971,37371395,2,"2,3",0,1,1
chr5,38453473,38453893,2,"1,3",1,0,1
chr5,43017864,43018269,2,"2,3",0,1,1
chr5,55995008,55995428,2,"1,3",1,0,1
chr5,57173818,57173824,2,"2,3",0,1,1
chr5,57173824,57174242,3,"1,2,3",1,1,1
chr5,57174242,57174244,2,"1,3",1,0,1
chr5,60541351,60541775,2,"2,3",0,1,1
chr5,62412652,62413076,2,"2,3",0,1,1
chr5,66143957,66144381,2,"2,3",0,1,1
chr5,74631779,74632068,2,"2,3",0,1,1
chr5,74632158,74632203,2,"2,3",0,1,1
chr5,75336778,75337171,2,"2,3",0,1,1
chr5,75511309,75511733,2,"2,3",0,1,1
chr5,76402790,76403214,2,"2,3",0,1,1
chr5,78359932,78360356,2,"2,3",0,1,1
chr5,79514433,79514828,2,"2,3",0,1,1
chr5,80125611,80125749,2,"1,3",1,0,1
chr5,80125882,80125918,2,"1,3",1,0,1
chr5,80125918,80126031,3,"1,2,3",1,1,1
chr5,80126031,80126342,2,"2,3",0,1,1
chr5,81851757,81852159,2,"1,3",1,0,1
chr5,83473522,83473946,2,"2,3",0,1,1
chr5,90529625,90530045,2,"1,3",1,0,1
chr5,94793350,94793410,2,"1,3",1,0,1
chr5,94793410,94793770,3,"1,2,3",1,1,1
chr5,94793770,94793834,2,"2,3",0,1,1
chr5,96935909,96936184,2,"2,3",0,1,1
chr5,103119708,103120067,2,"2,3",0,1,1
chr5,112860936,112861360,2,"2,3",0,1,1
chr5,115602299,115602723,2,"2,3",0,1,1
chr5,119031297,119031721,2,"2,3",0,1,1
chr5,119537683,119537738,2,"1,3",1,0,1
chr5,119537738,119538103,3,"1,2,3",1,1,1
chr5,119538103,119538162,2,"2,3",0,1,1
chr5,128082901,128083325,2,"2,3",0,1,1
chr5,131170594,131170608,2,"2,3",0,1,1
chr5,131170608,131171018,3,"1,2,3",1,1,1
chr5,131171018,131171268,2,"1,3",1,0,1
chr5,131635079,131635710,2,"2,3",0,1,1
chr5,132426611,132427035,2,"2,3",0,1,1
chr5,132556575,132557207,2,"2,3",0,1,1
chr5,132664208,132664534,2,"2,3",0,1,1
chr5,133051749,133052173,2,"2,3",0,1,1
chr5,133968190,133968823,2,"1,3",1,0,1
chr5,134845710,134846134,2,"2,3",0,1,1
chr5,136132612,136133036,2,"2,3",0,1,1
chr5,138337380,138337963,2,"1,3",1,0,1
chr5,138352375,138352761,2,"2,3",0,1,1
chr5,138543305,138543729,2,"2,3",0,1,1
chr5,139293485,139293617,2,"1,3",1,0,1
chr5,139293617,139293768,3,"1,2,3",1,1,1
chr5,139293768,139293851,2,"1,3",1,0,1
chr5,139341659,139342318,2,"2,3",0,1,1
chr5,140107549,140108177,2,"2,3",0,1,1
chr5,140113835,140114005,2,"1,3",1,0,1
chr5,140114005,140114145,3,"1,2,3",1,1,1
chr5,140114145,140114255,2,"1,3",1,0,1
chr5,140711099,140711139,2,"2,3",0,1,1
chr5,140711139,140711523,3,"1,2,3",1,1,1
chr5,140711523,140711559,2,"1,3",1,0,1
chr5,143405272,143405517,2,"2,3",0,1,1
chr5,148383651,148383698,2,"1,3",1,0,1
chr5,148383698,148384060,3,"1,2,3",1,1,1
chr5,148384060,148384122,2,"2,3",0,1,1
chr5,148831628,148832040,2,"2,3",0,1,1
chr5,149345353,149345777,2,"2,3",0,1,1
chr5,149551213,149551633,2,"1,3",1,0,1
chr5,150410031,150410061,2,"2,3",0,1,1
chr5,150410131,150410327,2,"2,3",0,1,1
chr5,150449721,150449988,2,"2,3",0,1,1
chr5,150449988,150450226,3,"1,2,3",1,1,1
chr5,150477199,150477623,2,"2,3",0,1,1
chr5,150700862,150701286,2,"2,3",0,1,1
chr5,151094024,151094652,2,"2,3",0,1,1
chr5,151098195,151098581,2,"2,3",0,1,1
chr5,151214592,151214956,2,"2,3",0,1,1
chr5,157571291,157571668,2,"2,3",0,1,1
chr5,157729848,157730251,2,"2,3",0,1,1
chr5,157743484,157743908,2,"2,3",0,1,1
chr5,159458288,159458342,2,"1,3",1,0,1
chr5,159458342,159458556,3,"1,2,3",1,1,1
chr5,160008857,160009281,2,"2,3",0,1,1
chr5,160418987,160419411,2,"2,3",0,1,1
chr5,163437321,163437745,2,"2,3",0,1,1
chr5,168481340,168481778,2,"2,3",0,1,1
chr5,168486442,168487151,2,"2,3",0,1,1
chr5,169583565,169583655,2,"1,3",1,0,1
chr5,169583655,169583840,3,"1,2,3",1,1,1
chr5,169583840,169583985,2,"1,3",1,0,1
chr5,170331144,170331373,3,"1,2,3",1,1,1
chr5,170331373,170331805,2,"1,3",1,0,1
chr5,172187517,172187822,2,"2,3",0,1,1
chr5,173615951,173616487,2,"2,3",0,1,1
chr5,173616591,173617006,2,"1,3",1,0,1
chr5,173887902,173888322,2,"1,3",1,0,1
chr5,176361563,176361616,2,"1,3",1,0,1
chr5,176361616,176361983,3,"1,2,3",1,1,1
chr5,176361983,176362040,2,"2,3",0,1,1
chr5,177022482,177022887,2,"2,3",0,1,1
chr5,177591971,177592266,2,"2,3",0,1,1
chr5,178116493,178116904,2,"2,3",0,1,1
chr5,179858430,179858854,2,"2,3",0,1,1
chr5,180810226,180810650,2,"2,3",0,1,1
chr5,181191490,181191910,2,"1,3",1,0,1
chr5,181221901,181222250,2,"2,3",0,1,1
chr5,181222250,181222537,3,"1,2,3",1,1,1
chr5,181222537,181222626,2,"1,3",1,0,1
chr5,181243808,181244232,2,"2,3",0,1,1
chr6,291574,291823,2,"2,3",0,1,1
chr6,292710,293075,2,"2,3",0,1,1
chr6,2857503,2858028,2,"2,3",0,1,1
chr6,2891727,2892151,2,"2,3",0,1,1
chr6,3027034,3027362,2,"2,3",0,1,1
chr6,10460062,10460486,2,"2,3",0,1,1
chr6,12010976,12011400,2,"2,3",0,1,1
chr6,13273826,13274250,2,"2,3",0,1,1
chr6,13615134,13615554,2,"1,3",1,0,1
chr6,14121812,14121843,2,"1,3",1,0,1
chr6,14121843,14122308,3,"1,2,3",1,1,1
chr6,15151202,15151563,2,"2,3",0,1,1
chr6,15245544,15245968,2,"2,3",0,1,1
chr6,20211989,20212375,2,"2,3",0,1,1
chr6,20401657,20401952,2,"2,3",0,1,1
chr6,21593506,21593873,2,"2,3",0,1,1
chr6,25042963,25043558,2,"2,3",0,1,1
chr6,26020440,26020939,2,"1,3",1,0,1
chr6,26021081,26021086,2,"1,3",1,0,1
chr6,26027076,26027488,2,"2,3",0,1,1
chr6,26054873,26055040,2,"2,3",0,1,1
chr6,26103752,26104172,2,"1,3",1,0,1
chr6,26123010,26123434,2,"2,3",0,1,1
chr6,26156431,26156808,2,"2,3",0,1,1
chr6,26188401,26188568,2,"2,3",0,1,1
chr6,26216894,26217318,2,"2,3",0,1,1
chr6,26234589,26235013,2,"2,3",0,1,1
chr6,26285485,26285591,2,"2,3",0,1,1
chr6,26285591,26285909,3,"1,2,3",1,1,1
chr6,26285909,26286011,2,"1,3",1,0,1
chr6,27127075,27127379,2,"2,3",0,1,1
chr6,27777326,27777611,2,"2,3",0,1,1
chr6,28080714,28081138,2,"2,3",0,1,1
chr6,28141670,28142094,2,"2,3",0,1,1
chr6,28225053,28225434,2,"2,3",0,1,1
chr6,28896092,28896516,2,"2,3",0,1,1
chr6,30066954,30067580,2,"2,3",0,1,1
chr6,30345003,30345427,2,"2,3",0,1,1
chr6,31542155,31542516,2,"2,3",0,1,1
chr6,31546615,31547034,2,"2,3",0,1,1
chr6,31547349,31547701,2,"2,3",0,1,1
chr6,31575359,31575631,2,"2,3",0,1,1
chr6,31586551,31586911,2,"2,3",0,1,1
chr6,31664890,31665189,2,"1,3",1,0,1
chr6,31901992,31902621,2,"2,3",0,1,1
chr6,32196354,32196439,2,"2,3",0,1,1
chr6,32196439,32196704,3,"1,2,3",1,1,1
chr6,32854041,32854299,2,"2,3",0,1,1
chr6,32854459,32854465,2,"2,3",0,1,1
chr6,32941443,32941842,2,"2,3",0,1,1
chr6,32944349,32944761,3,"1,2,3",1,1,1
chr6,32944761,32944763,2,"1,3",1,0,1
chr6,32971981,32972496,2,"1,3",1,0,1
chr6,33200089,33200509,2,"1,3",1,0,1
chr6,33200657,33200669,2,"2,3",0,1,1
chr6,33200669,33200958,3,"1,2,3",1,1,1
chr6,33299083,33299503,2,"1,3",1,0,1
chr6,33322858,33323208,3,"1,2,3",1,1,1
chr6,33323208,33323255,2,"2,3",0,1,1
chr6,33570771,33571456,2,"2,3",0,1,1
chr6,33788991,33789011,2,"2,3",0,1,1
chr6,33789011,33789379,3,"1,2,3",1,1,1
chr6,34236298,34236402,2,"2,3",0,1,1
chr6,34757233,34757657,2,"2,3",0,1,1
chr6,35468121,35468280,2,"1,3",1,0,1
chr6,35468280,35468390,3,"1,2,3",1,1,1
chr6,35468390,35468541,2,"1,3",1,0,1
chr6,35728130,35728421,2,"2,3",0,1,1
chr6,35731464,35731888,2,"2,3",0,1,1
chr6,36027477,36027562,2,"1,3",1,0,1
chr6,36027562,36027824,3,"1,2,3",1,1,1
chr6,36027824,36027897,2,"1,3",1,0,1
chr6,36358046,36358435,2,"2,3",0,1,1
chr6,36358560,36358980,2,"1,3",1,0,1
chr6,36594168,36594685,2,"2,3",0,1,1
chr6,36667053,36667477,2,"2,3",0,1,1
chr6,41333906,41334330,2,"2,3",0,1,1
chr6,41723593,41723990,2,"2,3",0,1,1
chr6,41735512,41735782,2,"2,3",0,1,1
chr6,42025339,42025763,2,"2,3",0,1,1
chr6,42929001,42929425,2,"2,3",0,1,1
chr6,42929972,42930022,2,"2,3",0,1,1
chr6,42930022,42930396,3,"1,2,3",1,1,1
chr6,42930396,42930423,2,"1,3",1,0,1
chr6,43427597,43428021,2,"2,3",0,1,1
chr6,43516798,43517222,2,"2,3",0,1,1
chr6,43635438,43636015,2,"2,3",0,1,1
chr6,44387361,44387452,2,"1,3",1,0,1
chr6,44387452,44387565,3,"1,2,3",1,1,1
chr6,44387565,44387745,2,"1,3",1,0,1
chr6,46129778,46130202,2,"2,3",0,1,1
chr6,47477510,47477934,2,"2,3",0,1,1
chr6,52420020,52420184,2,"1,3",1,0,1
chr6,52420184,52420290,3,"1,2,3",1,1,1
chr6,52420290,52420440,2,"1,3",1,0,1
chr6,53231669,53232089,2,"1,3",1,0,1
chr6,57172371,57172795,2,"2,3",0,1,1
chr6,70413039,70413463,2,"2,3",0,1,1
chr6,70857375,70858005,2,"2,3",0,1,1
chr6,72621959,72622392,2,"2,3",0,1,1
chr6,75243437,75243861,2,"2,3",0,1,1
chr6,75284847,75285181,2,"2,3",0,1,1
chr6,83859417,83859752,3,"1,2,3",1,1,1
chr6,83859752,83859764,2,"2,3",0,1,1
chr6,89372083,89372385,2,"2,3",0,1,1
chr6,97283061,97283208,2,"1,3",1,0,1
chr6,97283208,97283366,3,"1,2,3",1,1,1
chr6,97283366,97283481,2,"1,3",1,0,1
chr6,99568620,99568626,2,"1,3",1,0,1
chr6,99568626,99569016,3,"1,2,3",1,1,1
chr6,100881309,100881733,2,"2,3",0,1,1
chr6,106101970,106102006,2,"2,3",0,1,1
chr6,106102006,106102394,3,"1,2,3",1,1,1
chr6,106102394,106102426,2,"1,3",1,0,1
chr6,106520846,106521270,2,"2,3",0,1,1
chr6,107957969,107958393,2,"2,3",0,1,1
chr6,108558418,108558442,2,"2,3",0,1,1
chr6,108558442,108558754,3,"1,2,3",1,1,1
chr6,108565145,108565569,2,"2,3",0,1,1
chr6,108848201,108848625,2,"2,3",0,1,1
chr6,108904704,108905128,2,"2,3",0,1,1
chr6,109382492,109382611,2,"1,3",1,0,1
chr6,109382704,109382912,3,"1,2,3",1,1,1
chr6,109382912,109383035,2,"2,3",0,1,1
chr6,113858755,113859175,2,"1,3",1,0,1
chr6,116253442,116254167,2,"2,3",0,1,1
chr6,116279739,116279794,2,"1,3",1,0,1
chr6,116279794,116280159,3,"1,2,3",1,1,1
chr6,116280159,116280209,2,"2,3",0,1,1
chr6,118934417,118934841,2,"2,3",0,1,1
chr6,125798793,125799084,2,"1,3",1,0,1
chr6,131628124,131628548,2,"2,3",0,1,1
chr6,134247370,134247790,2,"1,3",1,0,1
chr6,135182789,135183152,2,"2,3",0,1,1
chr6,137866938,137867559,2,"1,3",1,0,1
chr6,138456019,138456443,2,"2,3",0,1,1
chr6,138773166,138773696,2,"2,3",0,1,1
chr6,140271774,140272171,2,"2,3",0,1,1
chr6,143450518,143450557,2,"1,3",1,0,1
chr6,143450557,143450938,3,"1,2,3",1,1,1
chr6,143450938,143450981,2,"2,3",0,1,1
chr6,143843037,143843457,3,"1,2,3",1,1,1
chr6,143843457,143843461,2,"2,3",0,1,1
chr6,144151069,144151473,2,"2,3",0,1,1
chr6,149032240,149032664,2,"2,3",0,1,1
chr6,149484750,149485174,2,"2,3",0,1,1
chr6,150622867,150623270,2,"2,3",0,1,1
chr6,153002548,153003175,2,"2,3",0,1,1
chr6,154605235,154605523,2,"2,3",0,1,1
chr6,154606433,154606853,2,"1,3",1,0,1
chr6,156767865,156768498,2,"2,3",0,1,1
chr6,157100198,157100623,2,"1,3",1,0,1
chr6,158439272,158439695,2,"2,3",0,1,1
chr6,158518238,158518662,2,"2,3",0,1,1
chr6,158648730,158649039,2,"2,3",0,1,1
chr6,158649833,158650134,2,"2,3",0,1,1
chr6,158653542,158653912,2,"1,3",1,0,1
chr6,159726744,159727380,2,"2,3",0,1,1
chr6,166588087,166588407,2,"2,3",0,1,1
chr6,167153502,167153791,2,"2,3",0,1,1
chr6,169701871,169701875,2,"2,3",0,1,1
chr6,169701875,169702295,3,"1,2,3",1,1,1
chr6,169702295,169702499,2,"1,3",1,0,1
chr7,876162,876582,2,"1,3",1,0,1
chr7,1024253,1024592,3,"1,2,3",1,1,1
chr7,1024592,1024596,2,"1,3",1,0,1
chr7,2232729,2232742,2,"1,3",1,0,1
chr7,2232742,2233149,3,"1,2,3",1,1,1
chr7,2233149,2233166,2,"2,3",0,1,1
chr7,2558836,2559149,2,"2,3",0,1,1
chr7,5530445,5530790,2,"2,3",0,1,1
chr7,6706748,6707172,2,"2,3",0,1,1
chr7,7251750,7252151,2,"2,3",0,1,1
chr7,7258328,7258650,2,"2,3",0,1,1
chr7,7640313,7640581,2,"2,3",0,1,1
chr7,20330888,20331312,2,"2,3",0,1,1
chr7,24899874,24900141,2,"2,3",0,1,1
chr7,26398901,26399031,2,"1,3",1,0,1
chr7,26399031,26399321,3,"1,2,3",1,1,1
chr7,26399321,26399420,2,"2,3",0,1,1
chr7,30028249,30028673,2,"2,3",0,1,1
chr7,35800741,35800762,2,"1,3",1,0,1
chr7,35800762,35801161,3,"1,2,3",1,1,1
chr7,35801161,35801186,2,"2,3",0,1,1
chr7,37683555,37683975,2,"1,3",1,0,1
chr7,48084930,48085340,3,"1,2,3",1,1,1
chr7,48085340,48085349,2,"2,3",0,1,1
chr7,49766998,49767340,2,"1,3",1,0,1
chr7,76047816,76047994,2,"1,3",1,0,1
chr7,76047994,76048123,3,"1,2,3",1,1,1
chr7,76048123,76048236,2,"1,3",1,0,1
chr7,76201685,76202021,2,"1,3",1,0,1
chr7,90403507,90403544,2,"2,3",0,1,1
chr7,90403544,90403964,3,"1,2,3",1,1,1
chr7,90403964,90404130,2,"2,3",0,1,1
chr7,91264200,91264202,2,"2,3",0,1,1
chr7,91264202,91264622,3,"1,2,3",1,1,1
chr7,91264622,91264624,2,"2,3",0,1,1
chr7,92134390,92134814,2,"2,3",0,1,1
chr7,92447277,92447701,2,"2,3",0,1,1
chr7,93232179,93232603,2,"2,3",0,1,1
chr7,98202444,98202841,3,"1,2,3",1,1,1
chr7,98202841,98202843,2,"2,3",0,1,1
chr7,99380158,99380582,2,"2,3",0,1,1
chr7,99558355,99558779,2,"2,3",0,1,1
chr7,100396621,100396996,2,"2,3",0,1,1
chr7,100428408,100428457,2,"1,3",1,0,1
chr7,100428552,100428828,2,"1,3",1,0,1
chr7,100516097,100516521,2,"2,3",0,1,1
chr7,100705806,100706230,2,"2,3",0,1,1
chr7,101165442,101165755,3,"1,2,3",1,1,1
chr7,101165755,101165804,2,"1,3",1,0,1
chr7,101244498,101244538,2,"2,3",0,1,1
chr7,101244661,101244922,2,"2,3",0,1,1
chr7,102396018,102396028,2,"1,3",1,0,1
chr7,102396028,102396438,3,"1,2,3",1,1,1
chr7,102396438,102396452,2,"2,3",0,1,1
chr7,102426175,102426187,2,"2,3",0,1,1
chr7,102426469,102426599,2,"2,3",0,1,1
chr7,103149434,103149858,2,"2,3",0,1,1
chr7,104922969,104923393,2,"2,3",0,1,1
chr7,104945090,104945094,2,"2,3",0,1,1
chr7,104945094,104945514,3,"1,2,3",1,1,1
chr7,105809492,105809615,2,"2,3",0,1,1
chr7,106871029,106871038,2,"2,3",0,1,1
chr7,106871038,106871445,3,"1,2,3",1,1,1
chr7,107563957,107564381,2,"2,3",0,1,1
chr7,107638493,107638897,3,"1,2,3",1,1,1
chr7,107638897,107638913,2,"1,3",1,0,1
chr7,112450732,112450760,2,"1,3",1,0,1
chr7,112450760,112451152,3,"1,2,3",1,1,1
chr7,112451152,112451184,2,"2,3",0,1,1
chr7,116955763,116956174,2,"2,3",0,1,1
chr7,118183923,118184347,2,"2,3",0,1,1
chr7,120272249,120272483,2,"1,3",1,0,1
chr7,120950967,120951357,2,"2,3",0,1,1
chr7,121395894,121396318,2,"2,3",0,1,1
chr7,123557649,123558073,2,"2,3",0,1,1
chr7,124929770,124930194,2,"2,3",0,1,1
chr7,128343637,128344057,2,"1,3",1,0,1
chr7,129123019,129123443,2,"2,3",0,1,1
chr7,130205373,130205415,2,"2,3",0,1,1
chr7,130205415,130205533,3,"1,2,3",1,1,1
chr7,130205533,130205591,2,"2,3",0,1,1
chr7,131107908,131108287,2,"2,3",0,1,1
chr7,134986304,134986728,2,"2,3",0,1,1
chr7,134995238,134995600,2,"2,3",0,1,1
chr7,139359513,139359543,2,"1,3",1,0,1
chr7,139359543,139359933,3,"1,2,3",1,1,1
chr7,139359933,139359967,2,"2,3",0,1,1
chr7,140210192,140210616,2,"2,3",0,1,1
chr7,141014799,141015223,2,"2,3",0,1,1
chr7,142808858,142809278,2,"1,3",1,0,1
chr7,149195441,149195865,2,"2,3",0,1,1
chr7,149261911,149262331,2,"1,3",1,0,1
chr7,151471729,151472153,2,"2,3",0,1,1
chr7,155070007,155070049,2,"1,3",1,0,1
chr7,155070049,155070174,3,"1,2,3",1,1,1
chr7,155070174,155070318,2,"1,3",1,0,1
chr8,8569064,8569480,2,"2,3",0,1,1
chr8,8625736,8626130,2,"2,3",0,1,1
chr8,11493489,11493665,2,"2,3",0,1,1
chr8,11545654,11546317,2,"2,3",0,1,1
chr8,19817088,19817512,2,"2,3",0,1,1
chr8,22604502,22604854,2,"2,3",0,1,1
chr8,22704902,22705326,2,"2,3",0,1,1
chr8,22719074,22719451,2,"2,3",0,1,1
chr8,22975020,22975044,2,"1,3",1,0,1
chr8,22975044,22975719,3,"1,2,3",1,1,1
chr8,22975719,22975731,2,"2,3",0,1,1
chr8,23287939,23288363,2,"2,3",0,1,1
chr8,26382630,26382923,2,"2,3",0,1,1
chr8,28889903,28890527,2,"2,3",0,1,1
chr8,29350464,29350888,2,"2,3",0,1,1
chr8,29524124,29524548,2,"2,3",0,1,1
chr8,33484906,33485330,2,"2,3",0,1,1
chr8,37401835,37401843,2,"2,3",0,1,1
chr8,37401843,37402259,3,"1,2,3",1,1,1
chr8,37402259,37402263,2,"1,3",1,0,1
chr8,37736401,37736825,2,"2,3",0,1,1
chr8,38105270,38105309,2,"1,3",1,0,1
chr8,38105309,38105690,3,"1,2,3",1,1,1
chr8,38105690,38105733,2,"2,3",0,1,1
chr8,38231362,38231367,2,"2,3",0,1,1
chr8,38231367,38231786,3,"1,2,3",1,1,1
chr8,38231786,38231787,2,"1,3",1,0,1
chr8,38382925,38383243,2,"2,3",0,1,1
chr8,41577896,41578320,2,"2,3",0,1,1
chr8,41828622,41829121,2,"2,3",0,1,1
chr8,42152600,42153024,2,"2,3",0,1,1
chr8,42153375,42153663,2,"2,3",0,1,1
chr8,42391389,42391528,2,"1,3",1,0,1
chr8,42391528,42391686,3,"1,2,3",1,1,1
chr8,42391686,42391809,2,"1,3",1,0,1
chr8,42842674,42842995,2,"2,3",0,1,1
chr8,42843105,42843126,2,"1,3",1,0,1
chr8,42843126,42843525,3,"1,2,3",1,1,1
chr8,42843525,42843550,2,"2,3",0,1,1
chr8,43140601,43141025,2,"2,3",0,1,1
chr8,47960614,47961038,2,"2,3",0,1,1
chr8,55885629,55886024,2,"2,3",0,1,1
chr8,58801388,58801792,2,"2,3",0,1,1
chr8,60622176,60622600,2,"2,3",0,1,1
chr8,60903964,60904138,2,"1,3",1,0,1
chr8,60904138,60904384,3,"1,2,3",1,1,1
chr8,60904384,60904562,2,"2,3",0,1,1
chr8,60916442,60917014,3,"1,2,3",1,1,1
chr8,64695062,64695479,2,"2,3",0,1,1
chr8,66113997,66114381,2,"2,3",0,1,1
chr8,66428778,66429403,2,"2,3",0,1,1
chr8,73835679,73836103,2,"2,3",0,1,1
chr8,74350355,74350775,2,"1,3",1,0,1
chr8,78665280,78665704,2,"2,3",0,1,1
chr8,80029788,80030212,2,"2,3",0,1,1
chr8,80347820,80348244,2,"2,3",0,1,1
chr8,86508275,86508920,2,"2,3",0,1,1
chr8,94719618,94720042,2,"2,3",0,1,1
chr8,97631341,97631761,2,"1,3",1,0,1
chr8,100493372,100493499,2,"1,3",1,0,1
chr8,101137281,101137705,2,"2,3",0,1,1
chr8,102197391,102197815,2,"2,3",0,1,1
chr8,102528602,102529026,2,"2,3",0,1,1
chr8,102535747,102535962,2,"2,3",0,1,1
chr8,102979578,102980002,2,"2,3",0,1,1
chr8,103414580,103414934,2,"2,3",0,1,1
chr8,108443447,108443871,2,"2,3",0,1,1
chr8,118282043,118282441,2,"2,3",0,1,1
chr8,120445025,120445449,2,"2,3",0,1,1
chr8,124450620,124450977,2,"2,3",0,1,1
chr8,125091600,125092024,2,"2,3",0,1,1
chr8,127178593,127178992,2,"2,3",0,1,1
chr8,127210356,127210382,2,"2,3",0,1,1
chr8,127210497,127210780,2,"2,3",0,1,1
chr8,127993144,127993552,2,"2,3",0,1,1
chr8,131904294,131904571,2,"2,3",0,1,1
chr8,134832528,134832898,2,"2,3",0,1,1
chr8,141118068,141118373,2,"2,3",0,1,1
chr8,143024365,143024671,2,"1,3",1,0,1
chr8,143549380,143549769,2,"1,3",1,0,1
chr8,143829172,143829303,2,"1,3",1,0,1
chr8,143829303,143829518,3,"1,2,3",1,1,1
chr8,143829518,143829592,2,"1,3",1,0,1
chr8,144078219,144078839,2,"1,3",1,0,1
chr8,144104157,144104581,2,"2,3",0,1,1
chr8,144792244,144792875,2,"2,3",0,1,1
chr9,4679325,4679983,2,"2,3",0,1,1
chr9,4971229,4971653,2,"2,3",0,1,1
chr9,6413056,6413107,2,"2,3",0,1,1
chr9,6413107,6413212,3,"1,2,3",1,1,1
chr9,6413212,6413277,2,"2,3",0,1,1
chr9,6681459,6681627,2,"1,3",1,0,1
chr9,6681627,6681737,3,"1,2,3",1,1,1
chr9,6681737,6681879,2,"1,3",1,0,1
chr9,15422502,15422926,2,"2,3",0,1,1
chr9,19049133,19049147,2,"2,3",0,1,1
chr9,19049147,19049557,3,"1,2,3",1,1,1
chr9,19049557,19049567,2,"1,3",1,0,1
chr9,19102244,19102668,2,"2,3",0,1,1
chr9,19380066,19380102,2,"1,3",1,0,1
chr9,19380102,19380486,3,"1,2,3",1,1,1
chr9,19380486,19380727,2,"2,3",0,1,1
chr9,26892245,26892606,2,"2,3",0,1,1
chr9,32552286,32552710,2,"2,3",0,1,1
chr9,32572994,32573402,2,"2,3",0,1,1
chr9,34329248,34329886,2,"2,3",0,1,1
chr9,35657690,35658110,2,"1,3",1,0,1
chr9,36258221,36258645,2,"2,3",0,1,1
chr9,36993851,36994275,2,"2,3",0,1,1
chr9,37037234,37037564,2,"2,3",0,1,1
chr9,37294106,37294524,2,"2,3",0,1,1
chr9,40991989,40992413,2,"2,3",0,1,1
chr9,69035600,69035906,2,"1,3",1,0,1
chr9,72443353,72443747,2,"2,3",0,1,1
chr9,72443985,72444405,2,"1,3",1,0,1
chr9,83980399,83980823,2,"2,3",0,1,1
chr9,85940809,85940939,2,"1,3",1,0,1
chr9,85940939,85941130,3,"1,2,3",1,1,1
chr9,85941130,85941229,2,"1,3",1,0,1
chr9,91208033,91208457,2,"2,3",0,1,1
chr9,92877919,92878068,2,"2,3",0,1,1
chr9,92878068,92878173,3,"1,2,3",1,1,1
chr9,92878173,92878314,2,"2,3",0,1,1
chr9,93064391,93064799,2,"2,3",0,1,1
chr9,93566407,93567000,2,"2,3",0,1,1
chr9,95852540,95853017,2,"1,3",1,0,1
chr9,95875451,95875494,2,"2,3",0,1,1
chr9,95875494,95875662,3,"1,2,3",1,1,1
chr9,95875662,95875712,2,"2,3",0,1,1
chr9,97411730,97412154,2,"2,3",0,1,1
chr9,99819396,99819816,2,"1,3",1,0,1
chr9,105244237,105244610,2,"1,3",1,0,1
chr9,106980603,106981010,2,"2,3",0,1,1
chr9,109120293,109120333,2,"2,3",0,1,1
chr9,111897702,111898092,2,"2,3",0,1,1
chr9,114397985,114398409,2,"2,3",0,1,1
chr9,120893156,120893576,2,"1,3",1,0,1
chr9,122905168,122905588,2,"1,3",1,0,1
chr9,122912823,122913188,2,"2,3",0,1,1
chr9,124254313,124254717,2,"1,3",1,0,1
chr9,124852950,124853592,2,"2,3",0,1,1
chr9,127388311,127388735,2,"2,3",0,1,1
chr9,127451401,127451430,2,"2,3",0,1,1
chr9,127451430,127451540,3,"1,2,3",1,1,1
chr9,127451540,127451552,2,"2,3",0,1,1
chr9,127735196,127735620,2,"2,3",0,1,1
chr9,128322241,128322665,2,"2,3",0,1,1
chr9,128656637,128657181,2,"1,3",1,0,1
chr9,129888433,129888857,2,"2,3",0,1,1
chr9,131252496,131252920,2,"2,3",0,1,1
chr9,131727861,131728106,2,"2,3",0,1,1
chr9,131728228,131728285,2,"2,3",0,1,1
chr9,131729485,131729758,2,"2,3",0,1,1
chr9,132582074,132582390,3,"1,2,3",1,1,1
chr9,132582390,132582395,2,"1,3",1,0,1
chr9,132770213,132770644,2,"1,3",1,0,1
chr9,133347978,133347987,2,"2,3",0,1,1
chr9,133347987,133348402,3,"1,2,3",1,1,1
chr9,133348402,133348407,2,"1,3",1,0,1
chr9,136399887,136399906,2,"2,3",0,1,1
chr9,136400056,136400443,2,"2,3",0,1,1
chr9,136403560,136403917,2,"2,3",0,1,1
chr9,136944606,136944971,2,"1,3",1,0,1
chr9,137035196,137035539,2,"2,3",0,1,1
chr9,137188388,137188812,2,"2,3",0,1,1
chr9,137241125,137241422,2,"2,3",0,1,1
chrX,13734412,13734415,2,"1,3",1,0,1
chrX,13734415,13734832,3,"1,2,3",1,1,1
chrX,13734832,13734839,2,"2,3",0,1,1
chrX,13742622,13743046,2,"2,3",0,1,1
chrX,15789986,15790410,2,"2,3",0,1,1
chrX,18675039,18675459,2,"1,3",1,0,1
chrX,23907889,23908239,2,"1,3",1,0,1
chrX,24054226,24054650,2,"2,3",0,1,1
chrX,39860320,39860846,2,"2,3",0,1,1
chrX,41333698,41334122,2,"2,3",0,1,1
chrX,47619874,47620205,2,"2,3",0,1,1
chrX,48911855,48912466,2,"1,3",1,0,1
chrX,52921065,52921489,2,"2,3",0,1,1
chrX,53225265,53225298,2,"2,3",0,1,1
chrX,53225388,53225689,2,"2,3",0,1,1
chrX,71622557,71622977,2,"1,3",1,0,1
chrX,73851033,73851453,2,"1,3",1,0,1
chrX,77899147,77899172,2,"1,3",1,0,1
chrX,77899172,77899551,3,"1,2,3",1,1,1
chrX,77899551,77899565,2,"2,3",0,1,1
chrX,79182616,79183036,2,"1,3",1,0,1
chrX,119606240,119606664,2,"2,3",0,1,1
chrX,119647910,119648334,2,"2,3",0,1,1
chrX,119756213,119756553,2,"2,3",0,1,1
chrX,119871645,119872069,2,"2,3",0,1,1
chrX,130165987,130166367,2,"2,3",0,1,1
chrX,135114408,135114706,2,"2,3",0,1,1
chrX,153970887,153970902,2,"2,3",0,1,1
chrX,153970902,153971286,3,"1,2,3",1,1,1
chrX,153971286,153971322,2,"1,3",1,0,1
chrX,154534715,154535139,2,"2,3",0,1,1
chrX,155264226,155264650,2,"2,3",0,1,1
