chrom,start,end,num,list,ENCFF222KAR_MYC_sorted.bed,ENCFF910PXX_MYC_sorted.bed,../ATAC-seq/consensuspeaks_all_targets_10kb_sorted.bed
chr1,1308154,1308743,2,"2,3",0,1,1
chr1,1406996,1407702,2,"2,3",0,1,1
chr1,1511663,1512153,2,"2,3",0,1,1
chr1,1574306,1574750,2,"2,3",0,1,1
chr1,6199314,6199435,2,"2,3",0,1,1
chr1,6199435,6199575,3,"1,2,3",1,1,1
chr1,6199575,6199804,2,"2,3",0,1,1
chr1,6393901,6394162,2,"2,3",0,1,1
chr1,6579732,6580459,2,"2,3",0,1,1
chr1,6784552,6785042,2,"2,3",0,1,1
chr1,7961538,7962028,2,"2,3",0,1,1
chr1,8878045,8878068,2,"1,3",1,0,1
chr1,8878068,8878185,3,"1,2,3",1,1,1
chr1,8878185,8878204,2,"2,3",0,1,1
chr1,8878500,8878758,2,"2,3",0,1,1
chr1,9182105,9182595,2,"2,3",0,1,1
chr1,10940102,10940601,2,"2,3",0,1,1
chr1,11012594,11013084,2,"2,3",0,1,1
chr1,11059624,11059732,2,"2,3",0,1,1
chr1,11273356,11273800,2,"2,3",0,1,1
chr1,12019317,12019659,2,"2,3",0,1,1
chr1,12063290,12063363,2,"2,3",0,1,1
chr1,15834707,15835269,2,"2,3",0,1,1
chr1,15835377,15835402,2,"2,3",0,1,1
chr1,16440439,16440929,2,"2,3",0,1,1
chr1,16613577,16614004,2,"2,3",0,1,1
chr1,16644443,16644660,2,"2,3",0,1,1
chr1,16644660,16644800,3,"1,2,3",1,1,1
chr1,16644800,16644933,2,"2,3",0,1,1
chr1,19251514,19251723,2,"2,3",0,1,1
chr1,19251723,19251863,3,"1,2,3",1,1,1
chr1,19251863,19252004,2,"2,3",0,1,1
chr1,19597232,19597571,2,"2,3",0,1,1
chr1,23019223,23019713,2,"2,3",0,1,1
chr1,23691690,23692180,2,"2,3",0,1,1
chr1,25019468,25019766,2,"2,3",0,1,1
chr1,26432004,26432043,2,"2,3",0,1,1
chr1,26432043,26432183,3,"1,2,3",1,1,1
chr1,26432183,26432494,2,"2,3",0,1,1
chr1,26693124,26693349,2,"2,3",0,1,1
chr1,26695504,26695660,2,"2,3",0,1,1
chr1,26695660,26695800,3,"1,2,3",1,1,1
chr1,26695800,26695994,2,"2,3",0,1,1
chr1,27106544,27107188,2,"2,3",0,1,1
chr1,27321992,27322631,2,"2,3",0,1,1
chr1,28518523,28518712,2,"2,3",0,1,1
chr1,28518850,28519294,2,"2,3",0,1,1
chr1,28642975,28643531,2,"2,3",0,1,1
chr1,28643620,28643665,2,"2,3",0,1,1
chr1,28736467,28736957,2,"2,3",0,1,1
chr1,31938395,31938885,2,"2,3",0,1,1
chr1,32179619,32180109,2,"2,3",0,1,1
chr1,32817099,32817301,2,"2,3",0,1,1
chr1,32817301,32817441,3,"1,2,3",1,1,1
chr1,32817441,32817589,2,"2,3",0,1,1
chr1,34866096,34866586,2,"2,3",0,1,1
chr1,35557425,35557944,2,"2,3",0,1,1
chr1,35718785,35719275,2,"2,3",0,1,1
chr1,35930699,35931403,2,"2,3",0,1,1
chr1,37807611,37808763,2,"2,3",0,1,1
chr1,37859608,37860098,2,"2,3",0,1,1
chr1,38012326,38012759,2,"2,3",0,1,1
chr1,39954954,39955444,2,"2,3",0,1,1
chr1,40257854,40258515,2,"2,3",0,1,1
chr1,40449843,40450207,2,"2,3",0,1,1
chr1,40476997,40477410,2,"2,3",0,1,1
chr1,42682846,42682864,2,"2,3",0,1,1
chr1,42682934,42682979,2,"2,3",0,1,1
chr1,42682979,42683119,3,"1,2,3",1,1,1
chr1,42683119,42683278,2,"2,3",0,1,1
chr1,42767239,42767729,2,"2,3",0,1,1
chr1,42932075,42932565,2,"2,3",0,1,1
chr1,42958282,42958422,2,"1,3",1,0,1
chr1,43171972,43172462,2,"2,3",0,1,1
chr1,43367609,43367698,2,"2,3",0,1,1
chr1,43946582,43947072,2,"2,3",0,1,1
chr1,44631834,44632523,2,"2,3",0,1,1
chr1,44775172,44775377,2,"2,3",0,1,1
chr1,44775377,44775517,3,"1,2,3",1,1,1
chr1,44775517,44775977,2,"2,3",0,1,1
chr1,44786243,44786733,2,"2,3",0,1,1
chr1,44799727,44800129,2,"2,3",0,1,1
chr1,44813851,44813991,2,"1,3",1,0,1
chr1,45339994,45340626,2,"2,3",0,1,1
chr1,45521347,45521837,2,"2,3",0,1,1
chr1,45550688,45551178,2,"2,3",0,1,1
chr1,46132681,46133171,2,"2,3",0,1,1
chr1,46340539,46341029,2,"2,3",0,1,1
chr1,50960086,50960568,2,"2,3",0,1,1
chr1,52033387,52033877,2,"2,3",0,1,1
chr1,53220261,53220751,2,"2,3",0,1,1
chr1,53326551,53326804,2,"2,3",0,1,1
chr1,53838399,53838546,2,"2,3",0,1,1
chr1,54715697,54716306,2,"2,3",0,1,1
chr1,54764234,54764649,2,"2,3",0,1,1
chr1,54886804,54887294,2,"2,3",0,1,1
chr1,55215013,55215356,2,"2,3",0,1,1
chr1,62436640,62437274,2,"2,3",0,1,1
chr1,63523067,63523188,2,"2,3",0,1,1
chr1,63523188,63523328,3,"1,2,3",1,1,1
chr1,63523328,63523557,2,"2,3",0,1,1
chr1,65147610,65148306,2,"2,3",0,1,1
chr1,75785890,75786043,2,"2,3",0,1,1
chr1,75786043,75786183,3,"1,2,3",1,1,1
chr1,75786183,75786472,2,"2,3",0,1,1
chr1,77978144,77978568,2,"2,3",0,1,1
chr1,77978741,77978924,2,"2,3",0,1,1
chr1,87449415,87450065,2,"2,3",0,1,1
chr1,89524126,89524616,2,"2,3",0,1,1
chr1,92832034,92832308,2,"2,3",0,1,1
chr1,93078931,93079357,2,"2,3",0,1,1
chr1,93345545,93346035,2,"2,3",0,1,1
chr1,100038337,100038827,2,"2,3",0,1,1
chr1,107056822,107057518,2,"2,3",0,1,1
chr1,108963145,108963635,2,"2,3",0,1,1
chr1,109484069,109484371,2,"2,3",0,1,1
chr1,109619480,109619927,2,"2,3",0,1,1
chr1,110407427,110407917,2,"2,3",0,1,1
chr1,111755372,111755869,2,"2,3",0,1,1
chr1,112466108,112466504,2,"2,3",0,1,1
chr1,112955834,112956648,2,"2,3",0,1,1
chr1,114716554,114716733,2,"2,3",0,1,1
chr1,114716733,114716873,3,"1,2,3",1,1,1
chr1,114716873,114717044,2,"2,3",0,1,1
chr1,117060322,117060812,2,"2,3",0,1,1
chr1,117929511,117930001,2,"2,3",0,1,1
chr1,145845340,145845830,2,"2,3",0,1,1
chr1,147242704,147243194,2,"2,3",0,1,1
chr1,151070379,151070869,2,"2,3",0,1,1
chr1,151346838,151347586,2,"2,3",0,1,1
chr1,151763247,151763465,2,"2,3",0,1,1
chr1,151763465,151763605,3,"1,2,3",1,1,1
chr1,151763605,151763737,2,"2,3",0,1,1
chr1,153967153,153967479,2,"2,3",0,1,1
chr1,153990586,153991076,2,"2,3",0,1,1
chr1,154221084,154221574,2,"2,3",0,1,1
chr1,154558759,154559305,2,"2,3",0,1,1
chr1,154607703,154608193,2,"2,3",0,1,1
chr1,154974225,154974715,2,"2,3",0,1,1
chr1,154983035,154983525,2,"2,3",0,1,1
chr1,155000783,155001273,2,"2,3",0,1,1
chr1,155194395,155194981,2,"2,3",0,1,1
chr1,155563084,155563543,2,"2,3",0,1,1
chr1,155688234,155688724,2,"2,3",0,1,1
chr1,156282542,156283032,2,"2,3",0,1,1
chr1,156338209,156338926,2,"2,3",0,1,1
chr1,156500848,156501338,2,"2,3",0,1,1
chr1,156504966,156505562,2,"2,3",0,1,1
chr1,156740804,156741294,2,"2,3",0,1,1
chr1,156813893,156814033,2,"1,3",1,0,1
chr1,159925188,159925516,2,"2,3",0,1,1
chr1,160795916,160796356,2,"2,3",0,1,1
chr1,161117657,161118147,2,"2,3",0,1,1
chr1,161726389,161727083,2,"2,3",0,1,1
chr1,161749850,161750340,2,"2,3",0,1,1
chr1,165630691,165631035,2,"2,3",0,1,1
chr1,165827627,165828317,2,"2,3",0,1,1
chr1,166839056,166839684,2,"2,3",0,1,1
chr1,166875977,166876467,2,"2,3",0,1,1
chr1,167714357,167714847,2,"2,3",0,1,1
chr1,168225473,168225963,2,"2,3",0,1,1
chr1,170531707,170532197,2,"2,3",0,1,1
chr1,173867723,173867762,2,"2,3",0,1,1
chr1,173867762,173867902,3,"1,2,3",1,1,1
chr1,173867902,173868193,2,"2,3",0,1,1
chr1,182604039,182604529,2,"2,3",0,1,1
chr1,182839252,182840155,2,"2,3",0,1,1
chr1,183023772,183024205,2,"2,3",0,1,1
chr1,183471034,183471630,2,"2,3",0,1,1
chr1,184051543,184052033,2,"2,3",0,1,1
chr1,185316268,185316758,2,"2,3",0,1,1
chr1,193058482,193058925,2,"2,3",0,1,1
chr1,193121667,193122157,2,"2,3",0,1,1
chr1,197902589,197903079,2,"2,3",0,1,1
chr1,201955213,201955703,2,"2,3",0,1,1
chr1,201982625,201983324,2,"2,3",0,1,1
chr1,203861457,203861914,2,"2,3",0,1,1
chr1,204516245,204516735,2,"2,3",0,1,1
chr1,207454118,207454608,2,"2,3",0,1,1
chr1,209827777,209827902,2,"2,3",0,1,1
chr1,209827902,209828042,3,"1,2,3",1,1,1
chr1,209828042,209828461,2,"2,3",0,1,1
chr1,211258757,211259216,2,"2,3",0,1,1
chr1,212035049,212035539,2,"2,3",0,1,1
chr1,214281501,214281796,2,"2,3",0,1,1
chr1,222465419,222465909,2,"2,3",0,1,1
chr1,224434825,224435515,2,"2,3",0,1,1
chr1,225923918,225924352,2,"2,3",0,1,1
chr1,226662803,226663293,2,"2,3",0,1,1
chr1,228082079,228082569,2,"2,3",0,1,1
chr1,228165528,228166018,2,"2,3",0,1,1
chr1,228458207,228458697,2,"2,3",0,1,1
chr1,229270880,229271445,2,"2,3",0,1,1
chr1,229626066,229626104,2,"2,3",0,1,1
chr1,229626104,229626244,3,"1,2,3",1,1,1
chr1,229626244,229626711,2,"2,3",0,1,1
chr1,230978678,230979168,2,"2,3",0,1,1
chr1,231528310,231528980,2,"2,3",0,1,1
chr1,234373292,234373782,2,"2,3",0,1,1
chr1,234608121,234608400,2,"2,3",0,1,1
chr1,234978357,234978847,2,"2,3",0,1,1
chr1,235128383,235129033,2,"2,3",0,1,1
chr1,236795359,236795958,2,"2,3",0,1,1
chr1,243254353,243254756,2,"2,3",0,1,1
chr1,244835186,244835813,2,"2,3",0,1,1
chr1,244862938,244863469,2,"2,3",0,1,1
chr10,988266,988911,2,"2,3",0,1,1
chr10,5684850,5685340,2,"2,3",0,1,1
chr10,5813579,5813727,2,"2,3",0,1,1
chr10,5813727,5813867,3,"1,2,3",1,1,1
chr10,5813867,5814069,2,"2,3",0,1,1
chr10,5889829,5890319,2,"2,3",0,1,1
chr10,12195561,12196051,2,"2,3",0,1,1
chr10,14878346,14878836,2,"2,3",0,1,1
chr10,17643765,17644255,2,"2,3",0,1,1
chr10,21533643,21534126,2,"2,3",0,1,1
chr10,25016611,25016771,2,"2,3",0,1,1
chr10,25016882,25017101,2,"2,3",0,1,1
chr10,26438043,26438474,2,"2,3",0,1,1
chr10,26438568,26438748,2,"2,3",0,1,1
chr10,26697653,26698149,2,"2,3",0,1,1
chr10,27242939,27243371,2,"2,3",0,1,1
chr10,42782343,42783027,2,"2,3",0,1,1
chr10,43420343,43420833,2,"2,3",0,1,1
chr10,48684521,48684994,2,"2,3",0,1,1
chr10,50624495,50624985,2,"2,3",0,1,1
chr10,58385312,58385745,2,"2,3",0,1,1
chr10,68331395,68332119,2,"2,3",0,1,1
chr10,68721002,68721699,2,"2,3",0,1,1
chr10,68901012,68901714,2,"2,3",0,1,1
chr10,68955937,68956108,2,"2,3",0,1,1
chr10,68956108,68956248,3,"1,2,3",1,1,1
chr10,68956248,68956642,2,"2,3",0,1,1
chr10,69179737,69179857,2,"2,3",0,1,1
chr10,69179857,69179997,3,"1,2,3",1,1,1
chr10,69179997,69180227,2,"2,3",0,1,1
chr10,70145607,70146097,2,"2,3",0,1,1
chr10,70381966,70382769,2,"2,3",0,1,1
chr10,73247099,73247522,2,"2,3",0,1,1
chr10,73252374,73253078,2,"2,3",0,1,1
chr10,74825864,74826001,2,"2,3",0,1,1
chr10,75210402,75210892,2,"2,3",0,1,1
chr10,75235392,75235835,2,"2,3",0,1,1
chr10,78033754,78033931,2,"2,3",0,1,1
chr10,78033931,78034071,3,"1,2,3",1,1,1
chr10,78034071,78034244,2,"2,3",0,1,1
chr10,79348050,79348190,2,"1,3",1,0,1
chr10,86966614,86966864,2,"2,3",0,1,1
chr10,86971301,86971870,2,"2,3",0,1,1
chr10,87095284,87095826,2,"2,3",0,1,1
chr10,87862024,87862514,2,"2,3",0,1,1
chr10,88582872,88583362,2,"2,3",0,1,1
chr10,88880453,88880943,2,"2,3",0,1,1
chr10,93893898,93894307,2,"2,3",0,1,1
chr10,95758624,95759039,2,"2,3",0,1,1
chr10,96043202,96043820,2,"2,3",0,1,1
chr10,96129750,96129920,2,"2,3",0,1,1
chr10,96129920,96130060,3,"1,2,3",1,1,1
chr10,96130060,96130573,2,"2,3",0,1,1
chr10,97334619,97335109,2,"2,3",0,1,1
chr10,97401046,97401536,2,"2,3",0,1,1
chr10,97497812,97497971,2,"2,3",0,1,1
chr10,97498121,97498302,2,"2,3",0,1,1
chr10,97736802,97737292,2,"2,3",0,1,1
chr10,100987311,100987801,2,"2,3",0,1,1
chr10,101830576,101831066,2,"2,3",0,1,1
chr10,102133540,102133858,2,"2,3",0,1,1
chr10,102152380,102152870,2,"2,3",0,1,1
chr10,102394560,102395050,2,"2,3",0,1,1
chr10,102450288,102450760,2,"2,3",0,1,1
chr10,102714569,102715137,2,"2,3",0,1,1
chr10,103367740,103368429,2,"2,3",0,1,1
chr10,113679324,113680025,2,"2,3",0,1,1
chr10,119165199,119165371,2,"2,3",0,1,1
chr10,119165371,119165511,3,"1,2,3",1,1,1
chr10,119165511,119165892,2,"2,3",0,1,1
chr10,119892462,119892952,2,"2,3",0,1,1
chr10,122980806,122980831,2,"2,3",0,1,1
chr10,129466864,129467407,2,"2,3",0,1,1
chr10,132331957,132332651,2,"2,3",0,1,1
chr10,133394061,133394551,2,"2,3",0,1,1
chr11,560833,560973,2,"1,3",1,0,1
chr11,809397,809887,2,"2,3",0,1,1
chr11,2992349,2992839,2,"2,3",0,1,1
chr11,3378895,3379385,2,"2,3",0,1,1
chr11,6603311,6603937,2,"2,3",0,1,1
chr11,6683038,6683528,2,"2,3",0,1,1
chr11,9384494,9384984,2,"2,3",0,1,1
chr11,9757906,9758357,2,"2,3",0,1,1
chr11,10750898,10751388,2,"2,3",0,1,1
chr11,17077300,17077989,2,"2,3",0,1,1
chr11,18322055,18322545,2,"2,3",0,1,1
chr11,18394389,18394879,2,"2,3",0,1,1
chr11,20363477,20363946,2,"2,3",0,1,1
chr11,20387539,20388029,2,"2,3",0,1,1
chr11,22625556,22626046,2,"2,3",0,1,1
chr11,32091186,32091478,2,"2,3",0,1,1
chr11,32091478,32091618,3,"1,2,3",1,1,1
chr11,32091618,32091676,2,"2,3",0,1,1
chr11,32583585,32584075,2,"2,3",0,1,1
chr11,32892296,32892786,2,"2,3",0,1,1
chr11,33161157,33161774,2,"2,3",0,1,1
chr11,34051351,34051841,2,"2,3",0,1,1
chr11,34053382,34053395,2,"2,3",0,1,1
chr11,34053395,34053478,3,"1,2,3",1,1,1
chr11,34053478,34053535,2,"1,3",1,0,1
chr11,34105448,34105546,2,"2,3",0,1,1
chr11,34105546,34105686,3,"1,2,3",1,1,1
chr11,34105686,34106112,2,"2,3",0,1,1
chr11,35619040,35619759,2,"2,3",0,1,1
chr11,35662909,35663335,2,"2,3",0,1,1
chr11,46700712,46701158,2,"2,3",0,1,1
chr11,46845581,46845977,2,"2,3",0,1,1
chr11,47578803,47579511,2,"2,3",0,1,1
chr11,57476167,57476657,2,"2,3",0,1,1
chr11,57482980,57483347,2,"2,3",0,1,1
chr11,57712512,57712900,2,"2,3",0,1,1
chr11,57741154,57741836,2,"2,3",0,1,1
chr11,60841838,60842004,2,"2,3",0,1,1
chr11,60842004,60842144,3,"1,2,3",1,1,1
chr11,60842144,60842531,2,"2,3",0,1,1
chr11,60906280,60906742,2,"2,3",0,1,1
chr11,61294154,61294644,2,"2,3",0,1,1
chr11,61429508,61429998,2,"2,3",0,1,1
chr11,62556589,62556829,2,"2,3",0,1,1
chr11,62556931,62557244,2,"2,3",0,1,1
chr11,62574159,62574325,2,"2,3",0,1,1
chr11,62671760,62672250,2,"2,3",0,1,1
chr11,62727133,62727623,2,"2,3",0,1,1
chr11,62787277,62787653,2,"2,3",0,1,1
chr11,62839480,62839653,2,"2,3",0,1,1
chr11,62855845,62856009,2,"2,3",0,1,1
chr11,62856009,62856149,3,"1,2,3",1,1,1
chr11,62856149,62856335,2,"2,3",0,1,1
chr11,63671446,63671947,2,"2,3",0,1,1
chr11,64304344,64305060,2,"2,3",0,1,1
chr11,65122028,65122268,2,"2,3",0,1,1
chr11,65497381,65497871,2,"2,3",0,1,1
chr11,65540046,65540778,2,"2,3",0,1,1
chr11,65860644,65860833,2,"2,3",0,1,1
chr11,65890607,65890747,2,"1,3",1,0,1
chr11,66288898,66289388,2,"2,3",0,1,1
chr11,66438717,66439207,2,"2,3",0,1,1
chr11,68121326,68121466,2,"1,3",1,0,1
chr11,68313262,68313752,2,"2,3",0,1,1
chr11,71448394,71448861,2,"2,3",0,1,1
chr11,73779261,73779751,2,"2,3",0,1,1
chr11,73787775,73788050,2,"2,3",0,1,1
chr11,73788050,73788190,3,"1,2,3",1,1,1
chr11,73788190,73788265,2,"2,3",0,1,1
chr11,73876546,73877237,2,"2,3",0,1,1
chr11,75399402,75399892,2,"2,3",0,1,1
chr11,75768261,75768932,2,"2,3",0,1,1
chr11,75814511,75815633,2,"2,3",0,1,1
chr11,78139417,78139907,2,"2,3",0,1,1
chr11,78574521,78575011,2,"2,3",0,1,1
chr11,83286072,83286562,2,"2,3",0,1,1
chr11,85664672,85665162,2,"2,3",0,1,1
chr11,93197633,93198123,2,"2,3",0,1,1
chr11,95067230,95067720,2,"2,3",0,1,1
chr11,108008833,108009323,2,"2,3",0,1,1
chr11,108222519,108223121,2,"2,3",0,1,1
chr11,108497684,108498174,2,"2,3",0,1,1
chr11,110430030,110430520,2,"2,3",0,1,1
chr11,111878662,111879142,2,"2,3",0,1,1
chr11,115927962,115928310,2,"2,3",0,1,1
chr11,118401544,118402088,2,"2,3",0,1,1
chr11,119018066,119018448,2,"2,3",0,1,1
chr11,119101922,119102412,2,"2,3",0,1,1
chr11,126303720,126304466,2,"2,3",0,1,1
chr12,2812561,2813051,2,"2,3",0,1,1
chr12,4272281,4272673,2,"2,3",0,1,1
chr12,4604752,4605234,2,"2,3",0,1,1
chr12,6461783,6462273,2,"2,3",0,1,1
chr12,6533969,6534459,2,"2,3",0,1,1
chr12,6555636,6556126,2,"2,3",0,1,1
chr12,6567941,6568431,2,"2,3",0,1,1
chr12,6724022,6724512,2,"2,3",0,1,1
chr12,6778655,6779145,2,"2,3",0,1,1
chr12,6867670,6868160,2,"2,3",0,1,1
chr12,6950960,6951430,2,"2,3",0,1,1
chr12,6970689,6971179,2,"2,3",0,1,1
chr12,12357061,12357654,2,"2,3",0,1,1
chr12,19439460,19439600,2,"1,3",1,0,1
chr12,21657175,21657871,2,"2,3",0,1,1
chr12,24948978,24949388,2,"2,3",0,1,1
chr12,25386131,25386621,2,"2,3",0,1,1
chr12,27710635,27711125,2,"2,3",0,1,1
chr12,27780430,27780886,2,"2,3",0,1,1
chr12,28190415,28190905,2,"2,3",0,1,1
chr12,31324191,31324681,2,"2,3",0,1,1
chr12,31326021,31326393,2,"2,3",0,1,1
chr12,32106602,32107092,2,"2,3",0,1,1
chr12,48681893,48682383,2,"2,3",0,1,1
chr12,48924605,48925053,2,"2,3",0,1,1
chr12,48998574,48998880,2,"2,3",0,1,1
chr12,49060661,49060779,2,"2,3",0,1,1
chr12,49060779,49060919,3,"1,2,3",1,1,1
chr12,49060919,49061151,2,"2,3",0,1,1
chr12,50112036,50112526,2,"2,3",0,1,1
chr12,50400849,50401339,2,"2,3",0,1,1
chr12,53006853,53007134,2,"2,3",0,1,1
chr12,53452354,53452844,2,"2,3",0,1,1
chr12,55927418,55927470,2,"2,3",0,1,1
chr12,55927613,55927908,2,"2,3",0,1,1
chr12,56116565,56116956,2,"2,3",0,1,1
chr12,56299748,56300415,2,"2,3",0,1,1
chr12,56468294,56468468,2,"2,3",0,1,1
chr12,56468468,56468608,3,"1,2,3",1,1,1
chr12,56468608,56468730,2,"2,3",0,1,1
chr12,56724947,56725605,2,"2,3",0,1,1
chr12,57752119,57752560,2,"2,3",0,1,1
chr12,57771808,57772042,2,"2,3",0,1,1
chr12,57772042,57772182,3,"1,2,3",1,1,1
chr12,57772182,57772298,2,"2,3",0,1,1
chr12,57782605,57783294,2,"2,3",0,1,1
chr12,62602470,62603160,2,"2,3",0,1,1
chr12,63779725,63780215,2,"2,3",0,1,1
chr12,64221853,64222187,2,"2,3",0,1,1
chr12,64222187,64222327,3,"1,2,3",1,1,1
chr12,64222327,64222545,2,"2,3",0,1,1
chr12,64404083,64404573,2,"2,3",0,1,1
chr12,64610589,64611079,2,"2,3",0,1,1
chr12,68686818,68687308,2,"2,3",0,1,1
chr12,68808048,68808538,2,"2,3",0,1,1
chr12,69585384,69585563,2,"2,3",0,1,1
chr12,69585563,69585703,3,"1,2,3",1,1,1
chr12,69585703,69585874,2,"2,3",0,1,1
chr12,82358256,82358881,2,"2,3",0,1,1
chr12,89709557,89710047,2,"2,3",0,1,1
chr12,92146086,92146499,2,"2,3",0,1,1
chr12,93467442,93467932,2,"2,3",0,1,1
chr12,95858788,95859278,2,"2,3",0,1,1
chr12,101407772,101408476,2,"2,3",0,1,1
chr12,103505297,103505787,2,"2,3",0,1,1
chr12,103930192,103930608,2,"2,3",0,1,1
chr12,103965641,103966131,2,"2,3",0,1,1
chr12,107685692,107686182,2,"2,3",0,1,1
chr12,108561051,108561239,2,"2,3",0,1,1
chr12,108561366,108561541,2,"2,3",0,1,1
chr12,109093311,109093708,2,"2,3",0,1,1
chr12,110469034,110469246,2,"2,3",0,1,1
chr12,110469246,110469386,3,"1,2,3",1,1,1
chr12,110469386,110469499,2,"2,3",0,1,1
chr12,110501992,110502482,2,"2,3",0,1,1
chr12,111599465,111599955,2,"2,3",0,1,1
chr12,111841821,111841976,2,"2,3",0,1,1
chr12,111841976,111842116,3,"1,2,3",1,1,1
chr12,111842116,111842311,2,"2,3",0,1,1
chr12,112409164,112409654,2,"2,3",0,1,1
chr12,113185065,113185755,2,"2,3",0,1,1
chr12,118135950,118136641,2,"2,3",0,1,1
chr12,120194473,120194963,2,"2,3",0,1,1
chr12,120200759,120201019,2,"2,3",0,1,1
chr12,120201019,120201159,3,"1,2,3",1,1,1
chr12,120201159,120201245,2,"2,3",0,1,1
chr12,120446144,120446634,2,"2,3",0,1,1
chr12,121888451,121888941,2,"2,3",0,1,1
chr12,122266147,122266637,2,"2,3",0,1,1
chr12,122526604,122527082,2,"2,3",0,1,1
chr12,122752655,122753145,2,"2,3",0,1,1
chr12,123232766,123233256,2,"2,3",0,1,1
chr12,123601899,123602049,2,"2,3",0,1,1
chr12,123602049,123602189,3,"1,2,3",1,1,1
chr12,123602189,123602575,2,"2,3",0,1,1
chr12,123633626,123633766,2,"1,3",1,0,1
chr12,128823370,128823556,2,"2,3",0,1,1
chr12,130872397,130872691,2,"2,3",0,1,1
chr12,131929074,131929564,2,"2,3",0,1,1
chr12,132144268,132144408,2,"1,3",1,0,1
chr12,132560154,132560644,2,"2,3",0,1,1
chr12,133037192,133037977,2,"2,3",0,1,1
chr13,20773403,20773893,2,"2,3",0,1,1
chr13,21176210,21176700,2,"2,3",0,1,1
chr13,23375018,23375508,2,"2,3",0,1,1
chr13,24922758,24923248,2,"2,3",0,1,1
chr13,26222073,26222663,2,"2,3",0,1,1
chr13,27251507,27251997,2,"2,3",0,1,1
chr13,27424547,27424629,2,"2,3",0,1,1
chr13,27424629,27424769,3,"1,2,3",1,1,1
chr13,27424769,27425037,2,"2,3",0,1,1
chr13,27621656,27622127,2,"2,3",0,1,1
chr13,30464326,30464949,2,"2,3",0,1,1
chr13,30616986,30617804,2,"2,3",0,1,1
chr13,30617804,30617944,3,"1,2,3",1,1,1
chr13,30617944,30618055,2,"2,3",0,1,1
chr13,32426340,32426423,2,"2,3",0,1,1
chr13,32427109,32427160,2,"2,3",0,1,1
chr13,39037933,39038158,2,"2,3",0,1,1
chr13,39038266,39038640,2,"2,3",0,1,1
chr13,40445362,40445852,2,"2,3",0,1,1
chr13,41960845,41961335,2,"2,3",0,1,1
chr13,42272229,42272690,2,"2,3",0,1,1
chr13,44577644,44578183,2,"2,3",0,1,1
chr13,44989059,44989737,2,"2,3",0,1,1
chr13,48037380,48038077,2,"2,3",0,1,1
chr13,48975780,48976270,2,"2,3",0,1,1
chr13,50909911,50910401,2,"2,3",0,1,1
chr13,52450132,52450622,2,"2,3",0,1,1
chr13,52652311,52652801,2,"2,3",0,1,1
chr13,75549249,75549397,2,"2,3",0,1,1
chr13,75549397,75549537,3,"1,2,3",1,1,1
chr13,75549537,75549710,2,"2,3",0,1,1
chr13,91347290,91347915,2,"2,3",0,1,1
chr13,91348904,91349045,2,"2,3",0,1,1
chr13,91349045,91349185,3,"1,2,3",1,1,1
chr13,91349185,91349219,2,"2,3",0,1,1
chr13,95300830,95301263,2,"2,3",0,1,1
chr13,99200302,99200792,2,"2,3",0,1,1
chr13,99606651,99607028,2,"2,3",0,1,1
chr13,100088689,100089036,2,"2,3",0,1,1
chr13,102773528,102774125,2,"2,3",0,1,1
chr13,102845669,102846159,2,"2,3",0,1,1
chr13,110914520,110915010,2,"2,3",0,1,1
chr13,113209845,113210258,2,"2,3",0,1,1
chr13,113584334,113584519,2,"2,3",0,1,1
chr14,20454881,20455371,2,"2,3",0,1,1
chr14,20461398,20461888,2,"2,3",0,1,1
chr14,21455834,21456324,2,"2,3",0,1,1
chr14,22766715,22767418,2,"2,3",0,1,1
chr14,22886522,22887127,2,"2,3",0,1,1
chr14,22929114,22929604,2,"2,3",0,1,1
chr14,23006853,23007343,2,"2,3",0,1,1
chr14,23034554,23035044,2,"2,3",0,1,1
chr14,24095311,24095801,2,"2,3",0,1,1
chr14,24114731,24115221,2,"2,3",0,1,1
chr14,24141165,24141518,2,"2,3",0,1,1
chr14,24188573,24188750,2,"2,3",0,1,1
chr14,24188750,24188890,3,"1,2,3",1,1,1
chr14,24188890,24189063,2,"2,3",0,1,1
chr14,24195298,24195999,2,"2,3",0,1,1
chr14,24213068,24213758,2,"2,3",0,1,1
chr14,24215740,24215770,2,"2,3",0,1,1
chr14,24215903,24216230,2,"2,3",0,1,1
chr14,24271472,24271944,2,"2,3",0,1,1
chr14,24310701,24311392,2,"2,3",0,1,1
chr14,30622194,30622684,2,"2,3",0,1,1
chr14,31457102,31457592,2,"2,3",0,1,1
chr14,35122174,35122664,2,"2,3",0,1,1
chr14,39175519,39175861,2,"2,3",0,1,1
chr14,45134116,45134541,2,"2,3",0,1,1
chr14,49585998,49586488,2,"2,3",0,1,1
chr14,49598502,49599198,2,"2,3",0,1,1
chr14,49633731,49634172,2,"2,3",0,1,1
chr14,49892493,49892983,2,"2,3",0,1,1
chr14,50396528,50397220,2,"2,3",0,1,1
chr14,55027087,55027577,2,"2,3",0,1,1
chr14,58199958,58200098,2,"1,3",1,0,1
chr14,58297850,58298340,2,"2,3",0,1,1
chr14,58426940,58427267,2,"2,3",0,1,1
chr14,58427364,58427430,2,"2,3",0,1,1
chr14,59483864,59483919,2,"2,3",0,1,1
chr14,59483919,59484059,3,"1,2,3",1,1,1
chr14,59484059,59484354,2,"2,3",0,1,1
chr14,60980778,60981208,2,"2,3",0,1,1
chr14,63543141,63543631,2,"2,3",0,1,1
chr14,63641459,63641949,2,"2,3",0,1,1
chr14,64387616,64387960,2,"2,3",0,1,1
chr14,64388171,64388661,2,"2,3",0,1,1
chr14,65412399,65412889,2,"2,3",0,1,1
chr14,67674557,67675047,2,"2,3",0,1,1
chr14,72926367,72927068,2,"2,3",0,1,1
chr14,73760165,73760715,2,"2,3",0,1,1
chr14,73950165,73950655,2,"2,3",0,1,1
chr14,75069131,75069529,2,"2,3",0,1,1
chr14,75126650,75127140,2,"2,3",0,1,1
chr14,77028446,77028936,2,"2,3",0,1,1
chr14,77097671,77098055,2,"2,3",0,1,1
chr14,77800115,77800605,2,"2,3",0,1,1
chr14,89417528,89418224,2,"2,3",0,1,1
chr14,90383128,90383618,2,"2,3",0,1,1
chr14,90396659,90397149,2,"2,3",0,1,1
chr14,91417953,91418000,2,"2,3",0,1,1
chr14,91418081,91418122,2,"2,3",0,1,1
chr14,91418122,91418262,3,"1,2,3",1,1,1
chr14,91418262,91418389,2,"2,3",0,1,1
chr14,91418848,91419109,2,"2,3",0,1,1
chr14,92793893,92794176,2,"2,3",0,1,1
chr14,92794176,92794316,3,"1,2,3",1,1,1
chr14,92794316,92794584,2,"2,3",0,1,1
chr14,93332968,93333364,2,"2,3",0,1,1
chr14,95534323,95534681,2,"2,3",0,1,1
chr14,96501873,96502363,2,"2,3",0,1,1
chr14,100214109,100214599,2,"2,3",0,1,1
chr14,102087488,102087793,2,"2,3",0,1,1
chr14,103562350,103563138,2,"2,3",0,1,1
chr14,103679367,103679703,2,"2,3",0,1,1
chr14,105398089,105398454,2,"2,3",0,1,1
chr15,31230777,31231228,2,"2,3",0,1,1
chr15,35545966,35546657,2,"2,3",0,1,1
chr15,40569157,40569647,2,"2,3",0,1,1
chr15,40695214,40695653,2,"2,3",0,1,1
chr15,41115419,41115589,2,"2,3",0,1,1
chr15,41115589,41115729,3,"1,2,3",1,1,1
chr15,41115729,41116108,2,"2,3",0,1,1
chr15,41116194,41116684,2,"2,3",0,1,1
chr15,41416751,41417446,2,"2,3",0,1,1
chr15,41774437,41774992,2,"2,3",0,1,1
chr15,42273068,42273558,2,"2,3",0,1,1
chr15,44537159,44537649,2,"2,3",0,1,1
chr15,44663591,44664139,2,"2,3",0,1,1
chr15,45402364,45402854,2,"2,3",0,1,1
chr15,45587079,45587776,2,"2,3",0,1,1
chr15,48331306,48331796,2,"2,3",0,1,1
chr15,49620785,49621275,2,"2,3",0,1,1
chr15,50354999,50355301,2,"2,3",0,1,1
chr15,50355378,50355426,2,"2,3",0,1,1
chr15,50355426,50355566,3,"1,2,3",1,1,1
chr15,50355566,50355732,2,"2,3",0,1,1
chr15,52568590,52569012,2,"2,3",0,1,1
chr15,56887172,56887662,2,"2,3",0,1,1
chr15,59412679,59413386,2,"2,3",0,1,1
chr15,60478768,60479258,2,"2,3",0,1,1
chr15,63504446,63504903,2,"2,3",0,1,1
chr15,63600795,63600935,2,"1,3",1,0,1
chr15,64162685,64163154,2,"2,3",0,1,1
chr15,64387523,64387980,2,"2,3",0,1,1
chr15,66294122,66294577,2,"2,3",0,1,1
chr15,66504520,66505176,2,"2,3",0,1,1
chr15,67521262,67521951,2,"2,3",0,1,1
chr15,68229212,68229702,2,"2,3",0,1,1
chr15,68229806,68230284,2,"2,3",0,1,1
chr15,69414282,69414772,2,"2,3",0,1,1
chr15,69452772,69453496,2,"2,3",0,1,1
chr15,74787612,74788159,2,"2,3",0,1,1
chr15,74956189,74956650,2,"2,3",0,1,1
chr15,75202586,75202758,2,"2,3",0,1,1
chr15,75202758,75202898,3,"1,2,3",1,1,1
chr15,75202898,75202947,2,"2,3",0,1,1
chr15,75625460,75626157,2,"2,3",0,1,1
chr15,75639659,75640355,2,"2,3",0,1,1
chr15,75738815,75739159,2,"2,3",0,1,1
chr15,75903904,75904615,2,"2,3",0,1,1
chr15,80160606,80160931,2,"2,3",0,1,1
chr15,81001245,81001735,2,"2,3",0,1,1
chr15,82540142,82540241,2,"2,3",0,1,1
chr15,82540241,82540381,3,"1,2,3",1,1,1
chr15,82540381,82540585,2,"2,3",0,1,1
chr15,84980402,84980892,2,"2,3",0,1,1
chr15,88621114,88621604,2,"2,3",0,1,1
chr15,90231096,90231696,2,"2,3",0,1,1
chr15,90931829,90932552,2,"2,3",0,1,1
chr15,90954848,90955468,2,"2,3",0,1,1
chr15,92809048,92809280,2,"2,3",0,1,1
chr15,92809280,92809420,3,"1,2,3",1,1,1
chr15,92809420,92809538,2,"2,3",0,1,1
chr15,101294681,101295060,2,"2,3",0,1,1
chr16,425110,425600,2,"2,3",0,1,1
chr16,636068,636474,2,"2,3",0,1,1
chr16,642061,642755,2,"2,3",0,1,1
chr16,695410,695900,2,"2,3",0,1,1
chr16,721017,721507,2,"2,3",0,1,1
chr16,1309077,1309452,2,"2,3",0,1,1
chr16,1420739,1420879,2,"1,3",1,0,1
chr16,1773020,1773362,2,"2,3",0,1,1
chr16,1782632,1783114,2,"2,3",0,1,1
chr16,1827046,1827560,2,"2,3",0,1,1
chr16,1964453,1964943,2,"2,3",0,1,1
chr16,2009304,2009867,2,"2,3",0,1,1
chr16,2009867,2010007,3,"1,2,3",1,1,1
chr16,2010007,2010066,2,"2,3",0,1,1
chr16,2155244,2155539,2,"2,3",0,1,1
chr16,2205615,2206105,2,"2,3",0,1,1
chr16,2215107,2215530,2,"2,3",0,1,1
chr16,2267721,2267984,2,"2,3",0,1,1
chr16,2267984,2268124,3,"1,2,3",1,1,1
chr16,2268124,2268409,2,"2,3",0,1,1
chr16,2531743,2532154,2,"2,3",0,1,1
chr16,2603277,2603767,2,"2,3",0,1,1
chr16,2682253,2682483,2,"2,3",0,1,1
chr16,2752170,2752660,2,"2,3",0,1,1
chr16,3023872,3024362,2,"2,3",0,1,1
chr16,3264528,3264838,2,"2,3",0,1,1
chr16,3500691,3501158,2,"2,3",0,1,1
chr16,3717454,3717937,2,"2,3",0,1,1
chr16,4183393,4184086,2,"2,3",0,1,1
chr16,4350671,4351160,2,"2,3",0,1,1
chr16,4474458,4474835,2,"2,3",0,1,1
chr16,4476182,4476672,2,"2,3",0,1,1
chr16,4614774,4615046,2,"2,3",0,1,1
chr16,8797611,8798101,2,"2,3",0,1,1
chr16,10743637,10744122,2,"2,3",0,1,1
chr16,10878552,10879042,2,"2,3",0,1,1
chr16,11851196,11851423,2,"2,3",0,1,1
chr16,11851423,11851563,3,"1,2,3",1,1,1
chr16,11851563,11851686,2,"2,3",0,1,1
chr16,13920050,13920465,2,"2,3",0,1,1
chr16,18789939,18790429,2,"2,3",0,1,1
chr16,19717882,19718572,2,"2,3",0,1,1
chr16,21301384,21301874,2,"2,3",0,1,1
chr16,21541003,21541493,2,"2,3",0,1,1
chr16,21953306,21953772,2,"2,3",0,1,1
chr16,22206114,22206604,2,"2,3",0,1,1
chr16,22297401,22297891,2,"2,3",0,1,1
chr16,23557042,23557532,2,"2,3",0,1,1
chr16,24539565,24540226,2,"2,3",0,1,1
chr16,28846043,28846579,2,"2,3",0,1,1
chr16,28974551,28975041,2,"2,3",0,1,1
chr16,29790480,29790970,2,"2,3",0,1,1
chr16,29805508,29805648,2,"1,3",1,0,1
chr16,29807522,29807987,2,"2,3",0,1,1
chr16,30065066,30065556,2,"2,3",0,1,1
chr16,30092131,30092621,2,"2,3",0,1,1
chr16,30185334,30185582,2,"2,3",0,1,1
chr16,30417768,30418258,2,"2,3",0,1,1
chr16,30429613,30430037,2,"2,3",0,1,1
chr16,30534323,30534813,2,"2,3",0,1,1
chr16,30585536,30586026,2,"2,3",0,1,1
chr16,30875048,30875275,2,"2,3",0,1,1
chr16,30875275,30875415,3,"1,2,3",1,1,1
chr16,30875415,30875538,2,"2,3",0,1,1
chr16,30894205,30894516,2,"2,3",0,1,1
chr16,30957659,30958118,2,"2,3",0,1,1
chr16,31459094,31459584,2,"2,3",0,1,1
chr16,48244190,48244680,2,"2,3",0,1,1
chr16,50065893,50066383,2,"2,3",0,1,1
chr16,53054824,53055458,2,"2,3",0,1,1
chr16,53434584,53435426,2,"2,3",0,1,1
chr16,53703644,53704134,2,"2,3",0,1,1
chr16,56931702,56932192,2,"2,3",0,1,1
chr16,58129253,58129924,2,"2,3",0,1,1
chr16,66552492,66552982,2,"2,3",0,1,1
chr16,66751518,66751684,2,"2,3",0,1,1
chr16,66751684,66751824,3,"1,2,3",1,1,1
chr16,66751824,66752008,2,"2,3",0,1,1
chr16,66880665,66881155,2,"2,3",0,1,1
chr16,67191953,67192610,2,"2,3",0,1,1
chr16,67226613,67226950,2,"2,3",0,1,1
chr16,68022999,68023489,2,"2,3",0,1,1
chr16,68264663,68265295,2,"2,3",0,1,1
chr16,69132500,69132990,2,"2,3",0,1,1
chr16,69329956,69330650,2,"2,3",0,1,1
chr16,69339616,69340106,2,"2,3",0,1,1
chr16,69754560,69754813,2,"2,3",0,1,1
chr16,69754813,69754953,3,"1,2,3",1,1,1
chr16,69754953,69755226,2,"2,3",0,1,1
chr16,70251481,70251971,2,"2,3",0,1,1
chr16,70523740,70524210,2,"2,3",0,1,1
chr16,71461812,71462302,2,"2,3",0,1,1
chr16,72008662,72009087,2,"2,3",0,1,1
chr16,74666531,74667170,2,"2,3",0,1,1
chr16,75234007,75234147,2,"1,3",1,0,1
chr16,75647349,75647773,2,"2,3",0,1,1
chr16,81095872,81096400,2,"2,3",0,1,1
chr16,84594118,84594820,2,"2,3",0,1,1
chr16,84700033,84700523,2,"2,3",0,1,1
chr16,85572036,85572077,2,"2,3",0,1,1
chr16,88650666,88650767,2,"2,3",0,1,1
chr16,88650881,88651156,2,"2,3",0,1,1
chr16,88700719,88701209,2,"2,3",0,1,1
chr16,88706288,88706439,2,"2,3",0,1,1
chr16,88706439,88706579,3,"1,2,3",1,1,1
chr16,88706579,88706753,2,"2,3",0,1,1
chr16,88811624,88812314,2,"2,3",0,1,1
chr16,88978563,88978969,2,"2,3",0,1,1
chr16,89097069,89097728,2,"2,3",0,1,1
chr16,89560635,89561125,2,"2,3",0,1,1
chr16,89686592,89686711,2,"2,3",0,1,1
chr16,89686711,89686851,3,"1,2,3",1,1,1
chr16,89686851,89687572,2,"2,3",0,1,1
chr16,89720966,89721456,2,"2,3",0,1,1
chr16,89917754,89918244,2,"2,3",0,1,1
chr17,751524,752014,2,"2,3",0,1,1
chr17,782128,782618,2,"2,3",0,1,1
chr17,1684518,1685008,2,"2,3",0,1,1
chr17,2058556,2058795,2,"2,3",0,1,1
chr17,2223003,2223493,2,"2,3",0,1,1
chr17,2336382,2336522,2,"1,3",1,0,1
chr17,2393400,2393890,2,"2,3",0,1,1
chr17,3796364,3797095,2,"2,3",0,1,1
chr17,4365168,4365576,2,"2,3",0,1,1
chr17,4555049,4555639,2,"2,3",0,1,1
chr17,4703727,4704416,2,"2,3",0,1,1
chr17,4987152,4988066,2,"2,3",0,1,1
chr17,5419827,5420451,2,"2,3",0,1,1
chr17,5438774,5439014,2,"2,3",0,1,1
chr17,5439014,5439154,3,"1,2,3",1,1,1
chr17,5439154,5439256,2,"2,3",0,1,1
chr17,5468719,5469209,2,"2,3",0,1,1
chr17,7572358,7572484,2,"2,3",0,1,1
chr17,7572484,7572624,3,"1,2,3",1,1,1
chr17,7572624,7572819,2,"2,3",0,1,1
chr17,7573450,7573940,2,"2,3",0,1,1
chr17,7583474,7584174,2,"2,3",0,1,1
chr17,7687383,7687724,2,"2,3",0,1,1
chr17,7844096,7844236,2,"1,3",1,0,1
chr17,8223203,8223678,2,"2,3",0,1,1
chr17,8249148,8249239,2,"2,3",0,1,1
chr17,8249239,8249379,3,"1,2,3",1,1,1
chr17,8249379,8249503,2,"2,3",0,1,1
chr17,10697263,10697753,2,"2,3",0,1,1
chr17,14069413,14069903,2,"2,3",0,1,1
chr17,15999424,15999914,2,"2,3",0,1,1
chr17,16215566,16216017,2,"2,3",0,1,1
chr17,16216998,16217388,2,"2,3",0,1,1
chr17,17206299,17206348,2,"2,3",0,1,1
chr17,17206348,17206488,3,"1,2,3",1,1,1
chr17,17206488,17206752,2,"2,3",0,1,1
chr17,17305483,17305829,2,"2,3",0,1,1
chr17,17591439,17591628,2,"2,3",0,1,1
chr17,17591628,17591768,3,"1,2,3",1,1,1
chr17,17591768,17592140,2,"2,3",0,1,1
chr17,28719931,28720104,2,"2,3",0,1,1
chr17,28720104,28720244,3,"1,2,3",1,1,1
chr17,28720244,28720304,2,"2,3",0,1,1
chr17,28726020,28726243,2,"2,3",0,1,1
chr17,28737954,28738360,2,"2,3",0,1,1
chr17,29572905,29573045,2,"1,3",1,0,1
chr17,29760977,29761467,2,"2,3",0,1,1
chr17,30291087,30291577,2,"2,3",0,1,1
chr17,30971037,30971527,2,"2,3",0,1,1
chr17,35119413,35119903,2,"2,3",0,1,1
chr17,35142047,35142226,2,"2,3",0,1,1
chr17,35142226,35142366,3,"1,2,3",1,1,1
chr17,35142366,35142507,2,"2,3",0,1,1
chr17,36534832,36534940,2,"2,3",0,1,1
chr17,36534940,36535080,3,"1,2,3",1,1,1
chr17,36535080,36535322,2,"2,3",0,1,1
chr17,36948953,36949570,2,"2,3",0,1,1
chr17,37406504,37406909,2,"2,3",0,1,1
chr17,38675007,38675244,2,"2,3",0,1,1
chr17,38853411,38853901,2,"2,3",0,1,1
chr17,39200385,39200760,2,"2,3",0,1,1
chr17,39753835,39754526,2,"2,3",0,1,1
chr17,39864086,39864413,2,"2,3",0,1,1
chr17,40098988,40099078,2,"2,3",0,1,1
chr17,40099078,40099218,3,"1,2,3",1,1,1
chr17,40099218,40099529,2,"2,3",0,1,1
chr17,40100609,40100868,2,"2,3",0,1,1
chr17,40140151,40140641,2,"2,3",0,1,1
chr17,42181129,42181596,2,"2,3",0,1,1
chr17,42679730,42680042,2,"2,3",0,1,1
chr17,42833038,42833727,2,"2,3",0,1,1
chr17,42964156,42964646,2,"2,3",0,1,1
chr17,42998319,42998809,2,"2,3",0,1,1
chr17,44070509,44070616,2,"2,3",0,1,1
chr17,44070616,44070756,3,"1,2,3",1,1,1
chr17,44070756,44070911,2,"2,3",0,1,1
chr17,44210320,44210810,2,"2,3",0,1,1
chr17,44324747,44325237,2,"2,3",0,1,1
chr17,44899209,44899899,2,"2,3",0,1,1
chr17,45226044,45226457,2,"2,3",0,1,1
chr17,46922768,46923258,2,"2,3",0,1,1
chr17,47649206,47649385,2,"2,3",0,1,1
chr17,47649594,47650081,2,"2,3",0,1,1
chr17,47650193,47650298,2,"2,3",0,1,1
chr17,47650534,47650712,2,"2,3",0,1,1
chr17,47650712,47650842,3,"1,2,3",1,1,1
chr17,47896015,47896155,2,"1,3",1,0,1
chr17,47941235,47941809,2,"2,3",0,1,1
chr17,47971100,47971416,2,"2,3",0,1,1
chr17,48047666,48048727,2,"2,3",0,1,1
chr17,48892601,48892964,2,"2,3",0,1,1
chr17,49707801,49708291,2,"2,3",0,1,1
chr17,50372859,50373512,2,"2,3",0,1,1
chr17,50397266,50397756,2,"2,3",0,1,1
chr17,50478661,50479151,2,"2,3",0,1,1
chr17,51153469,51153484,2,"2,3",0,1,1
chr17,51153484,51153624,3,"1,2,3",1,1,1
chr17,51153624,51153781,2,"2,3",0,1,1
chr17,51153781,51153921,3,"1,2,3",1,1,1
chr17,51153921,51154060,2,"2,3",0,1,1
chr17,51166523,51166668,2,"2,3",0,1,1
chr17,51166668,51166808,3,"1,2,3",1,1,1
chr17,51166808,51166971,2,"2,3",0,1,1
chr17,51260493,51260983,2,"2,3",0,1,1
chr17,56913402,56913892,2,"2,3",0,1,1
chr17,59619531,59619766,2,"2,3",0,1,1
chr17,59619766,59619906,3,"1,2,3",1,1,1
chr17,59619906,59620021,2,"2,3",0,1,1
chr17,63773764,63773786,2,"1,3",1,0,1
chr17,63773786,63773904,3,"1,2,3",1,1,1
chr17,63773904,63773958,2,"2,3",0,1,1
chr17,64505423,64505681,2,"2,3",0,1,1
chr17,64506529,64507263,2,"2,3",0,1,1
chr17,65055652,65056063,2,"2,3",0,1,1
chr17,67717777,67718267,2,"2,3",0,1,1
chr17,69327222,69327712,2,"2,3",0,1,1
chr17,74463176,74463666,2,"2,3",0,1,1
chr17,74776171,74776661,2,"2,3",0,1,1
chr17,74960725,74961065,2,"2,3",0,1,1
chr17,75205347,75205837,2,"2,3",0,1,1
chr17,75261601,75262091,2,"2,3",0,1,1
chr17,75896575,75897065,2,"2,3",0,1,1
chr17,76557602,76557904,2,"2,3",0,1,1
chr17,76726708,76727438,2,"2,3",0,1,1
chr17,77088479,77088618,2,"2,3",0,1,1
chr17,77088618,77088758,3,"1,2,3",1,1,1
chr17,77088758,77088969,2,"2,3",0,1,1
chr17,77445405,77445483,2,"2,3",0,1,1
chr17,77445483,77445623,3,"1,2,3",1,1,1
chr17,77445623,77445743,2,"2,3",0,1,1
chr17,77451218,77451682,2,"2,3",0,1,1
chr17,78124125,78124311,2,"2,3",0,1,1
chr17,78124671,78124995,2,"2,3",0,1,1
chr17,78134119,78134540,2,"2,3",0,1,1
chr17,78317195,78317685,2,"2,3",0,1,1
chr17,78474882,78475166,2,"2,3",0,1,1
chr17,78840249,78840296,2,"2,3",0,1,1
chr17,78840574,78841064,2,"2,3",0,1,1
chr17,78841333,78841581,2,"2,3",0,1,1
chr17,79733134,79733531,2,"2,3",0,1,1
chr17,80263365,80263562,2,"2,3",0,1,1
chr17,80544784,80545274,2,"2,3",0,1,1
chr17,81239202,81239672,2,"2,3",0,1,1
chr17,81245063,81245487,2,"2,3",0,1,1
chr17,81665638,81665804,2,"2,3",0,1,1
chr17,81665804,81665944,3,"1,2,3",1,1,1
chr17,81665944,81666274,2,"2,3",0,1,1
chr17,81666428,81666918,2,"2,3",0,1,1
chr17,81703320,81703460,2,"1,3",1,0,1
chr17,81871413,81871415,2,"1,3",1,0,1
chr17,81871415,81871553,3,"1,2,3",1,1,1
chr17,81871553,81872108,2,"2,3",0,1,1
chr17,81967558,81968048,2,"2,3",0,1,1
chr17,81976838,81977237,2,"2,3",0,1,1
chr17,81977496,81977636,2,"1,3",1,0,1
chr17,82098709,82099290,2,"2,3",0,1,1
chr17,82449333,82449823,2,"2,3",0,1,1
chr18,158410,158900,2,"2,3",0,1,1
chr18,267813,268530,2,"2,3",0,1,1
chr18,11980546,11981235,2,"2,3",0,1,1
chr18,12407797,12408287,2,"2,3",0,1,1
chr18,12948235,12948386,2,"2,3",0,1,1
chr18,12948386,12948526,3,"1,2,3",1,1,1
chr18,12948526,12948646,2,"2,3",0,1,1
chr18,12991233,12991723,2,"2,3",0,1,1
chr18,13726281,13726973,2,"2,3",0,1,1
chr18,21612204,21612276,2,"1,3",1,0,1
chr18,21612276,21612344,3,"1,2,3",1,1,1
chr18,21612344,21612766,2,"2,3",0,1,1
chr18,26226436,26226926,2,"2,3",0,1,1
chr18,31943317,31943807,2,"2,3",0,1,1
chr18,32091800,32092290,2,"2,3",0,1,1
chr18,32092651,32093117,2,"2,3",0,1,1
chr18,49492175,49492579,2,"2,3",0,1,1
chr18,50281349,50281839,2,"2,3",0,1,1
chr18,57630150,57630640,2,"2,3",0,1,1
chr18,79068695,79069185,2,"2,3",0,1,1
chr18,80034459,80034789,2,"2,3",0,1,1
chr19,925014,925579,2,"2,3",0,1,1
chr19,947690,948180,2,"2,3",0,1,1
chr19,1021010,1021412,2,"2,3",0,1,1
chr19,1095234,1095380,2,"2,3",0,1,1
chr19,1095380,1095520,3,"1,2,3",1,1,1
chr19,1095520,1095672,2,"2,3",0,1,1
chr19,1275423,1275913,2,"2,3",0,1,1
chr19,1383484,1383974,2,"2,3",0,1,1
chr19,1407063,1407681,2,"2,3",0,1,1
chr19,1438230,1438720,2,"2,3",0,1,1
chr19,1848361,1848851,2,"2,3",0,1,1
chr19,1855620,1855693,2,"2,3",0,1,1
chr19,1856962,1857452,2,"2,3",0,1,1
chr19,1864053,1864205,2,"2,3",0,1,1
chr19,1864205,1864345,3,"1,2,3",1,1,1
chr19,1864345,1864543,2,"2,3",0,1,1
chr19,2474781,2474999,2,"2,3",0,1,1
chr19,2475184,2475517,2,"2,3",0,1,1
chr19,2783313,2783687,2,"2,3",0,1,1
chr19,2944962,2945452,2,"2,3",0,1,1
chr19,3185843,3185893,2,"1,3",1,0,1
chr19,3360419,3360909,2,"2,3",0,1,1
chr19,3367108,3367398,2,"2,3",0,1,1
chr19,3557030,3557520,2,"2,3",0,1,1
chr19,3626711,3627201,2,"2,3",0,1,1
chr19,4246866,4247006,2,"1,3",1,0,1
chr19,4369662,4370152,2,"2,3",0,1,1
chr19,5690195,5690589,2,"2,3",0,1,1
chr19,5720008,5720125,2,"2,3",0,1,1
chr19,5720125,5720265,3,"1,2,3",1,1,1
chr19,5720265,5720447,2,"2,3",0,1,1
chr19,5790638,5791338,2,"2,3",0,1,1
chr19,6361467,6361957,2,"2,3",0,1,1
chr19,7535498,7535988,2,"2,3",0,1,1
chr19,7903408,7903898,2,"2,3",0,1,1
chr19,8307825,8308401,2,"2,3",0,1,1
chr19,8505910,8506400,2,"2,3",0,1,1
chr19,9140273,9140763,2,"2,3",0,1,1
chr19,9621157,9621647,2,"2,3",0,1,1
chr19,10095962,10096661,2,"2,3",0,1,1
chr19,10106251,10106335,2,"2,3",0,1,1
chr19,10106335,10106475,3,"1,2,3",1,1,1
chr19,10106475,10106668,2,"2,3",0,1,1
chr19,10252117,10252168,2,"2,3",0,1,1
chr19,10252168,10252308,3,"1,2,3",1,1,1
chr19,10252308,10252559,2,"2,3",0,1,1
chr19,10502742,10503155,2,"2,3",0,1,1
chr19,10653914,10654404,2,"2,3",0,1,1
chr19,10701280,10701770,2,"2,3",0,1,1
chr19,10836489,10836705,2,"2,3",0,1,1
chr19,10960531,10961021,2,"2,3",0,1,1
chr19,11374518,11375312,2,"2,3",0,1,1
chr19,11375488,11375718,2,"2,3",0,1,1
chr19,11482384,11482874,2,"2,3",0,1,1
chr19,12696215,12696805,2,"2,3",0,1,1
chr19,12782188,12782572,2,"2,3",0,1,1
chr19,12793874,12794198,2,"2,3",0,1,1
chr19,12891073,12891478,2,"2,3",0,1,1
chr19,12956967,12957399,2,"2,3",0,1,1
chr19,14529391,14529931,2,"2,3",0,1,1
chr19,15125358,15125848,2,"2,3",0,1,1
chr19,16117728,16118040,2,"2,3",0,1,1
chr19,16587342,16587739,2,"2,3",0,1,1
chr19,16588434,16588794,2,"2,3",0,1,1
chr19,16660866,16661171,2,"2,3",0,1,1
chr19,17235460,17236110,2,"2,3",0,1,1
chr19,17337313,17337654,2,"2,3",0,1,1
chr19,17523426,17523620,2,"2,3",0,1,1
chr19,17555738,17556228,2,"2,3",0,1,1
chr19,17859850,17860212,2,"2,3",0,1,1
chr19,17932517,17932635,2,"2,3",0,1,1
chr19,17932635,17932775,3,"1,2,3",1,1,1
chr19,17932775,17932816,2,"2,3",0,1,1
chr19,17932886,17933007,2,"2,3",0,1,1
chr19,18173380,18173870,2,"2,3",0,1,1
chr19,18433089,18433613,2,"2,3",0,1,1
chr19,18571492,18571982,2,"2,3",0,1,1
chr19,18589366,18589736,2,"2,3",0,1,1
chr19,21020658,21021148,2,"2,3",0,1,1
chr19,27793661,27794145,2,"2,3",0,1,1
chr19,29671654,29672082,2,"2,3",0,1,1
chr19,32345456,32345946,2,"2,3",0,1,1
chr19,32405407,32405897,2,"2,3",0,1,1
chr19,32581252,32581548,2,"2,3",0,1,1
chr19,33373631,33374121,2,"2,3",0,1,1
chr19,34359234,34359724,2,"2,3",0,1,1
chr19,34404381,34404871,2,"2,3",0,1,1
chr19,34428255,34428983,2,"2,3",0,1,1
chr19,35346635,35346742,2,"2,3",0,1,1
chr19,35346742,35346882,3,"1,2,3",1,1,1
chr19,35346882,35347014,2,"2,3",0,1,1
chr19,35545577,35546271,2,"2,3",0,1,1
chr19,35711320,35711633,2,"2,3",0,1,1
chr19,35903623,35904093,2,"2,3",0,1,1
chr19,36054250,36054740,2,"2,3",0,1,1
chr19,36114773,36114877,2,"2,3",0,1,1
chr19,36114877,36115017,3,"1,2,3",1,1,1
chr19,36115017,36115387,2,"2,3",0,1,1
chr19,36214259,36214662,2,"2,3",0,1,1
chr19,36214944,36215390,2,"2,3",0,1,1
chr19,36572904,36573394,2,"2,3",0,1,1
chr19,37218024,37218514,2,"2,3",0,1,1
chr19,38618829,38619300,2,"2,3",0,1,1
chr19,39390734,39391224,2,"2,3",0,1,1
chr19,39402320,39402807,2,"2,3",0,1,1
chr19,39435807,39436196,2,"2,3",0,1,1
chr19,39480726,39481216,2,"2,3",0,1,1
chr19,39704678,39705072,2,"2,3",0,1,1
chr19,39970696,39971186,2,"2,3",0,1,1
chr19,39996533,39997023,2,"2,3",0,1,1
chr19,40662812,40663290,2,"2,3",0,1,1
chr19,41264083,41264578,2,"2,3",0,1,1
chr19,41351389,41351838,2,"2,3",0,1,1
chr19,41397115,41397290,2,"2,3",0,1,1
chr19,41397290,41397430,3,"1,2,3",1,1,1
chr19,41397430,41397605,2,"2,3",0,1,1
chr19,41859476,41859957,2,"2,3",0,1,1
chr19,41860079,41860349,2,"2,3",0,1,1
chr19,41860349,41860489,3,"1,2,3",1,1,1
chr19,41860489,41860523,2,"2,3",0,1,1
chr19,41883862,41884506,2,"2,3",0,1,1
chr19,42075537,42076210,2,"2,3",0,1,1
chr19,43596191,43596681,2,"2,3",0,1,1
chr19,45079056,45079137,2,"2,3",0,1,1
chr19,45079137,45079277,3,"1,2,3",1,1,1
chr19,45079277,45079424,2,"2,3",0,1,1
chr19,45079596,45079671,2,"2,3",0,1,1
chr19,45126088,45126384,2,"2,3",0,1,1
chr19,45137302,45137806,2,"2,3",0,1,1
chr19,45178029,45178519,2,"2,3",0,1,1
chr19,45469351,45469841,2,"2,3",0,1,1
chr19,45669172,45669599,2,"2,3",0,1,1
chr19,45862708,45863198,2,"2,3",0,1,1
chr19,46350696,46350924,2,"2,3",0,1,1
chr19,46788515,46788655,2,"1,3",1,0,1
chr19,48619116,48619408,2,"2,3",0,1,1
chr19,48619408,48619548,3,"1,2,3",1,1,1
chr19,48619548,48619606,2,"2,3",0,1,1
chr19,49085311,49085801,2,"2,3",0,1,1
chr19,49495873,49496329,2,"2,3",0,1,1
chr19,49677269,49677343,2,"2,3",0,1,1
chr19,49890078,49890421,2,"2,3",0,1,1
chr19,49929490,49929980,2,"2,3",0,1,1
chr19,50510981,50511471,2,"2,3",0,1,1
chr19,50804496,50804986,2,"2,3",0,1,1
chr19,54190133,54190623,2,"2,3",0,1,1
chr19,54449010,54449500,2,"2,3",0,1,1
chr19,54463515,54463629,2,"2,3",0,1,1
chr19,55599774,55600264,2,"2,3",0,1,1
chr19,55655148,55655155,2,"2,3",0,1,1
chr19,55655242,55655638,2,"2,3",0,1,1
chr19,56120373,56120863,2,"2,3",0,1,1
chr19,57279736,57280167,2,"2,3",0,1,1
chr19,57280349,57280836,2,"2,3",0,1,1
chr19,57814559,57815289,2,"2,3",0,1,1
chr19,57819514,57820142,2,"2,3",0,1,1
chr19,58362192,58362682,2,"2,3",0,1,1
chr19,58380704,58380765,2,"1,3",1,0,1
chr19,58380765,58380844,3,"1,2,3",1,1,1
chr19,58380844,58381255,2,"2,3",0,1,1
chr19,58513898,58514388,2,"2,3",0,1,1
chr19,58559479,58559816,2,"2,3",0,1,1
chr2,264844,265264,2,"2,3",0,1,1
chr2,676370,677060,2,"2,3",0,1,1
chr2,3575223,3575945,2,"2,3",0,1,1
chr2,3651636,3652126,2,"2,3",0,1,1
chr2,9422819,9423309,2,"2,3",0,1,1
chr2,10120476,10120917,2,"2,3",0,1,1
chr2,10303189,10303381,2,"2,3",0,1,1
chr2,10447801,10447954,2,"2,3",0,1,1
chr2,10447954,10448094,3,"1,2,3",1,1,1
chr2,10448094,10448291,2,"2,3",0,1,1
chr2,10448598,10448708,2,"2,3",0,1,1
chr2,10448708,10448848,3,"1,2,3",1,1,1
chr2,10448848,10448882,2,"2,3",0,1,1
chr2,15591488,15592177,2,"2,3",0,1,1
chr2,24123138,24123872,2,"2,3",0,1,1
chr2,26244557,26245047,2,"2,3",0,1,1
chr2,27049900,27050259,2,"2,3",0,1,1
chr2,27217286,27217776,2,"2,3",0,1,1
chr2,27322707,27323197,2,"2,3",0,1,1
chr2,27356423,27357192,2,"2,3",0,1,1
chr2,27370158,27370932,2,"2,3",0,1,1
chr2,27371061,27371551,2,"2,3",0,1,1
chr2,27890272,27890762,2,"2,3",0,1,1
chr2,28894461,28894604,2,"2,3",0,1,1
chr2,28894604,28894744,3,"1,2,3",1,1,1
chr2,28894744,28894951,2,"2,3",0,1,1
chr2,32010791,32011281,2,"2,3",0,1,1
chr2,32356664,32357154,2,"2,3",0,1,1
chr2,37231220,37231741,2,"2,3",0,1,1
chr2,38750923,38751413,2,"2,3",0,1,1
chr2,39778835,39779325,2,"2,3",0,1,1
chr2,43227128,43227263,3,"1,2,3",1,1,1
chr2,43227263,43227498,2,"2,3",0,1,1
chr2,44361555,44362248,2,"2,3",0,1,1
chr2,46542192,46542682,2,"2,3",0,1,1
chr2,46915795,46916436,2,"2,3",0,1,1
chr2,47402893,47403610,2,"2,3",0,1,1
chr2,47521167,47521657,2,"2,3",0,1,1
chr2,48315318,48315786,2,"2,3",0,1,1
chr2,55232292,55232543,2,"2,3",0,1,1
chr2,55232543,55232683,3,"1,2,3",1,1,1
chr2,55232683,55232782,2,"2,3",0,1,1
chr2,61854640,61855110,2,"2,3",0,1,1
chr2,61888266,61888955,2,"2,3",0,1,1
chr2,63588521,63589011,2,"2,3",0,1,1
chr2,68157732,68157850,2,"2,3",0,1,1
chr2,68157850,68157990,3,"1,2,3",1,1,1
chr2,68157990,68158222,2,"2,3",0,1,1
chr2,68362040,68362132,2,"2,3",0,1,1
chr2,68362132,68362272,3,"1,2,3",1,1,1
chr2,68362272,68362478,2,"2,3",0,1,1
chr2,69387279,69387641,2,"2,3",0,1,1
chr2,70086727,70087178,2,"2,3",0,1,1
chr2,70087287,70087418,2,"2,3",0,1,1
chr2,70293295,70293785,2,"2,3",0,1,1
chr2,71068180,71068670,2,"2,3",0,1,1
chr2,73214062,73214754,2,"2,3",0,1,1
chr2,73234186,73234676,2,"2,3",0,1,1
chr2,73984656,73984933,2,"2,3",0,1,1
chr2,74198395,74198524,2,"2,3",0,1,1
chr2,74198524,74198664,3,"1,2,3",1,1,1
chr2,74198664,74198885,2,"2,3",0,1,1
chr2,74391714,74392291,2,"2,3",0,1,1
chr2,74482313,74483002,2,"2,3",0,1,1
chr2,74834749,74835398,2,"2,3",0,1,1
chr2,74958415,74959123,2,"2,3",0,1,1
chr2,75710576,75711066,2,"2,3",0,1,1
chr2,85539604,85539748,2,"2,3",0,1,1
chr2,85539748,85539888,3,"1,2,3",1,1,1
chr2,85539888,85540011,2,"2,3",0,1,1
chr2,86440640,86441069,2,"2,3",0,1,1
chr2,88627124,88627614,2,"2,3",0,1,1
chr2,88691633,88692123,2,"2,3",0,1,1
chr2,95165278,95165768,2,"2,3",0,1,1
chr2,96145128,96145157,2,"2,3",0,1,1
chr2,96145157,96145297,3,"1,2,3",1,1,1
chr2,96145297,96145456,2,"2,3",0,1,1
chr2,96208571,96209061,2,"2,3",0,1,1
chr2,96325063,96325460,2,"2,3",0,1,1
chr2,96638182,96638672,2,"2,3",0,1,1
chr2,96857625,96858315,2,"2,3",0,1,1
chr2,99336282,99336726,2,"2,3",0,1,1
chr2,99337087,99337562,2,"2,3",0,1,1
chr2,100562875,100563365,2,"2,3",0,1,1
chr2,108719263,108719330,2,"2,3",0,1,1
chr2,108719330,108719470,3,"1,2,3",1,1,1
chr2,108719470,108719623,2,"2,3",0,1,1
chr2,111120939,111121034,2,"2,3",0,1,1
chr2,111883641,111884666,2,"2,3",0,1,1
chr2,112275233,112275944,2,"2,3",0,1,1
chr2,112542383,112542873,2,"2,3",0,1,1
chr2,113627128,113627268,2,"1,3",1,0,1
chr2,117814674,117815164,2,"2,3",0,1,1
chr2,120222916,120223307,2,"2,3",0,1,1
chr2,121736635,121737125,2,"2,3",0,1,1
chr2,121755381,121755523,2,"2,3",0,1,1
chr2,121755523,121755663,3,"1,2,3",1,1,1
chr2,121755663,121755871,2,"2,3",0,1,1
chr2,127701527,127702240,2,"2,3",0,1,1
chr2,130342723,130343213,2,"2,3",0,1,1
chr2,135531006,135532133,2,"2,3",0,1,1
chr2,135984912,135985678,2,"2,3",0,1,1
chr2,151828148,151828638,2,"2,3",0,1,1
chr2,161308327,161308817,2,"2,3",0,1,1
chr2,168455868,168456532,2,"2,3",0,1,1
chr2,169798852,169799488,2,"2,3",0,1,1
chr2,169824667,169825099,2,"2,3",0,1,1
chr2,170929056,170929546,2,"2,3",0,1,1
chr2,171433774,171434092,2,"2,3",0,1,1
chr2,171999834,171999918,2,"2,3",0,1,1
chr2,171999918,172000058,3,"1,2,3",1,1,1
chr2,172000058,172000296,2,"2,3",0,1,1
chr2,172556386,172556726,2,"2,3",0,1,1
chr2,173355008,173355702,2,"2,3",0,1,1
chr2,174248192,174248682,2,"2,3",0,1,1
chr2,177212909,177213399,2,"2,3",0,1,1
chr2,177263454,177263932,2,"2,3",0,1,1
chr2,177264922,177265583,2,"2,3",0,1,1
chr2,182716075,182716565,2,"2,3",0,1,1
chr2,183124585,183125045,2,"2,3",0,1,1
chr2,186486260,186486750,2,"2,3",0,1,1
chr2,189441312,189441802,2,"2,3",0,1,1
chr2,189784309,189784799,2,"2,3",0,1,1
chr2,190534645,190535135,2,"2,3",0,1,1
chr2,191678604,191678635,2,"2,3",0,1,1
chr2,197499692,197499856,2,"2,3",0,1,1
chr2,197499856,197499996,3,"1,2,3",1,1,1
chr2,197499996,197500182,2,"2,3",0,1,1
chr2,197515618,197516321,2,"2,3",0,1,1
chr2,197705263,197706009,2,"2,3",0,1,1
chr2,200864166,200864890,2,"2,3",0,1,1
chr2,200963271,200963761,2,"2,3",0,1,1
chr2,202265723,202265737,2,"1,3",1,0,1
chr2,202265737,202265863,3,"1,2,3",1,1,1
chr2,202265863,202266208,2,"2,3",0,1,1
chr2,202911378,202911835,2,"2,3",0,1,1
chr2,206085588,206086301,2,"2,3",0,1,1
chr2,206159855,206160093,2,"2,3",0,1,1
chr2,206160093,206160233,3,"1,2,3",1,1,1
chr2,206160233,206160404,2,"2,3",0,1,1
chr2,215311865,215312010,2,"2,3",0,1,1
chr2,215312010,215312150,3,"1,2,3",1,1,1
chr2,215312150,215312355,2,"2,3",0,1,1
chr2,216498774,216499279,2,"2,3",0,1,1
chr2,218658937,218659427,2,"2,3",0,1,1
chr2,218659724,218659864,2,"1,3",1,0,1
chr2,219176846,219177317,2,"2,3",0,1,1
chr2,219218608,219219098,2,"2,3",0,1,1
chr2,219253206,219253259,2,"2,3",0,1,1
chr2,219253604,219253696,2,"2,3",0,1,1
chr2,219294961,219295101,2,"1,3",1,0,1
chr2,226835609,226836099,2,"2,3",0,1,1
chr2,230987081,230987246,2,"2,3",0,1,1
chr2,231056460,231057141,2,"2,3",0,1,1
chr2,231463716,231463744,2,"2,3",0,1,1
chr2,231463744,231463884,3,"1,2,3",1,1,1
chr2,231463884,231463984,2,"2,3",0,1,1
chr2,231464079,231464206,2,"2,3",0,1,1
chr2,231707114,231707275,2,"2,3",0,1,1
chr2,231707915,231707999,2,"2,3",0,1,1
chr2,231710229,231710557,2,"2,3",0,1,1
chr2,231961357,231961847,2,"2,3",0,1,1
chr2,238288734,238289224,2,"2,3",0,1,1
chr2,240560159,240561195,2,"2,3",0,1,1
chr2,240565757,240566001,2,"2,3",0,1,1
chr2,241314978,241315302,2,"2,3",0,1,1
chr2,241686980,241687462,2,"2,3",0,1,1
chr2,241701460,241701612,2,"2,3",0,1,1
chr2,241701773,241701950,2,"2,3",0,1,1
chr2,241734647,241735137,2,"2,3",0,1,1
chr2,241881276,241881766,2,"2,3",0,1,1
chr20,298150,298808,2,"2,3",0,1,1
chr20,324272,324762,2,"2,3",0,1,1
chr20,1325284,1325545,2,"2,3",0,1,1
chr20,1325660,1325774,2,"2,3",0,1,1
chr20,2470425,2470915,2,"2,3",0,1,1
chr20,2652589,2653280,2,"2,3",0,1,1
chr20,3045935,3046425,2,"2,3",0,1,1
chr20,3209364,3209854,2,"2,3",0,1,1
chr20,3820175,3820665,2,"2,3",0,1,1
chr20,3888780,3889270,2,"2,3",0,1,1
chr20,5119370,5120062,2,"2,3",0,1,1
chr20,5950285,5950982,2,"2,3",0,1,1
chr20,10670705,10670949,2,"2,3",0,1,1
chr20,10671439,10671724,2,"2,3",0,1,1
chr20,13784888,13785028,2,"1,3",1,0,1
chr20,17968558,17968561,2,"2,3",0,1,1
chr20,17968561,17968701,3,"1,2,3",1,1,1
chr20,17968701,17968725,2,"2,3",0,1,1
chr20,18467039,18467529,2,"2,3",0,1,1
chr20,21303290,21303780,2,"2,3",0,1,1
chr20,23350126,23350616,2,"2,3",0,1,1
chr20,25058253,25058743,2,"2,3",0,1,1
chr20,25248029,25248519,2,"2,3",0,1,1
chr20,31514419,31514909,2,"2,3",0,1,1
chr20,31547216,31547521,2,"2,3",0,1,1
chr20,33667591,33668218,2,"2,3",0,1,1
chr20,35664257,35664747,2,"2,3",0,1,1
chr20,35954250,35954740,2,"2,3",0,1,1
chr20,37527730,37527979,2,"2,3",0,1,1
chr20,37528063,37528220,2,"2,3",0,1,1
chr20,38435121,38435201,2,"2,3",0,1,1
chr20,38435201,38435341,3,"1,2,3",1,1,1
chr20,38435341,38435547,2,"2,3",0,1,1
chr20,41028355,41028719,2,"2,3",0,1,1
chr20,43457875,43458205,2,"2,3",0,1,1
chr20,43458205,43458345,3,"1,2,3",1,1,1
chr20,43458345,43458566,2,"2,3",0,1,1
chr20,44310932,44311422,2,"2,3",0,1,1
chr20,45971750,45971891,2,"2,3",0,1,1
chr20,45971891,45972031,3,"1,2,3",1,1,1
chr20,45972031,45972240,2,"2,3",0,1,1
chr20,47501266,47502153,2,"2,3",0,1,1
chr20,48738769,48739259,2,"2,3",0,1,1
chr20,50191570,50192060,2,"2,3",0,1,1
chr20,50931635,50931974,2,"2,3",0,1,1
chr20,50958767,50959257,2,"2,3",0,1,1
chr20,56392290,56392780,2,"2,3",0,1,1
chr20,57389789,57390279,2,"2,3",0,1,1
chr20,58389006,58389736,2,"2,3",0,1,1
chr20,59032111,59032807,2,"2,3",0,1,1
chr20,59940448,59940938,2,"2,3",0,1,1
chr20,62386669,62387381,2,"2,3",0,1,1
chr20,62937625,62937822,2,"2,3",0,1,1
chr20,62937822,62937962,3,"1,2,3",1,1,1
chr20,62937962,62938115,2,"2,3",0,1,1
chr20,62953167,62953520,2,"2,3",0,1,1
chr20,63627148,63627594,2,"2,3",0,1,1
chr20,63707626,63708116,2,"2,3",0,1,1
chr20,63864887,63865377,2,"2,3",0,1,1
chr20,63980748,63980913,2,"2,3",0,1,1
chr20,63980913,63981053,3,"1,2,3",1,1,1
chr20,63981053,63981443,2,"2,3",0,1,1
chr20,64077100,64077432,2,"2,3",0,1,1
chr20,64077864,64078175,2,"2,3",0,1,1
chr21,25562108,25562598,2,"2,3",0,1,1
chr21,26170457,26170947,2,"2,3",0,1,1
chr21,28885065,28885532,2,"2,3",0,1,1
chr21,29073368,29073858,2,"2,3",0,1,1
chr21,32392663,32393149,2,"2,3",0,1,1
chr21,32612345,32612835,2,"2,3",0,1,1
chr21,32771617,32772107,2,"2,3",0,1,1
chr21,33541990,33542297,2,"2,3",0,1,1
chr21,36059944,36060434,2,"2,3",0,1,1
chr21,36069899,36070389,2,"2,3",0,1,1
chr21,37072512,37073142,2,"2,3",0,1,1
chr21,37073459,37074172,2,"2,3",0,1,1
chr21,37266915,37267675,2,"2,3",0,1,1
chr21,39313550,39313813,2,"2,3",0,1,1
chr21,39313813,39313953,3,"1,2,3",1,1,1
chr21,39313953,39314040,2,"2,3",0,1,1
chr21,41367860,41368350,2,"2,3",0,1,1
chr21,41879368,41879858,2,"2,3",0,1,1
chr21,42878726,42879076,2,"2,3",0,1,1
chr21,42879283,42879486,2,"2,3",0,1,1
chr21,42879486,42879626,3,"1,2,3",1,1,1
chr21,42879626,42879773,2,"2,3",0,1,1
chr21,42974571,42974711,2,"1,3",1,0,1
chr21,43659375,43659425,2,"2,3",0,1,1
chr21,43659425,43659565,3,"1,2,3",1,1,1
chr21,43659565,43659703,2,"2,3",0,1,1
chr21,43719182,43719672,2,"2,3",0,1,1
chr21,43728437,43729094,2,"2,3",0,1,1
chr21,43789338,43789828,2,"2,3",0,1,1
chr21,44339211,44339652,2,"2,3",0,1,1
chr21,44920171,44920807,2,"2,3",0,1,1
chr21,44940121,44940577,2,"2,3",0,1,1
chr22,17779467,17779863,2,"2,3",0,1,1
chr22,19171436,19171591,2,"2,3",0,1,1
chr22,19171591,19171731,3,"1,2,3",1,1,1
chr22,19171731,19171926,2,"2,3",0,1,1
chr22,19431624,19432097,2,"2,3",0,1,1
chr22,19854908,19855602,2,"2,3",0,1,1
chr22,20079748,20080230,2,"2,3",0,1,1
chr22,20116869,20117356,2,"2,3",0,1,1
chr22,20981887,20982377,2,"2,3",0,1,1
chr22,21001621,21002111,2,"2,3",0,1,1
chr22,21629096,21629314,2,"2,3",0,1,1
chr22,21629314,21629454,3,"1,2,3",1,1,1
chr22,21629454,21629548,2,"2,3",0,1,1
chr22,21652090,21652617,2,"2,3",0,1,1
chr22,23838787,23839277,2,"2,3",0,1,1
chr22,23894689,23895179,2,"2,3",0,1,1
chr22,24427358,24427797,2,"2,3",0,1,1
chr22,24555666,24556063,2,"2,3",0,1,1
chr22,25447697,25448187,2,"2,3",0,1,1
chr22,29553604,29554094,2,"2,3",0,1,1
chr22,30265900,30266442,2,"2,3",0,1,1
chr22,30591761,30592430,2,"2,3",0,1,1
chr22,36528829,36529112,2,"2,3",0,1,1
chr22,36529112,36529252,3,"1,2,3",1,1,1
chr22,36529252,36529319,2,"2,3",0,1,1
chr22,36862226,36862667,2,"2,3",0,1,1
chr22,37484240,37484730,2,"2,3",0,1,1
chr22,37484953,37485443,2,"2,3",0,1,1
chr22,38681836,38682326,2,"2,3",0,1,1
chr22,39399471,39399961,2,"2,3",0,1,1
chr22,39520220,39521254,2,"2,3",0,1,1
chr22,40818730,40819220,2,"2,3",0,1,1
chr22,41381064,41381458,2,"2,3",0,1,1
chr22,41620351,41620471,2,"2,3",0,1,1
chr22,41620585,41621092,2,"2,3",0,1,1
chr22,41688521,41689011,2,"2,3",0,1,1
chr22,41800213,41800703,2,"2,3",0,1,1
chr22,41936214,41936604,2,"2,3",0,1,1
chr22,42079598,42080088,2,"2,3",0,1,1
chr22,42269636,42270126,2,"2,3",0,1,1
chr22,42648641,42649131,2,"2,3",0,1,1
chr22,43143115,43143605,2,"2,3",0,1,1
chr22,45672186,45672676,2,"2,3",0,1,1
chr22,49970703,49971162,2,"2,3",0,1,1
chr22,50530166,50530516,2,"2,3",0,1,1
chr22,50620657,50621147,2,"2,3",0,1,1
chr3,3127053,3127503,2,"2,3",0,1,1
chr3,4978338,4979219,2,"2,3",0,1,1
chr3,8767622,8767956,2,"2,3",0,1,1
chr3,8769162,8769652,2,"2,3",0,1,1
chr3,9843668,9844158,2,"2,3",0,1,1
chr3,9890511,9891001,2,"2,3",0,1,1
chr3,10026423,10026843,2,"2,3",0,1,1
chr3,12484489,12484864,2,"2,3",0,1,1
chr3,12841370,12841561,2,"2,3",0,1,1
chr3,14402938,14403298,2,"2,3",0,1,1
chr3,15064857,15065184,2,"2,3",0,1,1
chr3,15065184,15065324,3,"1,2,3",1,1,1
chr3,15065324,15065347,2,"2,3",0,1,1
chr3,16264642,16265132,2,"2,3",0,1,1
chr3,23916978,23917670,2,"2,3",0,1,1
chr3,27483175,27483607,2,"2,3",0,1,1
chr3,28241493,28241983,2,"2,3",0,1,1
chr3,33113949,33114439,2,"2,3",0,1,1
chr3,33798520,33799010,2,"2,3",0,1,1
chr3,37994130,37994620,2,"2,3",0,1,1
chr3,38346552,38347042,2,"2,3",0,1,1
chr3,39384020,39384510,2,"2,3",0,1,1
chr3,39406671,39406870,2,"2,3",0,1,1
chr3,39406870,39407010,3,"1,2,3",1,1,1
chr3,39407010,39407148,2,"2,3",0,1,1
chr3,40457307,40457667,2,"2,3",0,1,1
chr3,40524516,40525006,2,"2,3",0,1,1
chr3,45593285,45593470,2,"2,3",0,1,1
chr3,45593693,45593775,2,"2,3",0,1,1
chr3,46976222,46976684,2,"2,3",0,1,1
chr3,47380403,47381236,2,"2,3",0,1,1
chr3,48241007,48241497,2,"2,3",0,1,1
chr3,48301143,48301345,2,"2,3",0,1,1
chr3,48301345,48301485,3,"1,2,3",1,1,1
chr3,48301485,48301633,2,"2,3",0,1,1
chr3,48472745,48473235,2,"2,3",0,1,1
chr3,48557019,48557509,2,"2,3",0,1,1
chr3,49021951,49022247,2,"2,3",0,1,1
chr3,49029150,49029640,2,"2,3",0,1,1
chr3,49940026,49940719,2,"2,3",0,1,1
chr3,50291946,50292263,2,"2,3",0,1,1
chr3,50292427,50292782,2,"2,3",0,1,1
chr3,50298875,50299584,2,"2,3",0,1,1
chr3,50340750,50340876,2,"2,3",0,1,1
chr3,51982557,51983047,2,"2,3",0,1,1
chr3,51983211,51983609,2,"2,3",0,1,1
chr3,51995772,51996154,2,"2,3",0,1,1
chr3,52278067,52278462,2,"2,3",0,1,1
chr3,52536641,52536803,2,"2,3",0,1,1
chr3,52685816,52686306,2,"2,3",0,1,1
chr3,57555763,57556253,2,"2,3",0,1,1
chr3,57692722,57693212,2,"2,3",0,1,1
chr3,69013647,69014107,2,"2,3",0,1,1
chr3,99817451,99818079,2,"2,3",0,1,1
chr3,100334686,100335176,2,"2,3",0,1,1
chr3,101561751,101562187,2,"2,3",0,1,1
chr3,101574232,101574722,2,"2,3",0,1,1
chr3,101686321,101686528,2,"2,3",0,1,1
chr3,101686528,101686668,3,"1,2,3",1,1,1
chr3,101686668,101686811,2,"2,3",0,1,1
chr3,112561608,112562098,2,"2,3",0,1,1
chr3,113745813,113746489,2,"2,3",0,1,1
chr3,119468708,119469400,2,"2,3",0,1,1
chr3,120348899,120349720,2,"2,3",0,1,1
chr3,122384177,122384667,2,"2,3",0,1,1
chr3,123066997,123067487,2,"2,3",0,1,1
chr3,123585459,123585839,2,"2,3",0,1,1
chr3,124730351,124730356,2,"1,3",1,0,1
chr3,124730356,124730491,3,"1,2,3",1,1,1
chr3,124730491,124730846,2,"2,3",0,1,1
chr3,127591012,127591156,2,"2,3",0,1,1
chr3,127591156,127591296,3,"1,2,3",1,1,1
chr3,127591296,127591374,2,"2,3",0,1,1
chr3,127598196,127598723,2,"2,3",0,1,1
chr3,128617631,128618121,2,"2,3",0,1,1
chr3,128879228,128879718,2,"2,3",0,1,1
chr3,130893472,130894163,2,"2,3",0,1,1
chr3,131381936,131382277,2,"2,3",0,1,1
chr3,134486234,134486724,2,"2,3",0,1,1
chr3,136196481,136196971,2,"2,3",0,1,1
chr3,136862114,136862604,2,"2,3",0,1,1
chr3,138187252,138187742,2,"2,3",0,1,1
chr3,141738180,141738670,2,"2,3",0,1,1
chr3,142578451,142578941,2,"2,3",0,1,1
chr3,150603527,150603586,2,"2,3",0,1,1
chr3,150603716,150603933,2,"2,3",0,1,1
chr3,153162167,153162657,2,"2,3",0,1,1
chr3,156674106,156674596,2,"2,3",0,1,1
chr3,157160023,157160149,2,"2,3",0,1,1
chr3,157160149,157160289,3,"1,2,3",1,1,1
chr3,157160289,157160715,2,"2,3",0,1,1
chr3,157174602,157175316,2,"2,3",0,1,1
chr3,160565636,160566126,2,"2,3",0,1,1
chr3,161220963,161221147,2,"2,3",0,1,1
chr3,170869828,170870520,2,"2,3",0,1,1
chr3,179322807,179323888,2,"2,3",0,1,1
chr3,183697888,183698378,2,"2,3",0,1,1
chr3,183884667,183885157,2,"2,3",0,1,1
chr3,184134060,184134421,2,"2,3",0,1,1
chr3,184248683,184249112,2,"2,3",0,1,1
chr3,184249349,184249839,2,"2,3",0,1,1
chr3,184314646,184315338,2,"2,3",0,1,1
chr3,186784064,186784479,2,"2,3",0,1,1
chr3,186806559,186807049,2,"2,3",0,1,1
chr3,194003276,194003766,2,"2,3",0,1,1
chr3,194487720,194487868,2,"2,3",0,1,1
chr3,196081447,196082204,2,"2,3",0,1,1
chr3,196639635,196640373,2,"2,3",0,1,1
chr3,196942263,196942952,2,"2,3",0,1,1
chr3,197950109,197950599,2,"2,3",0,1,1
chr4,124617,125107,2,"2,3",0,1,1
chr4,1248107,1248753,2,"2,3",0,1,1
chr4,1870465,1870955,2,"2,3",0,1,1
chr4,2798640,2799129,2,"2,3",0,1,1
chr4,2963085,2963287,2,"2,3",0,1,1
chr4,2963287,2963427,3,"1,2,3",1,1,1
chr4,2963427,2963575,2,"2,3",0,1,1
chr4,4289807,4290497,2,"2,3",0,1,1
chr4,4541831,4542321,2,"2,3",0,1,1
chr4,6716159,6716649,2,"2,3",0,1,1
chr4,7067940,7068285,2,"2,3",0,1,1
chr4,15001977,15002467,2,"2,3",0,1,1
chr4,17577248,17577645,2,"2,3",0,1,1
chr4,39458520,39459214,2,"2,3",0,1,1
chr4,39698098,39698588,2,"2,3",0,1,1
chr4,52712702,52713110,2,"2,3",0,1,1
chr4,56435291,56435982,2,"2,3",0,1,1
chr4,56436113,56436538,2,"2,3",0,1,1
chr4,73069216,73069670,2,"2,3",0,1,1
chr4,75724179,75724669,2,"2,3",0,1,1
chr4,82373543,82374033,2,"2,3",0,1,1
chr4,82428960,82429450,2,"2,3",0,1,1
chr4,82430461,82430900,2,"2,3",0,1,1
chr4,82891145,82891604,2,"2,3",0,1,1
chr4,94207761,94208251,2,"2,3",0,1,1
chr4,98928610,98929100,2,"2,3",0,1,1
chr4,102760462,102761156,2,"2,3",0,1,1
chr4,102827382,102827872,2,"2,3",0,1,1
chr4,103076128,103076820,2,"2,3",0,1,1
chr4,106316090,106316779,2,"2,3",0,1,1
chr4,107931766,107931870,2,"2,3",0,1,1
chr4,107989787,107990272,2,"2,3",0,1,1
chr4,108620451,108620941,2,"2,3",0,1,1
chr4,108650486,108650968,2,"2,3",0,1,1
chr4,109815660,109816061,2,"2,3",0,1,1
chr4,128060733,128061223,2,"2,3",0,1,1
chr4,128287812,128288468,2,"2,3",0,1,1
chr4,139301344,139302044,2,"2,3",0,1,1
chr4,145098124,145098215,2,"2,3",0,1,1
chr4,145098215,145098355,3,"1,2,3",1,1,1
chr4,145098355,145098813,2,"2,3",0,1,1
chr4,145619032,145619522,2,"2,3",0,1,1
chr4,151099564,151099944,2,"2,3",0,1,1
chr4,163494479,163494592,2,"2,3",0,1,1
chr4,163494592,163494732,3,"1,2,3",1,1,1
chr4,163494732,163495173,2,"2,3",0,1,1
chr4,165327456,165327995,2,"2,3",0,1,1
chr4,184474624,184475060,2,"2,3",0,1,1
chr4,185203558,185204048,2,"2,3",0,1,1
chr5,1801345,1801747,2,"2,3",0,1,1
chr5,6712667,6713143,2,"2,3",0,1,1
chr5,7868826,7869159,2,"2,3",0,1,1
chr5,10250263,10250861,2,"2,3",0,1,1
chr5,34915415,34915980,2,"2,3",0,1,1
chr5,37370828,37371624,2,"2,3",0,1,1
chr5,40835015,40835704,2,"2,3",0,1,1
chr5,43017864,43018484,2,"2,3",0,1,1
chr5,43042495,43042985,2,"2,3",0,1,1
chr5,43066298,43066784,2,"2,3",0,1,1
chr5,44808920,44809410,2,"2,3",0,1,1
chr5,60945167,60945657,2,"2,3",0,1,1
chr5,62306385,62307091,2,"2,3",0,1,1
chr5,62403584,62404074,2,"2,3",0,1,1
chr5,62412639,62413129,2,"2,3",0,1,1
chr5,65925034,65925413,2,"2,3",0,1,1
chr5,69166914,69167404,2,"2,3",0,1,1
chr5,69369426,69369916,2,"2,3",0,1,1
chr5,71587168,71587858,2,"2,3",0,1,1
chr5,72308052,72308714,2,"2,3",0,1,1
chr5,73498386,73498876,2,"2,3",0,1,1
chr5,75717045,75717535,2,"2,3",0,1,1
chr5,78359956,78360446,2,"2,3",0,1,1
chr5,79237180,79237807,2,"2,3",0,1,1
chr5,82278051,82278060,2,"2,3",0,1,1
chr5,82278060,82278200,3,"1,2,3",1,1,1
chr5,82278200,82278653,2,"2,3",0,1,1
chr5,83077041,83077531,2,"2,3",0,1,1
chr5,90474156,90474906,2,"2,3",0,1,1
chr5,98773679,98774169,2,"2,3",0,1,1
chr5,112160861,112161279,2,"2,3",0,1,1
chr5,112860882,112861339,2,"2,3",0,1,1
chr5,121961871,121962361,2,"2,3",0,1,1
chr5,127517626,127518348,2,"2,3",0,1,1
chr5,128082776,128083000,2,"2,3",0,1,1
chr5,128083000,128083140,3,"1,2,3",1,1,1
chr5,128083140,128083534,2,"2,3",0,1,1
chr5,131164575,131165065,2,"2,3",0,1,1
chr5,131170975,131171306,2,"2,3",0,1,1
chr5,132556723,132557319,2,"2,3",0,1,1
chr5,132664059,132664534,2,"2,3",0,1,1
chr5,132829949,132830551,2,"2,3",0,1,1
chr5,134004086,134004576,2,"2,3",0,1,1
chr5,134632546,134633036,2,"2,3",0,1,1
chr5,134648390,134648880,2,"2,3",0,1,1
chr5,134738153,134738643,2,"2,3",0,1,1
chr5,134874027,134874752,2,"2,3",0,1,1
chr5,134904746,134905236,2,"2,3",0,1,1
chr5,137754409,137754899,2,"2,3",0,1,1
chr5,138542830,138543280,2,"2,3",0,1,1
chr5,139293525,139294264,2,"2,3",0,1,1
chr5,139389759,139390249,2,"2,3",0,1,1
chr5,140400652,140401063,2,"2,3",0,1,1
chr5,140401525,140402015,2,"2,3",0,1,1
chr5,140564589,140565079,2,"2,3",0,1,1
chr5,141618959,141619389,2,"2,3",0,1,1
chr5,146447309,146447799,2,"2,3",0,1,1
chr5,149357832,149358322,2,"2,3",0,1,1
chr5,149730507,149731379,2,"2,3",0,1,1
chr5,149731699,149731984,2,"2,3",0,1,1
chr5,150357564,150358254,2,"2,3",0,1,1
chr5,150449356,150449589,2,"2,3",0,1,1
chr5,150449589,150449729,3,"1,2,3",1,1,1
chr5,150449729,150449849,2,"2,3",0,1,1
chr5,151771602,151772291,2,"2,3",0,1,1
chr5,157271670,157272128,2,"2,3",0,1,1
chr5,159209532,159210022,2,"2,3",0,1,1
chr5,163459825,163460315,2,"2,3",0,1,1
chr5,171388490,171388492,2,"2,3",0,1,1
chr5,171388492,171388615,3,"1,2,3",1,1,1
chr5,171388615,171388632,2,"1,3",1,0,1
chr5,172983584,172984038,2,"2,3",0,1,1
chr5,175478608,175479119,2,"2,3",0,1,1
chr5,176388490,176388850,2,"2,3",0,1,1
chr5,176536532,176536814,2,"2,3",0,1,1
chr5,177311958,177312448,2,"2,3",0,1,1
chr5,177351372,177351862,2,"2,3",0,1,1
chr5,177357468,177357958,2,"2,3",0,1,1
chr5,177390387,177390773,2,"2,3",0,1,1
chr5,177431417,177431772,2,"2,3",0,1,1
chr5,177516696,177517388,2,"2,3",0,1,1
chr5,178116375,178116864,2,"2,3",0,1,1
chr5,178153585,178154041,2,"2,3",0,1,1
chr5,178204416,178204863,2,"2,3",0,1,1
chr5,179550631,179551357,2,"2,3",0,1,1
chr5,179623299,179623998,2,"2,3",0,1,1
chr5,179678669,179679159,2,"2,3",0,1,1
chr5,181243661,181243976,2,"2,3",0,1,1
chr6,291585,292635,2,"2,3",0,1,1
chr6,711081,711571,2,"2,3",0,1,1
chr6,2245107,2245597,2,"2,3",0,1,1
chr6,3258962,3259531,2,"2,3",0,1,1
chr6,5260826,5260966,2,"1,3",1,0,1
chr6,5261202,5261671,2,"2,3",0,1,1
chr6,7389378,7389868,2,"2,3",0,1,1
chr6,11094216,11094752,2,"2,3",0,1,1
chr6,13614928,13615633,2,"2,3",0,1,1
chr6,15244839,15245039,2,"2,3",0,1,1
chr6,17705935,17706000,2,"2,3",0,1,1
chr6,17706000,17706140,3,"1,2,3",1,1,1
chr6,17706140,17706425,2,"2,3",0,1,1
chr6,24494857,24495347,2,"2,3",0,1,1
chr6,24774938,24775428,2,"2,3",0,1,1
chr6,25991886,25992272,2,"2,3",0,1,1
chr6,26021553,26022012,2,"2,3",0,1,1
chr6,26045320,26045823,2,"2,3",0,1,1
chr6,26520505,26520818,2,"2,3",0,1,1
chr6,26596815,26597305,2,"2,3",0,1,1
chr6,28141610,28142100,2,"2,3",0,1,1
chr6,28923266,28923756,2,"2,3",0,1,1
chr6,30066804,30067294,2,"2,3",0,1,1
chr6,30556164,30556654,2,"2,3",0,1,1
chr6,30617138,30617457,2,"2,3",0,1,1
chr6,30647302,30647792,2,"2,3",0,1,1
chr6,30717105,30717801,2,"2,3",0,1,1
chr6,30907782,30908421,2,"2,3",0,1,1
chr6,31652649,31653139,2,"2,3",0,1,1
chr6,31795472,31796164,2,"2,3",0,1,1
chr6,31834382,31834731,2,"2,3",0,1,1
chr6,31834811,31835240,2,"2,3",0,1,1
chr6,31901949,31902439,2,"2,3",0,1,1
chr6,31971867,31972357,2,"2,3",0,1,1
chr6,32154316,32154806,2,"2,3",0,1,1
chr6,32844408,32844898,2,"2,3",0,1,1
chr6,32968438,32968665,2,"2,3",0,1,1
chr6,32968665,32968702,3,"1,2,3",1,1,1
chr6,32968788,32968805,3,"1,2,3",1,1,1
chr6,32968805,32968928,2,"2,3",0,1,1
chr6,33271919,33272404,2,"2,3",0,1,1
chr6,33288913,33289317,2,"2,3",0,1,1
chr6,33621036,33621819,2,"2,3",0,1,1
chr6,34425741,34426231,2,"2,3",0,1,1
chr6,34756945,34757698,2,"2,3",0,1,1
chr6,35468423,35468456,2,"1,3",1,0,1
chr6,35468456,35468563,3,"1,2,3",1,1,1
chr6,35468563,35468588,2,"2,3",0,1,1
chr6,35732028,35732419,2,"2,3",0,1,1
chr6,36442890,36443581,2,"2,3",0,1,1
chr6,36874435,36874905,2,"2,3",0,1,1
chr6,37433162,37433302,2,"1,3",1,0,1
chr6,42879607,42880271,2,"2,3",0,1,1
chr6,42929161,42929651,2,"2,3",0,1,1
chr6,43171164,43171552,2,"2,3",0,1,1
chr6,43427874,43428262,2,"2,3",0,1,1
chr6,43516943,43517402,2,"2,3",0,1,1
chr6,43575618,43576309,2,"2,3",0,1,1
chr6,44223561,44224050,2,"2,3",0,1,1
chr6,44247387,44247427,2,"2,3",0,1,1
chr6,44247427,44247567,3,"1,2,3",1,1,1
chr6,44247567,44247639,2,"2,3",0,1,1
chr6,72622584,72622724,2,"1,3",1,0,1
chr6,73451578,73452006,2,"2,3",0,1,1
chr6,73520531,73520580,2,"2,3",0,1,1
chr6,73520834,73521021,2,"2,3",0,1,1
chr6,73523416,73523813,2,"2,3",0,1,1
chr6,75601853,75602343,2,"2,3",0,1,1
chr6,85678987,85679477,2,"2,3",0,1,1
chr6,87589924,87590457,2,"2,3",0,1,1
chr6,89146047,89146537,2,"2,3",0,1,1
chr6,89819528,89820018,2,"2,3",0,1,1
chr6,96897535,96898025,2,"2,3",0,1,1
chr6,100880962,100881651,2,"2,3",0,1,1
chr6,107027983,107028473,2,"2,3",0,1,1
chr6,108294697,108295392,2,"2,3",0,1,1
chr6,109382056,109382611,2,"2,3",0,1,1
chr6,109382704,109382834,2,"2,3",0,1,1
chr6,110958538,110959028,2,"2,3",0,1,1
chr6,111483464,111484155,2,"2,3",0,1,1
chr6,113971216,113971666,2,"2,3",0,1,1
chr6,116461889,116462494,2,"2,3",0,1,1
chr6,116571062,116571262,2,"2,3",0,1,1
chr6,116571262,116571402,3,"1,2,3",1,1,1
chr6,116571402,116571552,2,"2,3",0,1,1
chr6,118894641,118895306,2,"2,3",0,1,1
chr6,125780731,125781221,2,"2,3",0,1,1
chr6,132814108,132814799,2,"2,3",0,1,1
chr6,136822789,136823212,2,"2,3",0,1,1
chr6,139374542,139375440,2,"2,3",0,1,1
chr6,143060883,143061273,2,"2,3",0,1,1
chr6,143450431,143450870,2,"2,3",0,1,1
chr6,143843186,143843676,2,"2,3",0,1,1
chr6,145735439,145735929,2,"2,3",0,1,1
chr6,145815037,145815527,2,"2,3",0,1,1
chr6,150866053,150866253,2,"2,3",0,1,1
chr6,150866253,150866393,3,"1,2,3",1,1,1
chr6,150866393,150866543,2,"2,3",0,1,1
chr6,151451912,151452402,2,"2,3",0,1,1
chr6,158870011,158870501,2,"2,3",0,1,1
chr6,159726733,159726927,2,"2,3",0,1,1
chr6,159726927,159727067,3,"1,2,3",1,1,1
chr6,159727067,159727223,2,"2,3",0,1,1
chr6,159789500,159789541,2,"2,3",0,1,1
chr6,169702621,169702976,2,"2,3",0,1,1
chr6,169724680,169725073,2,"2,3",0,1,1
chr6,169751520,169752010,2,"2,3",0,1,1
chr6,170584332,170584822,2,"2,3",0,1,1
chr7,726329,726517,2,"2,3",0,1,1
chr7,726517,726657,3,"1,2,3",1,1,1
chr7,726657,726819,2,"2,3",0,1,1
chr7,873388,873605,2,"2,3",0,1,1
chr7,876117,876892,2,"2,3",0,1,1
chr7,1473924,1474414,2,"2,3",0,1,1
chr7,2354560,2354821,2,"2,3",0,1,1
chr7,2354821,2354961,3,"1,2,3",1,1,1
chr7,2354961,2355050,2,"2,3",0,1,1
chr7,5555291,5555633,2,"2,3",0,1,1
chr7,6009305,6009511,2,"2,3",0,1,1
chr7,10940040,10940530,2,"2,3",0,1,1
chr7,16646147,16646260,2,"2,3",0,1,1
chr7,19708791,19709281,2,"2,3",0,1,1
chr7,21898622,21898819,2,"2,3",0,1,1
chr7,22854122,22854273,2,"2,3",0,1,1
chr7,22854273,22854413,3,"1,2,3",1,1,1
chr7,22854413,22854818,2,"2,3",0,1,1
chr7,25125151,25125842,2,"2,3",0,1,1
chr7,26200130,26200462,2,"2,3",0,1,1
chr7,26398858,26399348,2,"2,3",0,1,1
chr7,30284178,30284668,2,"2,3",0,1,1
chr7,30594660,30594731,2,"2,3",0,1,1
chr7,30594731,30594871,3,"1,2,3",1,1,1
chr7,30594871,30595150,2,"2,3",0,1,1
chr7,32489963,32490616,2,"2,3",0,1,1
chr7,42932134,42932661,2,"2,3",0,1,1
chr7,44123188,44123641,2,"2,3",0,1,1
chr7,44573657,44574147,2,"2,3",0,1,1
chr7,44606822,44607259,2,"2,3",0,1,1
chr7,44796089,44796490,2,"2,3",0,1,1
chr7,44796807,44797499,2,"2,3",0,1,1
chr7,44986343,44986466,2,"2,3",0,1,1
chr7,44986466,44986606,3,"1,2,3",1,1,1
chr7,44986606,44986680,2,"2,3",0,1,1
chr7,45111391,45112096,2,"2,3",0,1,1
chr7,55366248,55366646,2,"2,3",0,1,1
chr7,55951741,55952231,2,"2,3",0,1,1
chr7,56064103,56064593,2,"2,3",0,1,1
chr7,56106137,56106760,2,"2,3",0,1,1
chr7,65750861,65751351,2,"2,3",0,1,1
chr7,66114830,66115320,2,"2,3",0,1,1
chr7,66493460,66493950,2,"2,3",0,1,1
chr7,66920868,66921037,2,"2,3",0,1,1
chr7,66921037,66921069,3,"1,2,3",1,1,1
chr7,66921069,66921177,2,"1,3",1,0,1
chr7,74173912,74174402,2,"2,3",0,1,1
chr7,76048024,76048514,2,"2,3",0,1,1
chr7,76358283,76358499,2,"2,3",0,1,1
chr7,90346464,90346954,2,"2,3",0,1,1
chr7,92134438,92134928,2,"2,3",0,1,1
chr7,92832988,92833076,2,"2,3",0,1,1
chr7,92833076,92833216,3,"1,2,3",1,1,1
chr7,92833216,92833423,2,"2,3",0,1,1
chr7,97971773,97972263,2,"2,3",0,1,1
chr7,98202444,98202885,2,"2,3",0,1,1
chr7,99325659,99326041,2,"2,3",0,1,1
chr7,99380263,99380753,2,"2,3",0,1,1
chr7,99381132,99381334,2,"2,3",0,1,1
chr7,99408531,99409021,2,"2,3",0,1,1
chr7,99465824,99466449,2,"2,3",0,1,1
chr7,100081886,100082026,2,"1,3",1,0,1
chr7,100100470,100100501,2,"2,3",0,1,1
chr7,100100501,100100641,3,"1,2,3",1,1,1
chr7,100100641,100100849,2,"2,3",0,1,1
chr7,100428210,100428457,2,"2,3",0,1,1
chr7,100428552,100428863,2,"2,3",0,1,1
chr7,100429057,100429547,2,"2,3",0,1,1
chr7,100866979,100867469,2,"2,3",0,1,1
chr7,100889344,100889834,2,"2,3",0,1,1
chr7,101308442,101308932,2,"2,3",0,1,1
chr7,102415638,102415742,2,"2,3",0,1,1
chr7,102425764,102426187,2,"2,3",0,1,1
chr7,103149388,103149878,2,"2,3",0,1,1
chr7,103344565,103344932,2,"2,3",0,1,1
chr7,105012526,105013016,2,"2,3",0,1,1
chr7,105521419,105521882,2,"2,3",0,1,1
chr7,107891002,107891492,2,"2,3",0,1,1
chr7,121396078,121396706,2,"2,3",0,1,1
chr7,127652111,127652497,2,"2,3",0,1,1
chr7,128862831,128863321,2,"2,3",0,1,1
chr7,128933243,128933507,2,"2,3",0,1,1
chr7,131107908,131108316,2,"2,3",0,1,1
chr7,135557760,135557900,2,"1,3",1,0,1
chr7,135662117,135662607,2,"2,3",0,1,1
chr7,138001429,138001894,2,"2,3",0,1,1
chr7,139035667,139036365,2,"2,3",0,1,1
chr7,140696822,140697554,2,"2,3",0,1,1
chr7,141014565,141015055,2,"2,3",0,1,1
chr7,141738242,141738692,2,"2,3",0,1,1
chr7,149126480,149126970,2,"2,3",0,1,1
chr7,150322812,150323297,2,"2,3",0,1,1
chr7,150368307,150369007,2,"2,3",0,1,1
chr7,151087426,151088039,2,"2,3",0,1,1
chr8,6708096,6708586,2,"2,3",0,1,1
chr8,10839637,10839840,2,"2,3",0,1,1
chr8,10839840,10839980,3,"1,2,3",1,1,1
chr8,10839980,10840127,2,"2,3",0,1,1
chr8,11200956,11201713,2,"2,3",0,1,1
chr8,11802179,11802658,2,"2,3",0,1,1
chr8,17246573,17247063,2,"2,3",0,1,1
chr8,22244913,22245403,2,"2,3",0,1,1
chr8,22366890,22367367,2,"2,3",0,1,1
chr8,22694521,22694723,2,"2,3",0,1,1
chr8,22694829,22695215,2,"2,3",0,1,1
chr8,23528610,23529100,2,"2,3",0,1,1
chr8,28411827,28412496,2,"2,3",0,1,1
chr8,29529484,29529974,2,"2,3",0,1,1
chr8,31033744,31034234,2,"2,3",0,1,1
chr8,38176362,38177258,2,"2,3",0,1,1
chr8,41828281,41828971,2,"2,3",0,1,1
chr8,47959920,47960376,2,"2,3",0,1,1
chr8,47960606,47960612,2,"2,3",0,1,1
chr8,51899205,51899695,2,"2,3",0,1,1
chr8,54134992,54135171,2,"2,3",0,1,1
chr8,54135171,54135311,3,"1,2,3",1,1,1
chr8,54135311,54135482,2,"2,3",0,1,1
chr8,60516493,60516896,2,"2,3",0,1,1
chr8,66428838,66429467,2,"2,3",0,1,1
chr8,67063991,67064481,2,"2,3",0,1,1
chr8,73293525,73293908,2,"2,3",0,1,1
chr8,81280541,81281031,2,"2,3",0,1,1
chr8,85177538,85178066,2,"2,3",0,1,1
chr8,89757686,89758471,2,"2,3",0,1,1
chr8,90645097,90645323,2,"2,3",0,1,1
chr8,90645420,90646312,2,"2,3",0,1,1
chr8,96261314,96262040,2,"2,3",0,1,1
chr8,96262303,96262648,2,"2,3",0,1,1
chr8,96262736,96262793,2,"2,3",0,1,1
chr8,98045215,98045552,2,"2,3",0,1,1
chr8,100437997,100438487,2,"2,3",0,1,1
chr8,100559256,100559746,2,"2,3",0,1,1
chr8,102412425,102413153,2,"2,3",0,1,1
chr8,102528470,102528923,2,"2,3",0,1,1
chr8,102864204,102864694,2,"2,3",0,1,1
chr8,103414580,103415663,2,"2,3",0,1,1
chr8,109539998,109540289,2,"2,3",0,1,1
chr8,109540378,109540488,2,"2,3",0,1,1
chr8,116766613,116767034,2,"2,3",0,1,1
chr8,120445015,120445505,2,"2,3",0,1,1
chr8,122780135,122780497,2,"2,3",0,1,1
chr8,122780595,122780625,2,"2,3",0,1,1
chr8,124998245,124998939,2,"2,3",0,1,1
chr8,140510843,140511333,2,"2,3",0,1,1
chr8,140511919,140512359,2,"2,3",0,1,1
chr8,143281435,143281912,2,"2,3",0,1,1
chr8,143291302,143291690,2,"2,3",0,1,1
chr8,143549265,143549755,2,"2,3",0,1,1
chr8,143609091,143609461,2,"2,3",0,1,1
chr8,144078591,144079215,2,"2,3",0,1,1
chr8,144291110,144291250,2,"2,3",0,1,1
chr8,144291250,144291390,3,"1,2,3",1,1,1
chr8,144291390,144291600,2,"2,3",0,1,1
chr8,144409032,144409426,2,"2,3",0,1,1
chr8,144508449,144508939,2,"2,3",0,1,1
chr8,144522517,144522924,2,"2,3",0,1,1
chr8,144787003,144787493,2,"2,3",0,1,1
chr8,144791986,144792269,2,"2,3",0,1,1
chr8,144792269,144792409,3,"1,2,3",1,1,1
chr8,144792409,144792476,2,"2,3",0,1,1
chr8,145052306,145052783,2,"2,3",0,1,1
chr9,2157666,2158156,2,"2,3",0,1,1
chr9,3525901,3526391,2,"2,3",0,1,1
chr9,4490247,4490873,2,"2,3",0,1,1
chr9,4792806,4793502,2,"2,3",0,1,1
chr9,6413311,6413771,2,"2,3",0,1,1
chr9,6681329,6681819,2,"2,3",0,1,1
chr9,6757499,6757989,2,"2,3",0,1,1
chr9,7799385,7799875,2,"2,3",0,1,1
chr9,19379854,19380344,2,"2,3",0,1,1
chr9,21802625,21803115,2,"2,3",0,1,1
chr9,33473652,33474142,2,"2,3",0,1,1
chr9,34049111,34049601,2,"2,3",0,1,1
chr9,34637164,34637552,2,"2,3",0,1,1
chr9,35096226,35096716,2,"2,3",0,1,1
chr9,36258263,36258753,2,"2,3",0,1,1
chr9,37120012,37120085,2,"2,3",0,1,1
chr9,37120085,37120225,3,"1,2,3",1,1,1
chr9,37120225,37120395,2,"2,3",0,1,1
chr9,37422398,37422888,2,"2,3",0,1,1
chr9,37592001,37592690,2,"2,3",0,1,1
chr9,40991804,40992294,2,"2,3",0,1,1
chr9,63817877,63818367,2,"2,3",0,1,1
chr9,69035724,69036355,2,"2,3",0,1,1
chr9,70258888,70259378,2,"2,3",0,1,1
chr9,77177935,77177957,2,"2,3",0,1,1
chr9,83979528,83979611,2,"2,3",0,1,1
chr9,83979611,83979751,3,"1,2,3",1,1,1
chr9,83979751,83979817,2,"2,3",0,1,1
chr9,83979921,83980172,2,"2,3",0,1,1
chr9,86281922,86282412,2,"2,3",0,1,1
chr9,89310462,89310952,2,"2,3",0,1,1
chr9,89318109,89318318,2,"2,3",0,1,1
chr9,89318318,89318458,3,"1,2,3",1,1,1
chr9,89318458,89318798,2,"2,3",0,1,1
chr9,92293626,92294116,2,"2,3",0,1,1
chr9,92325638,92326128,2,"2,3",0,1,1
chr9,94166548,94166688,2,"1,3",1,0,1
chr9,97984736,97985173,2,"2,3",0,1,1
chr9,98118762,98119252,2,"2,3",0,1,1
chr9,99221478,99222590,2,"2,3",0,1,1
chr9,105244237,105244688,2,"2,3",0,1,1
chr9,113275257,113275747,2,"2,3",0,1,1
chr9,113410303,113410904,2,"2,3",0,1,1
chr9,114611140,114611454,2,"2,3",0,1,1
chr9,122264519,122265215,2,"2,3",0,1,1
chr9,124861611,124862101,2,"2,3",0,1,1
chr9,127451007,127451497,2,"2,3",0,1,1
chr9,127802809,127803299,2,"2,3",0,1,1
chr9,128322302,128322792,2,"2,3",0,1,1
chr9,128656563,128657181,2,"2,3",0,1,1
chr9,129626290,129626579,2,"2,3",0,1,1
chr9,130693646,130694093,2,"2,3",0,1,1
chr9,131256103,131256589,2,"2,3",0,1,1
chr9,132669669,132669919,2,"2,3",0,1,1
chr9,132669919,132670059,3,"1,2,3",1,1,1
chr9,132670059,132670159,2,"2,3",0,1,1
chr9,133149293,133149773,2,"2,3",0,1,1
chr9,133336198,133336645,2,"2,3",0,1,1
chr9,133348108,133348580,2,"2,3",0,1,1
chr9,133417825,133418315,2,"2,3",0,1,1
chr9,136363637,136363970,2,"2,3",0,1,1
chr9,136728039,136728186,2,"2,3",0,1,1
chr9,136728186,136728326,3,"1,2,3",1,1,1
chr9,136728326,136728529,2,"2,3",0,1,1
chr9,136992416,136992897,2,"2,3",0,1,1
chr9,137086373,137087005,2,"2,3",0,1,1
chr9,137200737,137201297,2,"2,3",0,1,1
chr9,137240315,137240985,2,"2,3",0,1,1
chrX,1391602,1391902,2,"2,3",0,1,1
chrX,1391990,1392092,2,"2,3",0,1,1
chrX,1392377,1392867,2,"2,3",0,1,1
chrX,9462974,9463391,2,"2,3",0,1,1
chrX,24054558,24055258,2,"2,3",0,1,1
chrX,48475874,48476536,2,"2,3",0,1,1
chrX,48574539,48574605,2,"2,3",0,1,1
chrX,48574684,48575029,2,"2,3",0,1,1
chrX,53071656,53072095,2,"2,3",0,1,1
chrX,53225016,53225298,2,"2,3",0,1,1
chrX,53225388,53225506,2,"2,3",0,1,1
chrX,54182823,54183113,2,"2,3",0,1,1
chrX,54530261,54530751,2,"2,3",0,1,1
chrX,71532709,71533199,2,"2,3",0,1,1
chrX,73851296,73851786,2,"2,3",0,1,1
chrX,73944172,73944312,2,"1,3",1,0,1
chrX,101390908,101391398,2,"2,3",0,1,1
chrX,119791237,119791928,2,"2,3",0,1,1
chrX,129905769,129906302,2,"2,3",0,1,1
chrX,154763294,154763634,2,"2,3",0,1,1
